-- MySQL dump 10.13  Distrib 5.7.37, for Linux (x86_64)
--
-- Host: 192.168.6.253    Database: jiradb
-- ------------------------------------------------------
-- Server version	5.7.37

/*!40101 SET @OLD_CHARACTER_SET_CLIENT=@@CHARACTER_SET_CLIENT */;
/*!40101 SET @OLD_CHARACTER_SET_RESULTS=@@CHARACTER_SET_RESULTS */;
/*!40101 SET @OLD_COLLATION_CONNECTION=@@COLLATION_CONNECTION */;
/*!40101 SET NAMES utf8 */;
/*!40103 SET @OLD_TIME_ZONE=@@TIME_ZONE */;
/*!40103 SET TIME_ZONE='+00:00' */;
/*!40014 SET @OLD_UNIQUE_CHECKS=@@UNIQUE_CHECKS, UNIQUE_CHECKS=0 */;
/*!40014 SET @OLD_FOREIGN_KEY_CHECKS=@@FOREIGN_KEY_CHECKS, FOREIGN_KEY_CHECKS=0 */;
/*!40101 SET @OLD_SQL_MODE=@@SQL_MODE, SQL_MODE='NO_AUTO_VALUE_ON_ZERO' */;
/*!40111 SET @OLD_SQL_NOTES=@@SQL_NOTES, SQL_NOTES=0 */;

--
-- Current Database: `jiradb`
--

CREATE DATABASE /*!32312 IF NOT EXISTS*/ `jiradb` /*!40100 DEFAULT CHARACTER SET utf8mb4 COLLATE utf8mb4_bin */;

USE `jiradb`;

--
-- Table structure for table `AO_0A5972_NOTIFICATION_SETTING`
--

DROP TABLE IF EXISTS `AO_0A5972_NOTIFICATION_SETTING`;
/*!40101 SET @saved_cs_client     = @@character_set_client */;
/*!40101 SET character_set_client = utf8 */;
CREATE TABLE `AO_0A5972_NOTIFICATION_SETTING` (
  `ID` bigint(20) NOT NULL AUTO_INCREMENT,
  `KEY` varchar(255) COLLATE utf8mb4_bin NOT NULL,
  `TYPE` varchar(255) COLLATE utf8mb4_bin NOT NULL,
  `USER_KEY` varchar(255) COLLATE utf8mb4_bin NOT NULL,
  `VALUE` varchar(255) COLLATE utf8mb4_bin NOT NULL,
  PRIMARY KEY (`ID`),
  KEY `index_ao_0a5972_not187736835` (`USER_KEY`)
) ENGINE=InnoDB DEFAULT CHARSET=utf8mb4 COLLATE=utf8mb4_bin;
/*!40101 SET character_set_client = @saved_cs_client */;

--
-- Dumping data for table `AO_0A5972_NOTIFICATION_SETTING`
--

LOCK TABLES `AO_0A5972_NOTIFICATION_SETTING` WRITE;
/*!40000 ALTER TABLE `AO_0A5972_NOTIFICATION_SETTING` DISABLE KEYS */;
/*!40000 ALTER TABLE `AO_0A5972_NOTIFICATION_SETTING` ENABLE KEYS */;
UNLOCK TABLES;

--
-- Table structure for table `AO_0A5972_PUSH_REGISTRATION`
--

DROP TABLE IF EXISTS `AO_0A5972_PUSH_REGISTRATION`;
/*!40101 SET @saved_cs_client     = @@character_set_client */;
/*!40101 SET character_set_client = utf8 */;
CREATE TABLE `AO_0A5972_PUSH_REGISTRATION` (
  `BUILD` varchar(255) COLLATE utf8mb4_bin NOT NULL,
  `ENDPOINT` varchar(450) COLLATE utf8mb4_bin DEFAULT NULL,
  `ID` varchar(255) COLLATE utf8mb4_bin NOT NULL,
  `OS` varchar(255) COLLATE utf8mb4_bin NOT NULL,
  `TOKEN` varchar(450) COLLATE utf8mb4_bin DEFAULT NULL,
  `USER_KEY` varchar(255) COLLATE utf8mb4_bin NOT NULL,
  PRIMARY KEY (`ID`),
  KEY `index_ao_0a5972_pus2127422409` (`USER_KEY`)
) ENGINE=InnoDB DEFAULT CHARSET=utf8mb4 COLLATE=utf8mb4_bin;
/*!40101 SET character_set_client = @saved_cs_client */;

--
-- Dumping data for table `AO_0A5972_PUSH_REGISTRATION`
--

LOCK TABLES `AO_0A5972_PUSH_REGISTRATION` WRITE;
/*!40000 ALTER TABLE `AO_0A5972_PUSH_REGISTRATION` DISABLE KEYS */;
/*!40000 ALTER TABLE `AO_0A5972_PUSH_REGISTRATION` ENABLE KEYS */;
UNLOCK TABLES;

--
-- Table structure for table `AO_0AC321_RECOMMENDATION_AO`
--

DROP TABLE IF EXISTS `AO_0AC321_RECOMMENDATION_AO`;
/*!40101 SET @saved_cs_client     = @@character_set_client */;
/*!40101 SET character_set_client = utf8 */;
CREATE TABLE `AO_0AC321_RECOMMENDATION_AO` (
  `CATEGORY` varchar(255) COLLATE utf8mb4_bin DEFAULT NULL,
  `CUSTOM_FIELD_ID` bigint(20) DEFAULT NULL,
  `ID` varchar(255) COLLATE utf8mb4_bin NOT NULL,
  `NAME` varchar(255) COLLATE utf8mb4_bin DEFAULT NULL,
  `PERFORMANCE_IMPACT` double DEFAULT NULL,
  `PROJECT_IDS` longtext COLLATE utf8mb4_bin,
  `RESOLVED` tinyint(1) DEFAULT NULL,
  `TYPE` varchar(255) COLLATE utf8mb4_bin DEFAULT NULL,
  PRIMARY KEY (`ID`)
) ENGINE=InnoDB DEFAULT CHARSET=utf8mb4 COLLATE=utf8mb4_bin;
/*!40101 SET character_set_client = @saved_cs_client */;

--
-- Dumping data for table `AO_0AC321_RECOMMENDATION_AO`
--

LOCK TABLES `AO_0AC321_RECOMMENDATION_AO` WRITE;
/*!40000 ALTER TABLE `AO_0AC321_RECOMMENDATION_AO` DISABLE KEYS */;
/*!40000 ALTER TABLE `AO_0AC321_RECOMMENDATION_AO` ENABLE KEYS */;
UNLOCK TABLES;

--
-- Table structure for table `AO_21D670_WHITELIST_RULES`
--

DROP TABLE IF EXISTS `AO_21D670_WHITELIST_RULES`;
/*!40101 SET @saved_cs_client     = @@character_set_client */;
/*!40101 SET character_set_client = utf8 */;
CREATE TABLE `AO_21D670_WHITELIST_RULES` (
  `ALLOWINBOUND` tinyint(1) DEFAULT NULL,
  `EXPRESSION` longtext COLLATE utf8mb4_bin NOT NULL,
  `ID` int(11) NOT NULL AUTO_INCREMENT,
  `TYPE` varchar(255) COLLATE utf8mb4_bin NOT NULL,
  PRIMARY KEY (`ID`)
) ENGINE=InnoDB AUTO_INCREMENT=3 DEFAULT CHARSET=utf8mb4 COLLATE=utf8mb4_bin;
/*!40101 SET character_set_client = @saved_cs_client */;

--
-- Dumping data for table `AO_21D670_WHITELIST_RULES`
--

LOCK TABLES `AO_21D670_WHITELIST_RULES` WRITE;
/*!40000 ALTER TABLE `AO_21D670_WHITELIST_RULES` DISABLE KEYS */;
INSERT INTO `AO_21D670_WHITELIST_RULES` VALUES (0,'http://www.atlassian.com/*',1,'WILDCARD_EXPRESSION'),(0,'http://www.atlassian.com/*',2,'WILDCARD_EXPRESSION');
/*!40000 ALTER TABLE `AO_21D670_WHITELIST_RULES` ENABLE KEYS */;
UNLOCK TABLES;

--
-- Table structure for table `AO_21F425_MESSAGE_AO`
--

DROP TABLE IF EXISTS `AO_21F425_MESSAGE_AO`;
/*!40101 SET @saved_cs_client     = @@character_set_client */;
/*!40101 SET character_set_client = utf8 */;
CREATE TABLE `AO_21F425_MESSAGE_AO` (
  `CONTENT` longtext COLLATE utf8mb4_bin NOT NULL,
  `ID` varchar(255) COLLATE utf8mb4_bin NOT NULL,
  PRIMARY KEY (`ID`)
) ENGINE=InnoDB DEFAULT CHARSET=utf8mb4 COLLATE=utf8mb4_bin;
/*!40101 SET character_set_client = @saved_cs_client */;

--
-- Dumping data for table `AO_21F425_MESSAGE_AO`
--

LOCK TABLES `AO_21F425_MESSAGE_AO` WRITE;
/*!40000 ALTER TABLE `AO_21F425_MESSAGE_AO` DISABLE KEYS */;
/*!40000 ALTER TABLE `AO_21F425_MESSAGE_AO` ENABLE KEYS */;
UNLOCK TABLES;

--
-- Table structure for table `AO_21F425_MESSAGE_MAPPING_AO`
--

DROP TABLE IF EXISTS `AO_21F425_MESSAGE_MAPPING_AO`;
/*!40101 SET @saved_cs_client     = @@character_set_client */;
/*!40101 SET character_set_client = utf8 */;
CREATE TABLE `AO_21F425_MESSAGE_MAPPING_AO` (
  `ID` int(11) NOT NULL AUTO_INCREMENT,
  `MESSAGE_ID` varchar(255) COLLATE utf8mb4_bin NOT NULL,
  `USER_HASH` varchar(255) COLLATE utf8mb4_bin NOT NULL,
  PRIMARY KEY (`ID`),
  KEY `index_ao_21f425_mes1965715920` (`MESSAGE_ID`),
  KEY `index_ao_21f425_mes223897723` (`USER_HASH`)
) ENGINE=InnoDB DEFAULT CHARSET=utf8mb4 COLLATE=utf8mb4_bin;
/*!40101 SET character_set_client = @saved_cs_client */;

--
-- Dumping data for table `AO_21F425_MESSAGE_MAPPING_AO`
--

LOCK TABLES `AO_21F425_MESSAGE_MAPPING_AO` WRITE;
/*!40000 ALTER TABLE `AO_21F425_MESSAGE_MAPPING_AO` DISABLE KEYS */;
/*!40000 ALTER TABLE `AO_21F425_MESSAGE_MAPPING_AO` ENABLE KEYS */;
UNLOCK TABLES;

--
-- Table structure for table `AO_21F425_USER_PROPERTY_AO`
--

DROP TABLE IF EXISTS `AO_21F425_USER_PROPERTY_AO`;
/*!40101 SET @saved_cs_client     = @@character_set_client */;
/*!40101 SET character_set_client = utf8 */;
CREATE TABLE `AO_21F425_USER_PROPERTY_AO` (
  `ID` int(11) NOT NULL AUTO_INCREMENT,
  `KEY` varchar(255) COLLATE utf8mb4_bin NOT NULL,
  `USER` varchar(255) COLLATE utf8mb4_bin NOT NULL,
  `VALUE` varchar(255) COLLATE utf8mb4_bin NOT NULL,
  PRIMARY KEY (`ID`),
  KEY `index_ao_21f425_use1458667739` (`USER`)
) ENGINE=InnoDB DEFAULT CHARSET=utf8mb4 COLLATE=utf8mb4_bin;
/*!40101 SET character_set_client = @saved_cs_client */;

--
-- Dumping data for table `AO_21F425_USER_PROPERTY_AO`
--

LOCK TABLES `AO_21F425_USER_PROPERTY_AO` WRITE;
/*!40000 ALTER TABLE `AO_21F425_USER_PROPERTY_AO` DISABLE KEYS */;
/*!40000 ALTER TABLE `AO_21F425_USER_PROPERTY_AO` ENABLE KEYS */;
UNLOCK TABLES;

--
-- Table structure for table `AO_38321B_CUSTOM_CONTENT_LINK`
--

DROP TABLE IF EXISTS `AO_38321B_CUSTOM_CONTENT_LINK`;
/*!40101 SET @saved_cs_client     = @@character_set_client */;
/*!40101 SET character_set_client = utf8 */;
CREATE TABLE `AO_38321B_CUSTOM_CONTENT_LINK` (
  `CONTENT_KEY` varchar(255) COLLATE utf8mb4_bin DEFAULT NULL,
  `ID` int(11) NOT NULL AUTO_INCREMENT,
  `LINK_LABEL` varchar(255) COLLATE utf8mb4_bin DEFAULT NULL,
  `LINK_URL` varchar(255) COLLATE utf8mb4_bin DEFAULT NULL,
  `SEQUENCE` int(11) DEFAULT '0',
  PRIMARY KEY (`ID`),
  KEY `index_ao_38321b_cus1828044926` (`CONTENT_KEY`)
) ENGINE=InnoDB DEFAULT CHARSET=utf8mb4 COLLATE=utf8mb4_bin;
/*!40101 SET character_set_client = @saved_cs_client */;

--
-- Dumping data for table `AO_38321B_CUSTOM_CONTENT_LINK`
--

LOCK TABLES `AO_38321B_CUSTOM_CONTENT_LINK` WRITE;
/*!40000 ALTER TABLE `AO_38321B_CUSTOM_CONTENT_LINK` DISABLE KEYS */;
/*!40000 ALTER TABLE `AO_38321B_CUSTOM_CONTENT_LINK` ENABLE KEYS */;
UNLOCK TABLES;

--
-- Table structure for table `AO_3B1893_LOOP_DETECTION`
--

DROP TABLE IF EXISTS `AO_3B1893_LOOP_DETECTION`;
/*!40101 SET @saved_cs_client     = @@character_set_client */;
/*!40101 SET character_set_client = utf8 */;
CREATE TABLE `AO_3B1893_LOOP_DETECTION` (
  `COUNTER` int(11) NOT NULL DEFAULT '0',
  `EXPIRES_AT` bigint(20) NOT NULL DEFAULT '0',
  `ID` int(11) NOT NULL AUTO_INCREMENT,
  `SENDER_EMAIL` longtext COLLATE utf8mb4_bin NOT NULL,
  PRIMARY KEY (`ID`)
) ENGINE=InnoDB DEFAULT CHARSET=utf8mb4 COLLATE=utf8mb4_bin;
/*!40101 SET character_set_client = @saved_cs_client */;

--
-- Dumping data for table `AO_3B1893_LOOP_DETECTION`
--

LOCK TABLES `AO_3B1893_LOOP_DETECTION` WRITE;
/*!40000 ALTER TABLE `AO_3B1893_LOOP_DETECTION` DISABLE KEYS */;
/*!40000 ALTER TABLE `AO_3B1893_LOOP_DETECTION` ENABLE KEYS */;
UNLOCK TABLES;

--
-- Table structure for table `AO_4789DD_HEALTH_CHECK_STATUS`
--

DROP TABLE IF EXISTS `AO_4789DD_HEALTH_CHECK_STATUS`;
/*!40101 SET @saved_cs_client     = @@character_set_client */;
/*!40101 SET character_set_client = utf8 */;
CREATE TABLE `AO_4789DD_HEALTH_CHECK_STATUS` (
  `APPLICATION_NAME` varchar(255) COLLATE utf8mb4_bin DEFAULT NULL,
  `COMPLETE_KEY` varchar(255) COLLATE utf8mb4_bin DEFAULT NULL,
  `DESCRIPTION` longtext COLLATE utf8mb4_bin,
  `FAILED_DATE` datetime DEFAULT NULL,
  `FAILURE_REASON` longtext COLLATE utf8mb4_bin,
  `ID` int(11) NOT NULL AUTO_INCREMENT,
  `IS_HEALTHY` tinyint(1) DEFAULT NULL,
  `IS_RESOLVED` tinyint(1) DEFAULT NULL,
  `RESOLVED_DATE` datetime DEFAULT NULL,
  `SEVERITY` varchar(255) COLLATE utf8mb4_bin DEFAULT NULL,
  `STATUS_NAME` varchar(255) COLLATE utf8mb4_bin NOT NULL,
  PRIMARY KEY (`ID`)
) ENGINE=InnoDB DEFAULT CHARSET=utf8mb4 COLLATE=utf8mb4_bin;
/*!40101 SET character_set_client = @saved_cs_client */;

--
-- Dumping data for table `AO_4789DD_HEALTH_CHECK_STATUS`
--

LOCK TABLES `AO_4789DD_HEALTH_CHECK_STATUS` WRITE;
/*!40000 ALTER TABLE `AO_4789DD_HEALTH_CHECK_STATUS` DISABLE KEYS */;
/*!40000 ALTER TABLE `AO_4789DD_HEALTH_CHECK_STATUS` ENABLE KEYS */;
UNLOCK TABLES;

--
-- Table structure for table `AO_4789DD_PROPERTIES`
--

DROP TABLE IF EXISTS `AO_4789DD_PROPERTIES`;
/*!40101 SET @saved_cs_client     = @@character_set_client */;
/*!40101 SET character_set_client = utf8 */;
CREATE TABLE `AO_4789DD_PROPERTIES` (
  `ID` int(11) NOT NULL AUTO_INCREMENT,
  `PROPERTY_NAME` varchar(255) COLLATE utf8mb4_bin NOT NULL,
  `PROPERTY_VALUE` varchar(255) COLLATE utf8mb4_bin NOT NULL,
  PRIMARY KEY (`ID`)
) ENGINE=InnoDB AUTO_INCREMENT=2 DEFAULT CHARSET=utf8mb4 COLLATE=utf8mb4_bin;
/*!40101 SET character_set_client = @saved_cs_client */;

--
-- Dumping data for table `AO_4789DD_PROPERTIES`
--

LOCK TABLES `AO_4789DD_PROPERTIES` WRITE;
/*!40000 ALTER TABLE `AO_4789DD_PROPERTIES` DISABLE KEYS */;
INSERT INTO `AO_4789DD_PROPERTIES` VALUES (1,'last-run','1663201875823');
/*!40000 ALTER TABLE `AO_4789DD_PROPERTIES` ENABLE KEYS */;
UNLOCK TABLES;

--
-- Table structure for table `AO_4789DD_READ_NOTIFICATIONS`
--

DROP TABLE IF EXISTS `AO_4789DD_READ_NOTIFICATIONS`;
/*!40101 SET @saved_cs_client     = @@character_set_client */;
/*!40101 SET character_set_client = utf8 */;
CREATE TABLE `AO_4789DD_READ_NOTIFICATIONS` (
  `ID` int(11) NOT NULL AUTO_INCREMENT,
  `IS_SNOOZED` tinyint(1) DEFAULT NULL,
  `NOTIFICATION_ID` int(11) NOT NULL,
  `SNOOZE_COUNT` int(11) DEFAULT NULL,
  `SNOOZE_DATE` datetime DEFAULT NULL,
  `USER_KEY` varchar(255) COLLATE utf8mb4_bin NOT NULL,
  PRIMARY KEY (`ID`)
) ENGINE=InnoDB DEFAULT CHARSET=utf8mb4 COLLATE=utf8mb4_bin;
/*!40101 SET character_set_client = @saved_cs_client */;

--
-- Dumping data for table `AO_4789DD_READ_NOTIFICATIONS`
--

LOCK TABLES `AO_4789DD_READ_NOTIFICATIONS` WRITE;
/*!40000 ALTER TABLE `AO_4789DD_READ_NOTIFICATIONS` DISABLE KEYS */;
/*!40000 ALTER TABLE `AO_4789DD_READ_NOTIFICATIONS` ENABLE KEYS */;
UNLOCK TABLES;

--
-- Table structure for table `AO_4789DD_TASK_MONITOR`
--

DROP TABLE IF EXISTS `AO_4789DD_TASK_MONITOR`;
/*!40101 SET @saved_cs_client     = @@character_set_client */;
/*!40101 SET character_set_client = utf8 */;
CREATE TABLE `AO_4789DD_TASK_MONITOR` (
  `CLUSTERED_TASK_ID` varchar(255) COLLATE utf8mb4_bin DEFAULT NULL,
  `CREATED_TIMESTAMP` bigint(20) DEFAULT '0',
  `ID` int(11) NOT NULL AUTO_INCREMENT,
  `NODE_ID` varchar(255) COLLATE utf8mb4_bin DEFAULT NULL,
  `PROGRESS_MESSAGE` longtext COLLATE utf8mb4_bin,
  `PROGRESS_PERCENTAGE` int(11) DEFAULT NULL,
  `SERIALIZED_ERRORS` longtext COLLATE utf8mb4_bin,
  `SERIALIZED_WARNINGS` longtext COLLATE utf8mb4_bin,
  `TASK_ID` varchar(255) COLLATE utf8mb4_bin NOT NULL,
  `TASK_MONITOR_KIND` varchar(255) COLLATE utf8mb4_bin DEFAULT NULL,
  `TASK_STATUS` longtext COLLATE utf8mb4_bin,
  PRIMARY KEY (`ID`),
  UNIQUE KEY `U_AO_4789DD_TASK_MO1827547914` (`TASK_ID`),
  KEY `index_ao_4789dd_tas42846517` (`TASK_MONITOR_KIND`)
) ENGINE=InnoDB DEFAULT CHARSET=utf8mb4 COLLATE=utf8mb4_bin;
/*!40101 SET character_set_client = @saved_cs_client */;

--
-- Dumping data for table `AO_4789DD_TASK_MONITOR`
--

LOCK TABLES `AO_4789DD_TASK_MONITOR` WRITE;
/*!40000 ALTER TABLE `AO_4789DD_TASK_MONITOR` DISABLE KEYS */;
/*!40000 ALTER TABLE `AO_4789DD_TASK_MONITOR` ENABLE KEYS */;
UNLOCK TABLES;

--
-- Table structure for table `AO_4AEACD_WEBHOOK_DAO`
--

DROP TABLE IF EXISTS `AO_4AEACD_WEBHOOK_DAO`;
/*!40101 SET @saved_cs_client     = @@character_set_client */;
/*!40101 SET character_set_client = utf8 */;
CREATE TABLE `AO_4AEACD_WEBHOOK_DAO` (
  `ENABLED` tinyint(1) DEFAULT NULL,
  `ENCODED_EVENTS` longtext COLLATE utf8mb4_bin,
  `FILTER` longtext COLLATE utf8mb4_bin,
  `ID` int(11) NOT NULL AUTO_INCREMENT,
  `JQL` varchar(255) COLLATE utf8mb4_bin DEFAULT NULL,
  `LAST_UPDATED` datetime NOT NULL,
  `LAST_UPDATED_USER` varchar(255) COLLATE utf8mb4_bin NOT NULL,
  `NAME` longtext COLLATE utf8mb4_bin NOT NULL,
  `REGISTRATION_METHOD` varchar(255) COLLATE utf8mb4_bin NOT NULL,
  `URL` longtext COLLATE utf8mb4_bin NOT NULL,
  `EXCLUDE_ISSUE_DETAILS` tinyint(1) DEFAULT NULL,
  `PARAMETERS` longtext COLLATE utf8mb4_bin,
  PRIMARY KEY (`ID`)
) ENGINE=InnoDB DEFAULT CHARSET=utf8mb4 COLLATE=utf8mb4_bin;
/*!40101 SET character_set_client = @saved_cs_client */;

--
-- Dumping data for table `AO_4AEACD_WEBHOOK_DAO`
--

LOCK TABLES `AO_4AEACD_WEBHOOK_DAO` WRITE;
/*!40000 ALTER TABLE `AO_4AEACD_WEBHOOK_DAO` DISABLE KEYS */;
/*!40000 ALTER TABLE `AO_4AEACD_WEBHOOK_DAO` ENABLE KEYS */;
UNLOCK TABLES;

--
-- Table structure for table `AO_550953_SHORTCUT`
--

DROP TABLE IF EXISTS `AO_550953_SHORTCUT`;
/*!40101 SET @saved_cs_client     = @@character_set_client */;
/*!40101 SET character_set_client = utf8 */;
CREATE TABLE `AO_550953_SHORTCUT` (
  `ID` int(11) NOT NULL AUTO_INCREMENT,
  `NAME` varchar(255) COLLATE utf8mb4_bin DEFAULT NULL,
  `PROJECT_ID` bigint(20) DEFAULT NULL,
  `SHORTCUT_URL` longtext COLLATE utf8mb4_bin,
  `URL` varchar(255) COLLATE utf8mb4_bin DEFAULT NULL,
  `ICON` varchar(255) COLLATE utf8mb4_bin DEFAULT NULL,
  PRIMARY KEY (`ID`),
  KEY `index_ao_550953_sho1778115994` (`PROJECT_ID`)
) ENGINE=InnoDB DEFAULT CHARSET=utf8mb4 COLLATE=utf8mb4_bin;
/*!40101 SET character_set_client = @saved_cs_client */;

--
-- Dumping data for table `AO_550953_SHORTCUT`
--

LOCK TABLES `AO_550953_SHORTCUT` WRITE;
/*!40000 ALTER TABLE `AO_550953_SHORTCUT` DISABLE KEYS */;
/*!40000 ALTER TABLE `AO_550953_SHORTCUT` ENABLE KEYS */;
UNLOCK TABLES;

--
-- Table structure for table `AO_563AEE_ACTIVITY_ENTITY`
--

DROP TABLE IF EXISTS `AO_563AEE_ACTIVITY_ENTITY`;
/*!40101 SET @saved_cs_client     = @@character_set_client */;
/*!40101 SET character_set_client = utf8 */;
CREATE TABLE `AO_563AEE_ACTIVITY_ENTITY` (
  `ACTIVITY_ID` bigint(20) NOT NULL AUTO_INCREMENT,
  `ACTOR_ID` int(11) DEFAULT NULL,
  `CONTENT` longtext COLLATE utf8mb4_bin,
  `GENERATOR_DISPLAY_NAME` varchar(255) COLLATE utf8mb4_bin DEFAULT NULL,
  `GENERATOR_ID` varchar(450) COLLATE utf8mb4_bin DEFAULT NULL,
  `ICON_ID` int(11) DEFAULT NULL,
  `ID` varchar(450) COLLATE utf8mb4_bin DEFAULT NULL,
  `ISSUE_KEY` varchar(255) COLLATE utf8mb4_bin DEFAULT NULL,
  `OBJECT_ID` int(11) DEFAULT NULL,
  `POSTER` varchar(255) COLLATE utf8mb4_bin DEFAULT NULL,
  `PROJECT_KEY` varchar(255) COLLATE utf8mb4_bin DEFAULT NULL,
  `PUBLISHED` datetime DEFAULT NULL,
  `TARGET_ID` int(11) DEFAULT NULL,
  `TITLE` varchar(255) COLLATE utf8mb4_bin DEFAULT NULL,
  `URL` varchar(450) COLLATE utf8mb4_bin DEFAULT NULL,
  `USERNAME` varchar(255) COLLATE utf8mb4_bin DEFAULT NULL,
  `VERB` varchar(450) COLLATE utf8mb4_bin DEFAULT NULL,
  PRIMARY KEY (`ACTIVITY_ID`),
  KEY `index_ao_563aee_act972488439` (`ICON_ID`),
  KEY `index_ao_563aee_act995325379` (`ACTOR_ID`),
  KEY `index_ao_563aee_act1642652291` (`OBJECT_ID`),
  KEY `index_ao_563aee_act1978295567` (`TARGET_ID`),
  CONSTRAINT `fk_ao_563aee_activity_entity_actor_id` FOREIGN KEY (`ACTOR_ID`) REFERENCES `AO_563AEE_ACTOR_ENTITY` (`ID`),
  CONSTRAINT `fk_ao_563aee_activity_entity_icon_id` FOREIGN KEY (`ICON_ID`) REFERENCES `AO_563AEE_MEDIA_LINK_ENTITY` (`ID`),
  CONSTRAINT `fk_ao_563aee_activity_entity_object_id` FOREIGN KEY (`OBJECT_ID`) REFERENCES `AO_563AEE_OBJECT_ENTITY` (`ID`),
  CONSTRAINT `fk_ao_563aee_activity_entity_target_id` FOREIGN KEY (`TARGET_ID`) REFERENCES `AO_563AEE_TARGET_ENTITY` (`ID`)
) ENGINE=InnoDB DEFAULT CHARSET=utf8mb4 COLLATE=utf8mb4_bin;
/*!40101 SET character_set_client = @saved_cs_client */;

--
-- Dumping data for table `AO_563AEE_ACTIVITY_ENTITY`
--

LOCK TABLES `AO_563AEE_ACTIVITY_ENTITY` WRITE;
/*!40000 ALTER TABLE `AO_563AEE_ACTIVITY_ENTITY` DISABLE KEYS */;
/*!40000 ALTER TABLE `AO_563AEE_ACTIVITY_ENTITY` ENABLE KEYS */;
UNLOCK TABLES;

--
-- Table structure for table `AO_563AEE_ACTOR_ENTITY`
--

DROP TABLE IF EXISTS `AO_563AEE_ACTOR_ENTITY`;
/*!40101 SET @saved_cs_client     = @@character_set_client */;
/*!40101 SET character_set_client = utf8 */;
CREATE TABLE `AO_563AEE_ACTOR_ENTITY` (
  `FULL_NAME` varchar(255) COLLATE utf8mb4_bin DEFAULT NULL,
  `ID` int(11) NOT NULL AUTO_INCREMENT,
  `PROFILE_PAGE_URI` varchar(450) COLLATE utf8mb4_bin DEFAULT NULL,
  `PROFILE_PICTURE_URI` varchar(450) COLLATE utf8mb4_bin DEFAULT NULL,
  `USERNAME` varchar(255) COLLATE utf8mb4_bin DEFAULT NULL,
  PRIMARY KEY (`ID`)
) ENGINE=InnoDB DEFAULT CHARSET=utf8mb4 COLLATE=utf8mb4_bin;
/*!40101 SET character_set_client = @saved_cs_client */;

--
-- Dumping data for table `AO_563AEE_ACTOR_ENTITY`
--

LOCK TABLES `AO_563AEE_ACTOR_ENTITY` WRITE;
/*!40000 ALTER TABLE `AO_563AEE_ACTOR_ENTITY` DISABLE KEYS */;
/*!40000 ALTER TABLE `AO_563AEE_ACTOR_ENTITY` ENABLE KEYS */;
UNLOCK TABLES;

--
-- Table structure for table `AO_563AEE_MEDIA_LINK_ENTITY`
--

DROP TABLE IF EXISTS `AO_563AEE_MEDIA_LINK_ENTITY`;
/*!40101 SET @saved_cs_client     = @@character_set_client */;
/*!40101 SET character_set_client = utf8 */;
CREATE TABLE `AO_563AEE_MEDIA_LINK_ENTITY` (
  `DURATION` int(11) DEFAULT NULL,
  `HEIGHT` int(11) DEFAULT NULL,
  `ID` int(11) NOT NULL AUTO_INCREMENT,
  `URL` varchar(450) COLLATE utf8mb4_bin DEFAULT NULL,
  `WIDTH` int(11) DEFAULT NULL,
  PRIMARY KEY (`ID`)
) ENGINE=InnoDB DEFAULT CHARSET=utf8mb4 COLLATE=utf8mb4_bin;
/*!40101 SET character_set_client = @saved_cs_client */;

--
-- Dumping data for table `AO_563AEE_MEDIA_LINK_ENTITY`
--

LOCK TABLES `AO_563AEE_MEDIA_LINK_ENTITY` WRITE;
/*!40000 ALTER TABLE `AO_563AEE_MEDIA_LINK_ENTITY` DISABLE KEYS */;
/*!40000 ALTER TABLE `AO_563AEE_MEDIA_LINK_ENTITY` ENABLE KEYS */;
UNLOCK TABLES;

--
-- Table structure for table `AO_563AEE_OBJECT_ENTITY`
--

DROP TABLE IF EXISTS `AO_563AEE_OBJECT_ENTITY`;
/*!40101 SET @saved_cs_client     = @@character_set_client */;
/*!40101 SET character_set_client = utf8 */;
CREATE TABLE `AO_563AEE_OBJECT_ENTITY` (
  `CONTENT` varchar(255) COLLATE utf8mb4_bin DEFAULT NULL,
  `DISPLAY_NAME` varchar(255) COLLATE utf8mb4_bin DEFAULT NULL,
  `ID` int(11) NOT NULL AUTO_INCREMENT,
  `IMAGE_ID` int(11) DEFAULT NULL,
  `OBJECT_ID` varchar(450) COLLATE utf8mb4_bin DEFAULT NULL,
  `OBJECT_TYPE` varchar(450) COLLATE utf8mb4_bin DEFAULT NULL,
  `SUMMARY` varchar(255) COLLATE utf8mb4_bin DEFAULT NULL,
  `URL` varchar(450) COLLATE utf8mb4_bin DEFAULT NULL,
  PRIMARY KEY (`ID`),
  KEY `index_ao_563aee_obj696886343` (`IMAGE_ID`),
  CONSTRAINT `fk_ao_563aee_object_entity_image_id` FOREIGN KEY (`IMAGE_ID`) REFERENCES `AO_563AEE_MEDIA_LINK_ENTITY` (`ID`)
) ENGINE=InnoDB DEFAULT CHARSET=utf8mb4 COLLATE=utf8mb4_bin;
/*!40101 SET character_set_client = @saved_cs_client */;

--
-- Dumping data for table `AO_563AEE_OBJECT_ENTITY`
--

LOCK TABLES `AO_563AEE_OBJECT_ENTITY` WRITE;
/*!40000 ALTER TABLE `AO_563AEE_OBJECT_ENTITY` DISABLE KEYS */;
/*!40000 ALTER TABLE `AO_563AEE_OBJECT_ENTITY` ENABLE KEYS */;
UNLOCK TABLES;

--
-- Table structure for table `AO_563AEE_TARGET_ENTITY`
--

DROP TABLE IF EXISTS `AO_563AEE_TARGET_ENTITY`;
/*!40101 SET @saved_cs_client     = @@character_set_client */;
/*!40101 SET character_set_client = utf8 */;
CREATE TABLE `AO_563AEE_TARGET_ENTITY` (
  `CONTENT` varchar(255) COLLATE utf8mb4_bin DEFAULT NULL,
  `DISPLAY_NAME` varchar(255) COLLATE utf8mb4_bin DEFAULT NULL,
  `ID` int(11) NOT NULL AUTO_INCREMENT,
  `IMAGE_ID` int(11) DEFAULT NULL,
  `OBJECT_ID` varchar(450) COLLATE utf8mb4_bin DEFAULT NULL,
  `OBJECT_TYPE` varchar(450) COLLATE utf8mb4_bin DEFAULT NULL,
  `SUMMARY` varchar(255) COLLATE utf8mb4_bin DEFAULT NULL,
  `URL` varchar(450) COLLATE utf8mb4_bin DEFAULT NULL,
  PRIMARY KEY (`ID`),
  KEY `index_ao_563aee_tar521440921` (`IMAGE_ID`),
  CONSTRAINT `fk_ao_563aee_target_entity_image_id` FOREIGN KEY (`IMAGE_ID`) REFERENCES `AO_563AEE_MEDIA_LINK_ENTITY` (`ID`)
) ENGINE=InnoDB DEFAULT CHARSET=utf8mb4 COLLATE=utf8mb4_bin;
/*!40101 SET character_set_client = @saved_cs_client */;

--
-- Dumping data for table `AO_563AEE_TARGET_ENTITY`
--

LOCK TABLES `AO_563AEE_TARGET_ENTITY` WRITE;
/*!40000 ALTER TABLE `AO_563AEE_TARGET_ENTITY` DISABLE KEYS */;
/*!40000 ALTER TABLE `AO_563AEE_TARGET_ENTITY` ENABLE KEYS */;
UNLOCK TABLES;

--
-- Table structure for table `AO_575BF5_DEV_SUMMARY`
--

DROP TABLE IF EXISTS `AO_575BF5_DEV_SUMMARY`;
/*!40101 SET @saved_cs_client     = @@character_set_client */;
/*!40101 SET character_set_client = utf8 */;
CREATE TABLE `AO_575BF5_DEV_SUMMARY` (
  `CREATED` datetime NOT NULL,
  `ID` int(11) NOT NULL AUTO_INCREMENT,
  `ISSUE_ID` bigint(20) NOT NULL DEFAULT '0',
  `JSON` longtext COLLATE utf8mb4_bin,
  `PROVIDER_SOURCE_ID` varchar(255) COLLATE utf8mb4_bin NOT NULL,
  `UPDATED` datetime NOT NULL,
  PRIMARY KEY (`ID`),
  KEY `index_ao_575bf5_dev996442447` (`PROVIDER_SOURCE_ID`),
  KEY `index_ao_575bf5_dev567785983` (`ISSUE_ID`)
) ENGINE=InnoDB DEFAULT CHARSET=utf8mb4 COLLATE=utf8mb4_bin;
/*!40101 SET character_set_client = @saved_cs_client */;

--
-- Dumping data for table `AO_575BF5_DEV_SUMMARY`
--

LOCK TABLES `AO_575BF5_DEV_SUMMARY` WRITE;
/*!40000 ALTER TABLE `AO_575BF5_DEV_SUMMARY` DISABLE KEYS */;
/*!40000 ALTER TABLE `AO_575BF5_DEV_SUMMARY` ENABLE KEYS */;
UNLOCK TABLES;

--
-- Table structure for table `AO_575BF5_PROCESSED_COMMITS`
--

DROP TABLE IF EXISTS `AO_575BF5_PROCESSED_COMMITS`;
/*!40101 SET @saved_cs_client     = @@character_set_client */;
/*!40101 SET character_set_client = utf8 */;
CREATE TABLE `AO_575BF5_PROCESSED_COMMITS` (
  `COMMIT_HASH` varchar(255) COLLATE utf8mb4_bin NOT NULL,
  `ID` int(11) NOT NULL AUTO_INCREMENT,
  `METADATA_HASH` varchar(255) COLLATE utf8mb4_bin DEFAULT NULL,
  PRIMARY KEY (`ID`),
  KEY `index_ao_575bf5_pro78019725` (`METADATA_HASH`),
  KEY `index_ao_575bf5_pro1681808571` (`COMMIT_HASH`)
) ENGINE=InnoDB DEFAULT CHARSET=utf8mb4 COLLATE=utf8mb4_bin;
/*!40101 SET character_set_client = @saved_cs_client */;

--
-- Dumping data for table `AO_575BF5_PROCESSED_COMMITS`
--

LOCK TABLES `AO_575BF5_PROCESSED_COMMITS` WRITE;
/*!40000 ALTER TABLE `AO_575BF5_PROCESSED_COMMITS` DISABLE KEYS */;
/*!40000 ALTER TABLE `AO_575BF5_PROCESSED_COMMITS` ENABLE KEYS */;
UNLOCK TABLES;

--
-- Table structure for table `AO_575BF5_PROVIDER_ISSUE`
--

DROP TABLE IF EXISTS `AO_575BF5_PROVIDER_ISSUE`;
/*!40101 SET @saved_cs_client     = @@character_set_client */;
/*!40101 SET character_set_client = utf8 */;
CREATE TABLE `AO_575BF5_PROVIDER_ISSUE` (
  `ID` int(11) NOT NULL AUTO_INCREMENT,
  `ISSUE_ID` bigint(20) NOT NULL DEFAULT '0',
  `PROVIDER_SOURCE_ID` varchar(255) COLLATE utf8mb4_bin NOT NULL,
  `STALE_AFTER` bigint(20) DEFAULT NULL,
  PRIMARY KEY (`ID`),
  KEY `index_ao_575bf5_pro1117502689` (`STALE_AFTER`),
  KEY `index_ao_575bf5_pro741170824` (`ISSUE_ID`),
  KEY `index_ao_575bf5_pro1348521624` (`PROVIDER_SOURCE_ID`)
) ENGINE=InnoDB DEFAULT CHARSET=utf8mb4 COLLATE=utf8mb4_bin;
/*!40101 SET character_set_client = @saved_cs_client */;

--
-- Dumping data for table `AO_575BF5_PROVIDER_ISSUE`
--

LOCK TABLES `AO_575BF5_PROVIDER_ISSUE` WRITE;
/*!40000 ALTER TABLE `AO_575BF5_PROVIDER_ISSUE` DISABLE KEYS */;
/*!40000 ALTER TABLE `AO_575BF5_PROVIDER_ISSUE` ENABLE KEYS */;
UNLOCK TABLES;

--
-- Table structure for table `AO_575BF5_PROVIDER_SEQ_NO`
--

DROP TABLE IF EXISTS `AO_575BF5_PROVIDER_SEQ_NO`;
/*!40101 SET @saved_cs_client     = @@character_set_client */;
/*!40101 SET character_set_client = utf8 */;
CREATE TABLE `AO_575BF5_PROVIDER_SEQ_NO` (
  `ID` int(11) NOT NULL AUTO_INCREMENT,
  `PROVIDER_SOURCE_ID` varchar(255) COLLATE utf8mb4_bin NOT NULL,
  `SEQUENCE_NO` varchar(255) COLLATE utf8mb4_bin DEFAULT NULL,
  PRIMARY KEY (`ID`),
  KEY `index_ao_575bf5_pro996609822` (`PROVIDER_SOURCE_ID`)
) ENGINE=InnoDB DEFAULT CHARSET=utf8mb4 COLLATE=utf8mb4_bin;
/*!40101 SET character_set_client = @saved_cs_client */;

--
-- Dumping data for table `AO_575BF5_PROVIDER_SEQ_NO`
--

LOCK TABLES `AO_575BF5_PROVIDER_SEQ_NO` WRITE;
/*!40000 ALTER TABLE `AO_575BF5_PROVIDER_SEQ_NO` DISABLE KEYS */;
/*!40000 ALTER TABLE `AO_575BF5_PROVIDER_SEQ_NO` ENABLE KEYS */;
UNLOCK TABLES;

--
-- Table structure for table `AO_587B34_GLANCE_CONFIG`
--

DROP TABLE IF EXISTS `AO_587B34_GLANCE_CONFIG`;
/*!40101 SET @saved_cs_client     = @@character_set_client */;
/*!40101 SET character_set_client = utf8 */;
CREATE TABLE `AO_587B34_GLANCE_CONFIG` (
  `ROOM_ID` bigint(20) NOT NULL DEFAULT '0',
  `STATE` varchar(255) COLLATE utf8mb4_bin DEFAULT NULL,
  `SYNC_NEEDED` tinyint(1) DEFAULT NULL,
  `JQL` varchar(255) COLLATE utf8mb4_bin DEFAULT NULL,
  `NAME` varchar(255) COLLATE utf8mb4_bin DEFAULT NULL,
  `APPLICATION_USER_KEY` varchar(255) COLLATE utf8mb4_bin DEFAULT NULL,
  PRIMARY KEY (`ROOM_ID`)
) ENGINE=InnoDB DEFAULT CHARSET=utf8mb4 COLLATE=utf8mb4_bin;
/*!40101 SET character_set_client = @saved_cs_client */;

--
-- Dumping data for table `AO_587B34_GLANCE_CONFIG`
--

LOCK TABLES `AO_587B34_GLANCE_CONFIG` WRITE;
/*!40000 ALTER TABLE `AO_587B34_GLANCE_CONFIG` DISABLE KEYS */;
/*!40000 ALTER TABLE `AO_587B34_GLANCE_CONFIG` ENABLE KEYS */;
UNLOCK TABLES;

--
-- Table structure for table `AO_587B34_PROJECT_CONFIG`
--

DROP TABLE IF EXISTS `AO_587B34_PROJECT_CONFIG`;
/*!40101 SET @saved_cs_client     = @@character_set_client */;
/*!40101 SET character_set_client = utf8 */;
CREATE TABLE `AO_587B34_PROJECT_CONFIG` (
  `CONFIGURATION_GROUP_ID` varchar(255) COLLATE utf8mb4_bin NOT NULL,
  `ID` int(11) NOT NULL AUTO_INCREMENT,
  `NAME` varchar(255) COLLATE utf8mb4_bin DEFAULT NULL,
  `NAME_UNIQUE_CONSTRAINT` varchar(255) COLLATE utf8mb4_bin NOT NULL,
  `PROJECT_ID` bigint(20) NOT NULL DEFAULT '0',
  `ROOM_ID` bigint(20) NOT NULL DEFAULT '0',
  `VALUE` varchar(255) COLLATE utf8mb4_bin DEFAULT NULL,
  PRIMARY KEY (`ID`),
  UNIQUE KEY `U_AO_587B34_PROJECT2070954277` (`NAME_UNIQUE_CONSTRAINT`),
  KEY `index_ao_587b34_pro1732672724` (`ROOM_ID`),
  KEY `index_ao_587b34_pro2093917684` (`PROJECT_ID`),
  KEY `index_ao_587b34_pro193829489` (`CONFIGURATION_GROUP_ID`),
  KEY `index_ao_587b34_pro2115480362` (`NAME`)
) ENGINE=InnoDB DEFAULT CHARSET=utf8mb4 COLLATE=utf8mb4_bin;
/*!40101 SET character_set_client = @saved_cs_client */;

--
-- Dumping data for table `AO_587B34_PROJECT_CONFIG`
--

LOCK TABLES `AO_587B34_PROJECT_CONFIG` WRITE;
/*!40000 ALTER TABLE `AO_587B34_PROJECT_CONFIG` DISABLE KEYS */;
/*!40000 ALTER TABLE `AO_587B34_PROJECT_CONFIG` ENABLE KEYS */;
UNLOCK TABLES;

--
-- Table structure for table `AO_5FB9D7_AOHIP_CHAT_LINK`
--

DROP TABLE IF EXISTS `AO_5FB9D7_AOHIP_CHAT_LINK`;
/*!40101 SET @saved_cs_client     = @@character_set_client */;
/*!40101 SET character_set_client = utf8 */;
CREATE TABLE `AO_5FB9D7_AOHIP_CHAT_LINK` (
  `ADDON_TOKEN_EXPIRY` datetime DEFAULT NULL,
  `API_URL` varchar(255) COLLATE utf8mb4_bin DEFAULT NULL,
  `CONNECT_DESCRIPTOR` longtext COLLATE utf8mb4_bin,
  `GROUP_ID` int(11) DEFAULT '0',
  `GROUP_NAME` varchar(255) COLLATE utf8mb4_bin DEFAULT NULL,
  `ID` int(11) NOT NULL AUTO_INCREMENT,
  `OAUTH_ID` varchar(255) COLLATE utf8mb4_bin DEFAULT NULL,
  `SECRET_KEY` varchar(255) COLLATE utf8mb4_bin DEFAULT NULL,
  `SYSTEM_PASSWORD` varchar(255) COLLATE utf8mb4_bin DEFAULT NULL,
  `SYSTEM_TOKEN_EXPIRY` datetime DEFAULT NULL,
  `SYSTEM_USER` varchar(255) COLLATE utf8mb4_bin DEFAULT NULL,
  `SYSTEM_USER_TOKEN` varchar(255) COLLATE utf8mb4_bin DEFAULT NULL,
  `TOKEN` varchar(255) COLLATE utf8mb4_bin DEFAULT NULL,
  PRIMARY KEY (`ID`)
) ENGINE=InnoDB DEFAULT CHARSET=utf8mb4 COLLATE=utf8mb4_bin;
/*!40101 SET character_set_client = @saved_cs_client */;

--
-- Dumping data for table `AO_5FB9D7_AOHIP_CHAT_LINK`
--

LOCK TABLES `AO_5FB9D7_AOHIP_CHAT_LINK` WRITE;
/*!40000 ALTER TABLE `AO_5FB9D7_AOHIP_CHAT_LINK` DISABLE KEYS */;
/*!40000 ALTER TABLE `AO_5FB9D7_AOHIP_CHAT_LINK` ENABLE KEYS */;
UNLOCK TABLES;

--
-- Table structure for table `AO_5FB9D7_AOHIP_CHAT_USER`
--

DROP TABLE IF EXISTS `AO_5FB9D7_AOHIP_CHAT_USER`;
/*!40101 SET @saved_cs_client     = @@character_set_client */;
/*!40101 SET character_set_client = utf8 */;
CREATE TABLE `AO_5FB9D7_AOHIP_CHAT_USER` (
  `HIP_CHAT_LINK_ID` int(11) DEFAULT NULL,
  `HIP_CHAT_USER_ID` varchar(255) COLLATE utf8mb4_bin DEFAULT NULL,
  `HIP_CHAT_USER_NAME` varchar(255) COLLATE utf8mb4_bin DEFAULT NULL,
  `ID` int(11) NOT NULL AUTO_INCREMENT,
  `REFRESH_CODE` varchar(255) COLLATE utf8mb4_bin DEFAULT NULL,
  `USER_KEY` varchar(255) COLLATE utf8mb4_bin DEFAULT NULL,
  `USER_SCOPES` varchar(255) COLLATE utf8mb4_bin DEFAULT NULL,
  `USER_TOKEN` varchar(255) COLLATE utf8mb4_bin DEFAULT NULL,
  `USER_TOKEN_EXPIRY` datetime DEFAULT NULL,
  PRIMARY KEY (`ID`),
  KEY `index_ao_5fb9d7_aoh1981563178` (`USER_KEY`),
  KEY `index_ao_5fb9d7_aoh49772492` (`HIP_CHAT_LINK_ID`),
  CONSTRAINT `fk_ao_5fb9d7_aohip_chat_user_hip_chat_link_id` FOREIGN KEY (`HIP_CHAT_LINK_ID`) REFERENCES `AO_5FB9D7_AOHIP_CHAT_LINK` (`ID`)
) ENGINE=InnoDB DEFAULT CHARSET=utf8mb4 COLLATE=utf8mb4_bin;
/*!40101 SET character_set_client = @saved_cs_client */;

--
-- Dumping data for table `AO_5FB9D7_AOHIP_CHAT_USER`
--

LOCK TABLES `AO_5FB9D7_AOHIP_CHAT_USER` WRITE;
/*!40000 ALTER TABLE `AO_5FB9D7_AOHIP_CHAT_USER` DISABLE KEYS */;
/*!40000 ALTER TABLE `AO_5FB9D7_AOHIP_CHAT_USER` ENABLE KEYS */;
UNLOCK TABLES;

--
-- Table structure for table `AO_60DB71_AUDITENTRY`
--

DROP TABLE IF EXISTS `AO_60DB71_AUDITENTRY`;
/*!40101 SET @saved_cs_client     = @@character_set_client */;
/*!40101 SET character_set_client = utf8 */;
CREATE TABLE `AO_60DB71_AUDITENTRY` (
  `CATEGORY` varchar(255) COLLATE utf8mb4_bin NOT NULL,
  `DATA` longtext COLLATE utf8mb4_bin NOT NULL,
  `ENTITY_CLASS` varchar(255) COLLATE utf8mb4_bin NOT NULL,
  `ENTITY_ID` bigint(20) NOT NULL,
  `ID` bigint(20) NOT NULL AUTO_INCREMENT,
  `TIME` bigint(20) DEFAULT NULL,
  `USER` varchar(255) COLLATE utf8mb4_bin DEFAULT NULL,
  PRIMARY KEY (`ID`),
  KEY `index_ao_60db71_aud1756477597` (`CATEGORY`),
  KEY `index_ao_60db71_aud137736645` (`ENTITY_CLASS`),
  KEY `index_ao_60db71_aud604788536` (`ENTITY_ID`)
) ENGINE=InnoDB DEFAULT CHARSET=utf8mb4 COLLATE=utf8mb4_bin;
/*!40101 SET character_set_client = @saved_cs_client */;

--
-- Dumping data for table `AO_60DB71_AUDITENTRY`
--

LOCK TABLES `AO_60DB71_AUDITENTRY` WRITE;
/*!40000 ALTER TABLE `AO_60DB71_AUDITENTRY` DISABLE KEYS */;
/*!40000 ALTER TABLE `AO_60DB71_AUDITENTRY` ENABLE KEYS */;
UNLOCK TABLES;

--
-- Table structure for table `AO_60DB71_BOARDADMINS`
--

DROP TABLE IF EXISTS `AO_60DB71_BOARDADMINS`;
/*!40101 SET @saved_cs_client     = @@character_set_client */;
/*!40101 SET character_set_client = utf8 */;
CREATE TABLE `AO_60DB71_BOARDADMINS` (
  `ID` bigint(20) NOT NULL AUTO_INCREMENT,
  `KEY` varchar(255) COLLATE utf8mb4_bin NOT NULL,
  `RAPID_VIEW_ID` bigint(20) NOT NULL,
  `TYPE` varchar(255) COLLATE utf8mb4_bin NOT NULL,
  PRIMARY KEY (`ID`),
  KEY `index_ao_60db71_boa2110227660` (`RAPID_VIEW_ID`),
  CONSTRAINT `fk_ao_60db71_boardadmins_rapid_view_id` FOREIGN KEY (`RAPID_VIEW_ID`) REFERENCES `AO_60DB71_RAPIDVIEW` (`ID`)
) ENGINE=InnoDB AUTO_INCREMENT=3 DEFAULT CHARSET=utf8mb4 COLLATE=utf8mb4_bin;
/*!40101 SET character_set_client = @saved_cs_client */;

--
-- Dumping data for table `AO_60DB71_BOARDADMINS`
--

LOCK TABLES `AO_60DB71_BOARDADMINS` WRITE;
/*!40000 ALTER TABLE `AO_60DB71_BOARDADMINS` DISABLE KEYS */;
INSERT INTO `AO_60DB71_BOARDADMINS` VALUES (1,'JIRAUSER10000',1,'USER'),(2,'JIRAUSER10000',2,'USER');
/*!40000 ALTER TABLE `AO_60DB71_BOARDADMINS` ENABLE KEYS */;
UNLOCK TABLES;

--
-- Table structure for table `AO_60DB71_CARDCOLOR`
--

DROP TABLE IF EXISTS `AO_60DB71_CARDCOLOR`;
/*!40101 SET @saved_cs_client     = @@character_set_client */;
/*!40101 SET character_set_client = utf8 */;
CREATE TABLE `AO_60DB71_CARDCOLOR` (
  `COLOR` varchar(255) COLLATE utf8mb4_bin DEFAULT NULL,
  `ID` bigint(20) NOT NULL AUTO_INCREMENT,
  `POS` int(11) NOT NULL DEFAULT '0',
  `RAPID_VIEW_ID` bigint(20) NOT NULL,
  `STRATEGY` varchar(255) COLLATE utf8mb4_bin DEFAULT NULL,
  `VAL` varchar(255) COLLATE utf8mb4_bin DEFAULT NULL,
  PRIMARY KEY (`ID`),
  KEY `index_ao_60db71_car2031978979` (`RAPID_VIEW_ID`),
  CONSTRAINT `fk_ao_60db71_cardcolor_rapid_view_id` FOREIGN KEY (`RAPID_VIEW_ID`) REFERENCES `AO_60DB71_RAPIDVIEW` (`ID`)
) ENGINE=InnoDB DEFAULT CHARSET=utf8mb4 COLLATE=utf8mb4_bin;
/*!40101 SET character_set_client = @saved_cs_client */;

--
-- Dumping data for table `AO_60DB71_CARDCOLOR`
--

LOCK TABLES `AO_60DB71_CARDCOLOR` WRITE;
/*!40000 ALTER TABLE `AO_60DB71_CARDCOLOR` DISABLE KEYS */;
/*!40000 ALTER TABLE `AO_60DB71_CARDCOLOR` ENABLE KEYS */;
UNLOCK TABLES;

--
-- Table structure for table `AO_60DB71_CARDLAYOUT`
--

DROP TABLE IF EXISTS `AO_60DB71_CARDLAYOUT`;
/*!40101 SET @saved_cs_client     = @@character_set_client */;
/*!40101 SET character_set_client = utf8 */;
CREATE TABLE `AO_60DB71_CARDLAYOUT` (
  `FIELD_ID` varchar(255) COLLATE utf8mb4_bin NOT NULL,
  `ID` bigint(20) NOT NULL AUTO_INCREMENT,
  `MODE_NAME` varchar(255) COLLATE utf8mb4_bin NOT NULL,
  `POS` int(11) NOT NULL DEFAULT '0',
  `RAPID_VIEW_ID` bigint(20) NOT NULL,
  PRIMARY KEY (`ID`),
  KEY `index_ao_60db71_car149237770` (`RAPID_VIEW_ID`),
  CONSTRAINT `fk_ao_60db71_cardlayout_rapid_view_id` FOREIGN KEY (`RAPID_VIEW_ID`) REFERENCES `AO_60DB71_RAPIDVIEW` (`ID`)
) ENGINE=InnoDB DEFAULT CHARSET=utf8mb4 COLLATE=utf8mb4_bin;
/*!40101 SET character_set_client = @saved_cs_client */;

--
-- Dumping data for table `AO_60DB71_CARDLAYOUT`
--

LOCK TABLES `AO_60DB71_CARDLAYOUT` WRITE;
/*!40000 ALTER TABLE `AO_60DB71_CARDLAYOUT` DISABLE KEYS */;
/*!40000 ALTER TABLE `AO_60DB71_CARDLAYOUT` ENABLE KEYS */;
UNLOCK TABLES;

--
-- Table structure for table `AO_60DB71_COLUMN`
--

DROP TABLE IF EXISTS `AO_60DB71_COLUMN`;
/*!40101 SET @saved_cs_client     = @@character_set_client */;
/*!40101 SET character_set_client = utf8 */;
CREATE TABLE `AO_60DB71_COLUMN` (
  `ID` bigint(20) NOT NULL AUTO_INCREMENT,
  `MAXIM` double DEFAULT NULL,
  `MINIM` double DEFAULT NULL,
  `NAME` varchar(255) COLLATE utf8mb4_bin DEFAULT NULL,
  `POS` int(11) NOT NULL DEFAULT '0',
  `RAPID_VIEW_ID` bigint(20) NOT NULL,
  PRIMARY KEY (`ID`),
  KEY `index_ao_60db71_col2098611346` (`RAPID_VIEW_ID`),
  CONSTRAINT `fk_ao_60db71_column_rapid_view_id` FOREIGN KEY (`RAPID_VIEW_ID`) REFERENCES `AO_60DB71_RAPIDVIEW` (`ID`)
) ENGINE=InnoDB AUTO_INCREMENT=13 DEFAULT CHARSET=utf8mb4 COLLATE=utf8mb4_bin;
/*!40101 SET character_set_client = @saved_cs_client */;

--
-- Dumping data for table `AO_60DB71_COLUMN`
--

LOCK TABLES `AO_60DB71_COLUMN` WRITE;
/*!40000 ALTER TABLE `AO_60DB71_COLUMN` DISABLE KEYS */;
INSERT INTO `AO_60DB71_COLUMN` VALUES (4,NULL,NULL,'gh.workflow.preset.todo',0,1),(5,NULL,NULL,'gh.workflow.preset.inprogress',1,1),(6,NULL,NULL,'gh.workflow.preset.done',2,1),(10,NULL,NULL,'gh.workflow.preset.todo',0,2),(11,NULL,NULL,'gh.workflow.preset.inprogress',1,2),(12,NULL,NULL,'gh.workflow.preset.done',2,2);
/*!40000 ALTER TABLE `AO_60DB71_COLUMN` ENABLE KEYS */;
UNLOCK TABLES;

--
-- Table structure for table `AO_60DB71_COLUMNSTATUS`
--

DROP TABLE IF EXISTS `AO_60DB71_COLUMNSTATUS`;
/*!40101 SET @saved_cs_client     = @@character_set_client */;
/*!40101 SET character_set_client = utf8 */;
CREATE TABLE `AO_60DB71_COLUMNSTATUS` (
  `COLUMN_ID` bigint(20) NOT NULL,
  `ID` bigint(20) NOT NULL AUTO_INCREMENT,
  `POS` int(11) NOT NULL DEFAULT '0',
  `STATUS_ID` varchar(255) COLLATE utf8mb4_bin DEFAULT NULL,
  PRIMARY KEY (`ID`),
  KEY `index_ao_60db71_col1856623434` (`COLUMN_ID`),
  CONSTRAINT `fk_ao_60db71_columnstatus_column_id` FOREIGN KEY (`COLUMN_ID`) REFERENCES `AO_60DB71_COLUMN` (`ID`)
) ENGINE=InnoDB AUTO_INCREMENT=13 DEFAULT CHARSET=utf8mb4 COLLATE=utf8mb4_bin;
/*!40101 SET character_set_client = @saved_cs_client */;

--
-- Dumping data for table `AO_60DB71_COLUMNSTATUS`
--

LOCK TABLES `AO_60DB71_COLUMNSTATUS` WRITE;
/*!40000 ALTER TABLE `AO_60DB71_COLUMNSTATUS` DISABLE KEYS */;
INSERT INTO `AO_60DB71_COLUMNSTATUS` VALUES (4,4,0,'10000'),(5,5,0,'3'),(6,6,0,'10001'),(10,10,0,'10000'),(11,11,0,'3'),(12,12,0,'10001');
/*!40000 ALTER TABLE `AO_60DB71_COLUMNSTATUS` ENABLE KEYS */;
UNLOCK TABLES;

--
-- Table structure for table `AO_60DB71_DETAILVIEWFIELD`
--

DROP TABLE IF EXISTS `AO_60DB71_DETAILVIEWFIELD`;
/*!40101 SET @saved_cs_client     = @@character_set_client */;
/*!40101 SET character_set_client = utf8 */;
CREATE TABLE `AO_60DB71_DETAILVIEWFIELD` (
  `FIELD_ID` varchar(255) COLLATE utf8mb4_bin NOT NULL,
  `ID` bigint(20) NOT NULL AUTO_INCREMENT,
  `POS` int(11) NOT NULL DEFAULT '0',
  `RAPID_VIEW_ID` bigint(20) NOT NULL,
  PRIMARY KEY (`ID`),
  KEY `index_ao_60db71_det878495474` (`RAPID_VIEW_ID`),
  CONSTRAINT `fk_ao_60db71_detailviewfield_rapid_view_id` FOREIGN KEY (`RAPID_VIEW_ID`) REFERENCES `AO_60DB71_RAPIDVIEW` (`ID`)
) ENGINE=InnoDB AUTO_INCREMENT=25 DEFAULT CHARSET=utf8mb4 COLLATE=utf8mb4_bin;
/*!40101 SET character_set_client = @saved_cs_client */;

--
-- Dumping data for table `AO_60DB71_DETAILVIEWFIELD`
--

LOCK TABLES `AO_60DB71_DETAILVIEWFIELD` WRITE;
/*!40000 ALTER TABLE `AO_60DB71_DETAILVIEWFIELD` DISABLE KEYS */;
INSERT INTO `AO_60DB71_DETAILVIEWFIELD` VALUES ('status',1,0,1),('priority',2,1,1),('components',3,2,1),('labels',4,3,1),('versions',5,4,1),('fixVersions',6,5,1),('issuelinks',7,6,1),('reporter',8,7,1),('assignee',9,8,1),('created',10,9,1),('updated',11,10,1),('customfield_10102',12,11,1),('status',13,0,2),('priority',14,1,2),('components',15,2,2),('labels',16,3,2),('versions',17,4,2),('fixVersions',18,5,2),('issuelinks',19,6,2),('reporter',20,7,2),('assignee',21,8,2),('created',22,9,2),('updated',23,10,2),('customfield_10102',24,11,2);
/*!40000 ALTER TABLE `AO_60DB71_DETAILVIEWFIELD` ENABLE KEYS */;
UNLOCK TABLES;

--
-- Table structure for table `AO_60DB71_ESTIMATESTATISTIC`
--

DROP TABLE IF EXISTS `AO_60DB71_ESTIMATESTATISTIC`;
/*!40101 SET @saved_cs_client     = @@character_set_client */;
/*!40101 SET character_set_client = utf8 */;
CREATE TABLE `AO_60DB71_ESTIMATESTATISTIC` (
  `FIELD_ID` varchar(255) COLLATE utf8mb4_bin DEFAULT NULL,
  `ID` bigint(20) NOT NULL AUTO_INCREMENT,
  `RAPID_VIEW_ID` bigint(20) NOT NULL,
  `TYPE_ID` varchar(255) COLLATE utf8mb4_bin NOT NULL,
  PRIMARY KEY (`ID`),
  KEY `index_ao_60db71_est1680565966` (`RAPID_VIEW_ID`),
  CONSTRAINT `fk_ao_60db71_estimatestatistic_rapid_view_id` FOREIGN KEY (`RAPID_VIEW_ID`) REFERENCES `AO_60DB71_RAPIDVIEW` (`ID`)
) ENGINE=InnoDB AUTO_INCREMENT=3 DEFAULT CHARSET=utf8mb4 COLLATE=utf8mb4_bin;
/*!40101 SET character_set_client = @saved_cs_client */;

--
-- Dumping data for table `AO_60DB71_ESTIMATESTATISTIC`
--

LOCK TABLES `AO_60DB71_ESTIMATESTATISTIC` WRITE;
/*!40000 ALTER TABLE `AO_60DB71_ESTIMATESTATISTIC` DISABLE KEYS */;
INSERT INTO `AO_60DB71_ESTIMATESTATISTIC` VALUES ('customfield_10106',1,1,'field'),('customfield_10106',2,2,'field');
/*!40000 ALTER TABLE `AO_60DB71_ESTIMATESTATISTIC` ENABLE KEYS */;
UNLOCK TABLES;

--
-- Table structure for table `AO_60DB71_ISSUERANKING`
--

DROP TABLE IF EXISTS `AO_60DB71_ISSUERANKING`;
/*!40101 SET @saved_cs_client     = @@character_set_client */;
/*!40101 SET character_set_client = utf8 */;
CREATE TABLE `AO_60DB71_ISSUERANKING` (
  `CUSTOM_FIELD_ID` bigint(20) NOT NULL DEFAULT '0',
  `ID` bigint(20) NOT NULL AUTO_INCREMENT,
  `ISSUE_ID` bigint(20) NOT NULL DEFAULT '0',
  `NEXT_ID` bigint(20) DEFAULT NULL,
  PRIMARY KEY (`ID`),
  KEY `index_ao_60db71_iss1616896230` (`ISSUE_ID`),
  KEY `index_ao_60db71_iss1786461035` (`CUSTOM_FIELD_ID`)
) ENGINE=InnoDB DEFAULT CHARSET=utf8mb4 COLLATE=utf8mb4_bin;
/*!40101 SET character_set_client = @saved_cs_client */;

--
-- Dumping data for table `AO_60DB71_ISSUERANKING`
--

LOCK TABLES `AO_60DB71_ISSUERANKING` WRITE;
/*!40000 ALTER TABLE `AO_60DB71_ISSUERANKING` DISABLE KEYS */;
/*!40000 ALTER TABLE `AO_60DB71_ISSUERANKING` ENABLE KEYS */;
UNLOCK TABLES;

--
-- Table structure for table `AO_60DB71_ISSUERANKINGLOG`
--

DROP TABLE IF EXISTS `AO_60DB71_ISSUERANKINGLOG`;
/*!40101 SET @saved_cs_client     = @@character_set_client */;
/*!40101 SET character_set_client = utf8 */;
CREATE TABLE `AO_60DB71_ISSUERANKINGLOG` (
  `CUSTOM_FIELD_ID` bigint(20) DEFAULT NULL,
  `ID` bigint(20) NOT NULL AUTO_INCREMENT,
  `ISSUE_ID` bigint(20) DEFAULT NULL,
  `LOG_TYPE` varchar(255) COLLATE utf8mb4_bin DEFAULT NULL,
  `NEW_NEXT_ID` bigint(20) DEFAULT NULL,
  `NEW_PREVIOUS_ID` bigint(20) DEFAULT NULL,
  `OLD_NEXT_ID` bigint(20) DEFAULT NULL,
  `OLD_PREVIOUS_ID` bigint(20) DEFAULT NULL,
  `SANITY_CHECKED` varchar(255) COLLATE utf8mb4_bin DEFAULT NULL,
  PRIMARY KEY (`ID`)
) ENGINE=InnoDB DEFAULT CHARSET=utf8mb4 COLLATE=utf8mb4_bin;
/*!40101 SET character_set_client = @saved_cs_client */;

--
-- Dumping data for table `AO_60DB71_ISSUERANKINGLOG`
--

LOCK TABLES `AO_60DB71_ISSUERANKINGLOG` WRITE;
/*!40000 ALTER TABLE `AO_60DB71_ISSUERANKINGLOG` DISABLE KEYS */;
/*!40000 ALTER TABLE `AO_60DB71_ISSUERANKINGLOG` ENABLE KEYS */;
UNLOCK TABLES;

--
-- Table structure for table `AO_60DB71_LEXORANK`
--

DROP TABLE IF EXISTS `AO_60DB71_LEXORANK`;
/*!40101 SET @saved_cs_client     = @@character_set_client */;
/*!40101 SET character_set_client = utf8 */;
CREATE TABLE `AO_60DB71_LEXORANK` (
  `BUCKET` int(11) DEFAULT '0',
  `FIELD_ID` bigint(20) NOT NULL DEFAULT '0',
  `ID` bigint(20) NOT NULL AUTO_INCREMENT,
  `ISSUE_ID` bigint(20) NOT NULL DEFAULT '0',
  `LOCK_HASH` varchar(255) COLLATE utf8mb4_bin DEFAULT NULL,
  `LOCK_TIME` bigint(20) DEFAULT NULL,
  `RANK` varchar(255) COLLATE utf8mb4_bin NOT NULL,
  `TYPE` int(11) NOT NULL DEFAULT '0',
  PRIMARY KEY (`ID`),
  KEY `index_ao_60db71_lex604083109` (`ISSUE_ID`),
  KEY `index_ao_60db71_lex1632828616` (`LOCK_HASH`),
  KEY `index_ao_60db71_lex1694305086` (`FIELD_ID`,`BUCKET`,`RANK`),
  KEY `index_ao_60db71_lex1569533973` (`FIELD_ID`,`RANK`)
) ENGINE=InnoDB AUTO_INCREMENT=23 DEFAULT CHARSET=utf8mb4 COLLATE=utf8mb4_bin;
/*!40101 SET character_set_client = @saved_cs_client */;

--
-- Dumping data for table `AO_60DB71_LEXORANK`
--

LOCK TABLES `AO_60DB71_LEXORANK` WRITE;
/*!40000 ALTER TABLE `AO_60DB71_LEXORANK` DISABLE KEYS */;
INSERT INTO `AO_60DB71_LEXORANK` VALUES (0,10100,7,-9223372036854775808,NULL,NULL,'0|000000:',0),(0,10100,8,9223372036854775807,NULL,NULL,'0|zzzzzz:',2),(0,10100,9,10000,NULL,NULL,'0|hzzzzz:',1),(0,10100,10,10001,NULL,NULL,'0|i00007:',1),(0,10100,11,10002,NULL,NULL,'0|i0000f:',1),(0,10100,12,10003,NULL,NULL,'0|i0000n:',1),(0,10100,13,10004,NULL,NULL,'0|i0000v:',1),(0,10100,14,10005,NULL,NULL,'0|i00013:',1),(0,10100,15,10006,NULL,NULL,'0|i0001b:',1),(0,10100,16,10007,NULL,NULL,'0|i0001j:',1),(0,10100,17,10008,NULL,NULL,'0|i0001r:',1),(0,10100,18,10009,NULL,NULL,'0|i0001z:',1),(0,10100,19,10010,NULL,NULL,'0|i00027:',1),(0,10100,20,10011,NULL,NULL,'0|i0002f:',1),(0,10100,21,10012,NULL,NULL,'0|i0002n:',1),(0,10100,22,10013,NULL,NULL,'0|i0002v:',1);
/*!40000 ALTER TABLE `AO_60DB71_LEXORANK` ENABLE KEYS */;
UNLOCK TABLES;

--
-- Table structure for table `AO_60DB71_LEXORANKBALANCER`
--

DROP TABLE IF EXISTS `AO_60DB71_LEXORANKBALANCER`;
/*!40101 SET @saved_cs_client     = @@character_set_client */;
/*!40101 SET character_set_client = utf8 */;
CREATE TABLE `AO_60DB71_LEXORANKBALANCER` (
  `DISABLE_RANK_OPERATIONS` tinyint(1) NOT NULL,
  `FIELD_ID` bigint(20) NOT NULL,
  `ID` bigint(20) NOT NULL AUTO_INCREMENT,
  `REBALANCE_TIME` bigint(20) NOT NULL,
  PRIMARY KEY (`ID`)
) ENGINE=InnoDB DEFAULT CHARSET=utf8mb4 COLLATE=utf8mb4_bin;
/*!40101 SET character_set_client = @saved_cs_client */;

--
-- Dumping data for table `AO_60DB71_LEXORANKBALANCER`
--

LOCK TABLES `AO_60DB71_LEXORANKBALANCER` WRITE;
/*!40000 ALTER TABLE `AO_60DB71_LEXORANKBALANCER` DISABLE KEYS */;
/*!40000 ALTER TABLE `AO_60DB71_LEXORANKBALANCER` ENABLE KEYS */;
UNLOCK TABLES;

--
-- Table structure for table `AO_60DB71_NONWORKINGDAY`
--

DROP TABLE IF EXISTS `AO_60DB71_NONWORKINGDAY`;
/*!40101 SET @saved_cs_client     = @@character_set_client */;
/*!40101 SET character_set_client = utf8 */;
CREATE TABLE `AO_60DB71_NONWORKINGDAY` (
  `ID` bigint(20) NOT NULL AUTO_INCREMENT,
  `ISO8601_DATE` varchar(255) COLLATE utf8mb4_bin NOT NULL,
  `WORKING_DAYS_ID` bigint(20) NOT NULL,
  PRIMARY KEY (`ID`),
  KEY `index_ao_60db71_non1145824037` (`WORKING_DAYS_ID`),
  CONSTRAINT `fk_ao_60db71_nonworkingday_working_days_id` FOREIGN KEY (`WORKING_DAYS_ID`) REFERENCES `AO_60DB71_WORKINGDAYS` (`ID`)
) ENGINE=InnoDB DEFAULT CHARSET=utf8mb4 COLLATE=utf8mb4_bin;
/*!40101 SET character_set_client = @saved_cs_client */;

--
-- Dumping data for table `AO_60DB71_NONWORKINGDAY`
--

LOCK TABLES `AO_60DB71_NONWORKINGDAY` WRITE;
/*!40000 ALTER TABLE `AO_60DB71_NONWORKINGDAY` DISABLE KEYS */;
/*!40000 ALTER TABLE `AO_60DB71_NONWORKINGDAY` ENABLE KEYS */;
UNLOCK TABLES;

--
-- Table structure for table `AO_60DB71_QUICKFILTER`
--

DROP TABLE IF EXISTS `AO_60DB71_QUICKFILTER`;
/*!40101 SET @saved_cs_client     = @@character_set_client */;
/*!40101 SET character_set_client = utf8 */;
CREATE TABLE `AO_60DB71_QUICKFILTER` (
  `DESCRIPTION` varchar(255) COLLATE utf8mb4_bin DEFAULT NULL,
  `ID` bigint(20) NOT NULL AUTO_INCREMENT,
  `LONG_QUERY` longtext COLLATE utf8mb4_bin,
  `NAME` varchar(255) COLLATE utf8mb4_bin NOT NULL,
  `POS` int(11) NOT NULL DEFAULT '0',
  `QUERY` varchar(255) COLLATE utf8mb4_bin DEFAULT NULL,
  `RAPID_VIEW_ID` bigint(20) NOT NULL,
  PRIMARY KEY (`ID`),
  KEY `index_ao_60db71_qui432573905` (`RAPID_VIEW_ID`),
  CONSTRAINT `fk_ao_60db71_quickfilter_rapid_view_id` FOREIGN KEY (`RAPID_VIEW_ID`) REFERENCES `AO_60DB71_RAPIDVIEW` (`ID`)
) ENGINE=InnoDB AUTO_INCREMENT=5 DEFAULT CHARSET=utf8mb4 COLLATE=utf8mb4_bin;
/*!40101 SET character_set_client = @saved_cs_client */;

--
-- Dumping data for table `AO_60DB71_QUICKFILTER`
--

LOCK TABLES `AO_60DB71_QUICKFILTER` WRITE;
/*!40000 ALTER TABLE `AO_60DB71_QUICKFILTER` DISABLE KEYS */;
INSERT INTO `AO_60DB71_QUICKFILTER` VALUES ('gh.rapid.quickfilters.only.my.issues.desc',1,'assignee = currentUser()','gh.rapid.quickfilters.only.my.issues',0,NULL,1),('gh.rapid.quickfilters.recently.updated.desc',2,'updatedDate >= -1d','gh.rapid.quickfilters.recently.updated',1,NULL,1),('gh.rapid.quickfilters.only.my.issues.desc',3,'assignee = currentUser()','gh.rapid.quickfilters.only.my.issues',0,NULL,2),('gh.rapid.quickfilters.recently.updated.desc',4,'updatedDate >= -1d','gh.rapid.quickfilters.recently.updated',1,NULL,2);
/*!40000 ALTER TABLE `AO_60DB71_QUICKFILTER` ENABLE KEYS */;
UNLOCK TABLES;

--
-- Table structure for table `AO_60DB71_RANKABLEOBJECT`
--

DROP TABLE IF EXISTS `AO_60DB71_RANKABLEOBJECT`;
/*!40101 SET @saved_cs_client     = @@character_set_client */;
/*!40101 SET character_set_client = utf8 */;
CREATE TABLE `AO_60DB71_RANKABLEOBJECT` (
  `ID` bigint(20) NOT NULL AUTO_INCREMENT,
  `TYPE` varchar(255) COLLATE utf8mb4_bin NOT NULL,
  PRIMARY KEY (`ID`)
) ENGINE=InnoDB DEFAULT CHARSET=utf8mb4 COLLATE=utf8mb4_bin;
/*!40101 SET character_set_client = @saved_cs_client */;

--
-- Dumping data for table `AO_60DB71_RANKABLEOBJECT`
--

LOCK TABLES `AO_60DB71_RANKABLEOBJECT` WRITE;
/*!40000 ALTER TABLE `AO_60DB71_RANKABLEOBJECT` DISABLE KEYS */;
/*!40000 ALTER TABLE `AO_60DB71_RANKABLEOBJECT` ENABLE KEYS */;
UNLOCK TABLES;

--
-- Table structure for table `AO_60DB71_RAPIDVIEW`
--

DROP TABLE IF EXISTS `AO_60DB71_RAPIDVIEW`;
/*!40101 SET @saved_cs_client     = @@character_set_client */;
/*!40101 SET character_set_client = utf8 */;
CREATE TABLE `AO_60DB71_RAPIDVIEW` (
  `CARD_COLOR_STRATEGY` varchar(255) COLLATE utf8mb4_bin DEFAULT NULL,
  `ID` bigint(20) NOT NULL AUTO_INCREMENT,
  `KAN_PLAN_ENABLED` tinyint(1) DEFAULT NULL,
  `NAME` varchar(255) COLLATE utf8mb4_bin NOT NULL,
  `OLD_DONE_ISSUES_CUTOFF` varchar(255) COLLATE utf8mb4_bin DEFAULT NULL,
  `OWNER_USER_NAME` varchar(255) COLLATE utf8mb4_bin NOT NULL,
  `REFINED_VELOCITY_ACTIVE` tinyint(1) DEFAULT NULL,
  `SAVED_FILTER_ID` bigint(20) NOT NULL,
  `SHOW_DAYS_IN_COLUMN` tinyint(1) DEFAULT NULL,
  `SHOW_EPIC_AS_PANEL` tinyint(1) DEFAULT NULL,
  `SPRINTS_ENABLED` tinyint(1) DEFAULT NULL,
  `SWIMLANE_STRATEGY` varchar(255) COLLATE utf8mb4_bin DEFAULT NULL,
  PRIMARY KEY (`ID`)
) ENGINE=InnoDB AUTO_INCREMENT=3 DEFAULT CHARSET=utf8mb4 COLLATE=utf8mb4_bin;
/*!40101 SET character_set_client = @saved_cs_client */;

--
-- Dumping data for table `AO_60DB71_RAPIDVIEW`
--

LOCK TABLES `AO_60DB71_RAPIDVIEW` WRITE;
/*!40000 ALTER TABLE `AO_60DB71_RAPIDVIEW` DISABLE KEYS */;
INSERT INTO `AO_60DB71_RAPIDVIEW` VALUES ('none',1,NULL,'DDRFLAS board','NONE','JIRAUSER10000',1,10000,0,1,1,'parentChild'),('none',2,NULL,'CPUT board','NONE','JIRAUSER10000',1,10001,0,1,1,'parentChild');
/*!40000 ALTER TABLE `AO_60DB71_RAPIDVIEW` ENABLE KEYS */;
UNLOCK TABLES;

--
-- Table structure for table `AO_60DB71_SPRINT`
--

DROP TABLE IF EXISTS `AO_60DB71_SPRINT`;
/*!40101 SET @saved_cs_client     = @@character_set_client */;
/*!40101 SET character_set_client = utf8 */;
CREATE TABLE `AO_60DB71_SPRINT` (
  `ACTIVATED_DATE` bigint(20) DEFAULT NULL,
  `CLOSED` tinyint(1) NOT NULL,
  `COMPLETE_DATE` bigint(20) DEFAULT NULL,
  `END_DATE` bigint(20) DEFAULT NULL,
  `GOAL` longtext COLLATE utf8mb4_bin,
  `ID` bigint(20) NOT NULL AUTO_INCREMENT,
  `NAME` varchar(255) COLLATE utf8mb4_bin NOT NULL,
  `RAPID_VIEW_ID` bigint(20) DEFAULT NULL,
  `SEQUENCE` bigint(20) DEFAULT NULL,
  `STARTED` tinyint(1) DEFAULT NULL,
  `START_DATE` bigint(20) DEFAULT NULL,
  PRIMARY KEY (`ID`),
  KEY `index_ao_60db71_spr1457658269` (`SEQUENCE`)
) ENGINE=InnoDB DEFAULT CHARSET=utf8mb4 COLLATE=utf8mb4_bin;
/*!40101 SET character_set_client = @saved_cs_client */;

--
-- Dumping data for table `AO_60DB71_SPRINT`
--

LOCK TABLES `AO_60DB71_SPRINT` WRITE;
/*!40000 ALTER TABLE `AO_60DB71_SPRINT` DISABLE KEYS */;
/*!40000 ALTER TABLE `AO_60DB71_SPRINT` ENABLE KEYS */;
UNLOCK TABLES;

--
-- Table structure for table `AO_60DB71_STATSFIELD`
--

DROP TABLE IF EXISTS `AO_60DB71_STATSFIELD`;
/*!40101 SET @saved_cs_client     = @@character_set_client */;
/*!40101 SET character_set_client = utf8 */;
CREATE TABLE `AO_60DB71_STATSFIELD` (
  `ID` bigint(20) NOT NULL AUTO_INCREMENT,
  `RAPID_VIEW_ID` bigint(20) NOT NULL,
  `TYPE_ID` varchar(255) COLLATE utf8mb4_bin NOT NULL,
  PRIMARY KEY (`ID`),
  KEY `index_ao_60db71_sta1907922871` (`RAPID_VIEW_ID`),
  CONSTRAINT `fk_ao_60db71_statsfield_rapid_view_id` FOREIGN KEY (`RAPID_VIEW_ID`) REFERENCES `AO_60DB71_RAPIDVIEW` (`ID`)
) ENGINE=InnoDB AUTO_INCREMENT=3 DEFAULT CHARSET=utf8mb4 COLLATE=utf8mb4_bin;
/*!40101 SET character_set_client = @saved_cs_client */;

--
-- Dumping data for table `AO_60DB71_STATSFIELD`
--

LOCK TABLES `AO_60DB71_STATSFIELD` WRITE;
/*!40000 ALTER TABLE `AO_60DB71_STATSFIELD` DISABLE KEYS */;
INSERT INTO `AO_60DB71_STATSFIELD` VALUES (1,1,'none'),(2,2,'none');
/*!40000 ALTER TABLE `AO_60DB71_STATSFIELD` ENABLE KEYS */;
UNLOCK TABLES;

--
-- Table structure for table `AO_60DB71_SUBQUERY`
--

DROP TABLE IF EXISTS `AO_60DB71_SUBQUERY`;
/*!40101 SET @saved_cs_client     = @@character_set_client */;
/*!40101 SET character_set_client = utf8 */;
CREATE TABLE `AO_60DB71_SUBQUERY` (
  `ID` bigint(20) NOT NULL AUTO_INCREMENT,
  `LONG_QUERY` longtext COLLATE utf8mb4_bin,
  `QUERY` varchar(255) COLLATE utf8mb4_bin DEFAULT NULL,
  `RAPID_VIEW_ID` bigint(20) DEFAULT NULL,
  `SECTION` varchar(255) COLLATE utf8mb4_bin NOT NULL,
  PRIMARY KEY (`ID`),
  KEY `index_ao_60db71_sub730851836` (`RAPID_VIEW_ID`),
  CONSTRAINT `fk_ao_60db71_subquery_rapid_view_id` FOREIGN KEY (`RAPID_VIEW_ID`) REFERENCES `AO_60DB71_RAPIDVIEW` (`ID`)
) ENGINE=InnoDB DEFAULT CHARSET=utf8mb4 COLLATE=utf8mb4_bin;
/*!40101 SET character_set_client = @saved_cs_client */;

--
-- Dumping data for table `AO_60DB71_SUBQUERY`
--

LOCK TABLES `AO_60DB71_SUBQUERY` WRITE;
/*!40000 ALTER TABLE `AO_60DB71_SUBQUERY` DISABLE KEYS */;
/*!40000 ALTER TABLE `AO_60DB71_SUBQUERY` ENABLE KEYS */;
UNLOCK TABLES;

--
-- Table structure for table `AO_60DB71_SWIMLANE`
--

DROP TABLE IF EXISTS `AO_60DB71_SWIMLANE`;
/*!40101 SET @saved_cs_client     = @@character_set_client */;
/*!40101 SET character_set_client = utf8 */;
CREATE TABLE `AO_60DB71_SWIMLANE` (
  `DEFAULT_LANE` tinyint(1) NOT NULL,
  `DESCRIPTION` varchar(255) COLLATE utf8mb4_bin DEFAULT NULL,
  `ID` bigint(20) NOT NULL AUTO_INCREMENT,
  `LONG_QUERY` longtext COLLATE utf8mb4_bin,
  `NAME` varchar(255) COLLATE utf8mb4_bin NOT NULL,
  `POS` int(11) NOT NULL DEFAULT '0',
  `QUERY` varchar(255) COLLATE utf8mb4_bin DEFAULT NULL,
  `RAPID_VIEW_ID` bigint(20) NOT NULL,
  PRIMARY KEY (`ID`),
  KEY `index_ao_60db71_swi1429284592` (`RAPID_VIEW_ID`),
  CONSTRAINT `fk_ao_60db71_swimlane_rapid_view_id` FOREIGN KEY (`RAPID_VIEW_ID`) REFERENCES `AO_60DB71_RAPIDVIEW` (`ID`)
) ENGINE=InnoDB AUTO_INCREMENT=3 DEFAULT CHARSET=utf8mb4 COLLATE=utf8mb4_bin;
/*!40101 SET character_set_client = @saved_cs_client */;

--
-- Dumping data for table `AO_60DB71_SWIMLANE`
--

LOCK TABLES `AO_60DB71_SWIMLANE` WRITE;
/*!40000 ALTER TABLE `AO_60DB71_SWIMLANE` DISABLE KEYS */;
INSERT INTO `AO_60DB71_SWIMLANE` VALUES (1,'',1,'','gh.rapid.swimlane.default.name',0,NULL,1),(1,'',2,'','gh.rapid.swimlane.default.name',0,NULL,2);
/*!40000 ALTER TABLE `AO_60DB71_SWIMLANE` ENABLE KEYS */;
UNLOCK TABLES;

--
-- Table structure for table `AO_60DB71_TRACKINGSTATISTIC`
--

DROP TABLE IF EXISTS `AO_60DB71_TRACKINGSTATISTIC`;
/*!40101 SET @saved_cs_client     = @@character_set_client */;
/*!40101 SET character_set_client = utf8 */;
CREATE TABLE `AO_60DB71_TRACKINGSTATISTIC` (
  `FIELD_ID` varchar(255) COLLATE utf8mb4_bin DEFAULT NULL,
  `ID` bigint(20) NOT NULL AUTO_INCREMENT,
  `RAPID_VIEW_ID` bigint(20) NOT NULL,
  `TYPE_ID` varchar(255) COLLATE utf8mb4_bin NOT NULL,
  PRIMARY KEY (`ID`),
  KEY `index_ao_60db71_tra1711190333` (`RAPID_VIEW_ID`),
  CONSTRAINT `fk_ao_60db71_trackingstatistic_rapid_view_id` FOREIGN KEY (`RAPID_VIEW_ID`) REFERENCES `AO_60DB71_RAPIDVIEW` (`ID`)
) ENGINE=InnoDB AUTO_INCREMENT=3 DEFAULT CHARSET=utf8mb4 COLLATE=utf8mb4_bin;
/*!40101 SET character_set_client = @saved_cs_client */;

--
-- Dumping data for table `AO_60DB71_TRACKINGSTATISTIC`
--

LOCK TABLES `AO_60DB71_TRACKINGSTATISTIC` WRITE;
/*!40000 ALTER TABLE `AO_60DB71_TRACKINGSTATISTIC` DISABLE KEYS */;
INSERT INTO `AO_60DB71_TRACKINGSTATISTIC` VALUES (NULL,1,1,'none'),(NULL,2,2,'none');
/*!40000 ALTER TABLE `AO_60DB71_TRACKINGSTATISTIC` ENABLE KEYS */;
UNLOCK TABLES;

--
-- Table structure for table `AO_60DB71_VERSION`
--

DROP TABLE IF EXISTS `AO_60DB71_VERSION`;
/*!40101 SET @saved_cs_client     = @@character_set_client */;
/*!40101 SET character_set_client = utf8 */;
CREATE TABLE `AO_60DB71_VERSION` (
  `ID` bigint(20) NOT NULL AUTO_INCREMENT,
  `START_DATE` bigint(20) DEFAULT NULL,
  `VERSION_ID` bigint(20) NOT NULL,
  PRIMARY KEY (`ID`)
) ENGINE=InnoDB DEFAULT CHARSET=utf8mb4 COLLATE=utf8mb4_bin;
/*!40101 SET character_set_client = @saved_cs_client */;

--
-- Dumping data for table `AO_60DB71_VERSION`
--

LOCK TABLES `AO_60DB71_VERSION` WRITE;
/*!40000 ALTER TABLE `AO_60DB71_VERSION` DISABLE KEYS */;
/*!40000 ALTER TABLE `AO_60DB71_VERSION` ENABLE KEYS */;
UNLOCK TABLES;

--
-- Table structure for table `AO_60DB71_WORKINGDAYS`
--

DROP TABLE IF EXISTS `AO_60DB71_WORKINGDAYS`;
/*!40101 SET @saved_cs_client     = @@character_set_client */;
/*!40101 SET character_set_client = utf8 */;
CREATE TABLE `AO_60DB71_WORKINGDAYS` (
  `FRIDAY` tinyint(1) NOT NULL,
  `ID` bigint(20) NOT NULL AUTO_INCREMENT,
  `MONDAY` tinyint(1) NOT NULL,
  `RAPID_VIEW_ID` bigint(20) NOT NULL,
  `SATURDAY` tinyint(1) NOT NULL,
  `SUNDAY` tinyint(1) NOT NULL,
  `THURSDAY` tinyint(1) NOT NULL,
  `TIMEZONE` varchar(255) COLLATE utf8mb4_bin NOT NULL,
  `TUESDAY` tinyint(1) NOT NULL,
  `WEDNESDAY` tinyint(1) NOT NULL,
  PRIMARY KEY (`ID`),
  KEY `index_ao_60db71_wor1205491794` (`RAPID_VIEW_ID`),
  CONSTRAINT `fk_ao_60db71_workingdays_rapid_view_id` FOREIGN KEY (`RAPID_VIEW_ID`) REFERENCES `AO_60DB71_RAPIDVIEW` (`ID`)
) ENGINE=InnoDB AUTO_INCREMENT=3 DEFAULT CHARSET=utf8mb4 COLLATE=utf8mb4_bin;
/*!40101 SET character_set_client = @saved_cs_client */;

--
-- Dumping data for table `AO_60DB71_WORKINGDAYS`
--

LOCK TABLES `AO_60DB71_WORKINGDAYS` WRITE;
/*!40000 ALTER TABLE `AO_60DB71_WORKINGDAYS` DISABLE KEYS */;
INSERT INTO `AO_60DB71_WORKINGDAYS` VALUES (1,1,1,1,0,0,1,'defaultTimeZoneId',1,1),(1,2,1,2,0,0,1,'Asia/Shanghai',1,1);
/*!40000 ALTER TABLE `AO_60DB71_WORKINGDAYS` ENABLE KEYS */;
UNLOCK TABLES;

--
-- Table structure for table `AO_733371_EVENT`
--

DROP TABLE IF EXISTS `AO_733371_EVENT`;
/*!40101 SET @saved_cs_client     = @@character_set_client */;
/*!40101 SET character_set_client = utf8 */;
CREATE TABLE `AO_733371_EVENT` (
  `ACTION` varchar(255) COLLATE utf8mb4_bin DEFAULT NULL,
  `ACTION_ID` varchar(255) COLLATE utf8mb4_bin DEFAULT NULL,
  `CREATED` datetime NOT NULL,
  `EVENT_BUNDLE_ID` varchar(255) COLLATE utf8mb4_bin DEFAULT NULL,
  `EVENT_TYPE` bigint(20) NOT NULL,
  `ID` bigint(20) NOT NULL AUTO_INCREMENT,
  `USER_KEY` varchar(255) COLLATE utf8mb4_bin DEFAULT NULL,
  PRIMARY KEY (`ID`),
  KEY `index_ao_733371_eve902883849` (`EVENT_TYPE`),
  KEY `index_ao_733371_event_created` (`CREATED`),
  KEY `index_ao_733371_event_user_key` (`USER_KEY`),
  KEY `index_ao_733371_event_action` (`ACTION`),
  KEY `index_ao_733371_eve673683319` (`EVENT_BUNDLE_ID`)
) ENGINE=InnoDB AUTO_INCREMENT=58 DEFAULT CHARSET=utf8mb4 COLLATE=utf8mb4_bin;
/*!40101 SET character_set_client = @saved_cs_client */;

--
-- Dumping data for table `AO_733371_EVENT`
--

LOCK TABLES `AO_733371_EVENT` WRITE;
/*!40000 ALTER TABLE `AO_733371_EVENT` DISABLE KEYS */;
INSERT INTO `AO_733371_EVENT` VALUES (NULL,NULL,'2022-09-02 08:03:26','39c2f9a3-b1a3-4c2b-85db-5ceee159f14c',1,9,'JIRAUSER10000'),(NULL,NULL,'2022-09-02 08:03:35','3b265224-b6e0-4bc2-b491-1865bdd04852',3,10,'JIRAUSER10000'),(NULL,NULL,'2022-09-02 08:03:35','3b265224-b6e0-4bc2-b491-1865bdd04852',2,11,'JIRAUSER10000'),(NULL,NULL,'2022-09-02 08:04:25','51113cde-5caf-4c0b-941b-2a5189860001',1,12,'JIRAUSER10000'),(NULL,NULL,'2022-09-02 08:05:22','4f93c971-4da4-49d6-841b-a4d4e2c58a91',1,13,'JIRAUSER10000'),(NULL,NULL,'2022-09-05 05:56:05','994f67e9-3a2e-429e-bf8d-165c4d092cb7',1,14,'JIRAUSER10000'),(NULL,NULL,'2022-09-06 05:45:39','9acfae52-161c-43f9-8492-c4fa500cc45e',6,15,'JIRAUSER10000'),(NULL,NULL,'2022-09-06 05:49:39','b361113b-1cf7-422a-86ad-f991814a5315',6,16,'JIRAUSER10000'),(NULL,NULL,'2022-09-06 05:55:27','b66e9ec2-d5c5-4bbc-b509-3f913132a937',2,17,'JIRAUSER10000'),(NULL,NULL,'2022-09-06 05:56:56','c9564f12-c1bd-4a95-b191-d5a650cf9fce',1,18,'JIRAUSER10000'),(NULL,NULL,'2022-09-06 05:57:22','bff22cd9-53d6-453b-9718-cdfbf81813e0',1,19,'JIRAUSER10000'),(NULL,NULL,'2022-09-06 05:58:36','dfd489bf-b6c0-4e2a-9e08-2f9d273b9c9f',2,20,'JIRAUSER10000'),(NULL,NULL,'2022-09-06 05:59:06','537f99dd-fb63-458b-a6d2-13293ffe7285',2,21,'JIRAUSER10000'),(NULL,NULL,'2022-09-07 01:07:12','e6174d72-03c4-4259-9137-00469dd88a0f',2,22,'JIRAUSER10000'),(NULL,NULL,'2022-09-07 01:11:45','3f8ef54a-b822-4d99-ac20-f49e87b031ad',2,23,'JIRAUSER10000'),(NULL,NULL,'2022-09-07 01:11:45','f7bf6a55-a203-4235-833f-77b9183111b1',2,24,'JIRAUSER10000'),(NULL,NULL,'2022-09-07 01:13:43','0aea64e9-5086-42ad-8547-8ba042c12d7e',2,25,'JIRAUSER10000'),(NULL,NULL,'2022-09-07 01:13:46','adf88af8-b58b-4636-8b4e-62eb769228c5',6,26,'JIRAUSER10000'),(NULL,NULL,'2022-09-07 11:41:53','0b5ff86d-473b-465e-8a50-b369cc3f480d',6,27,'JIRAUSER10000'),(NULL,NULL,'2022-09-08 01:05:58','d0772a54-636e-4c11-ae1c-2841193dae25',13,28,'JIRAUSER10000'),(NULL,NULL,'2022-09-08 01:06:00','c121f797-90aa-472d-b2f8-96accfd4b346',13,29,'JIRAUSER10000'),(NULL,NULL,'2022-09-08 01:17:30','accd1a19-ff71-4800-babf-696402e598b6',3,30,'JIRAUSER10000'),(NULL,NULL,'2022-09-08 01:17:30','accd1a19-ff71-4800-babf-696402e598b6',2,31,'JIRAUSER10000'),(NULL,NULL,'2022-09-08 08:01:17','e6d2c8b6-8d18-4511-b090-6928f75bf8b1',1,32,'JIRAUSER10000'),(NULL,NULL,'2022-09-09 02:26:37','8b494a52-335f-4b94-8187-109883fc4821',1,33,'JIRAUSER10000'),(NULL,NULL,'2022-09-09 02:26:41','c7bfe86f-3be5-44ca-8f77-ef52b47c7431',3,34,'JIRAUSER10000'),(NULL,NULL,'2022-09-09 02:26:41','c7bfe86f-3be5-44ca-8f77-ef52b47c7431',2,35,'JIRAUSER10000'),(NULL,NULL,'2022-09-09 02:26:43','a699fa2d-0a51-4490-ac68-ee9671146ab0',13,36,'JIRAUSER10000'),(NULL,NULL,'2022-09-09 02:27:13','0c2d4df3-c14b-4a9d-a139-d76ffaa8880a',3,37,'JIRAUSER10000'),(NULL,NULL,'2022-09-09 02:27:13','0c2d4df3-c14b-4a9d-a139-d76ffaa8880a',2,38,'JIRAUSER10000'),(NULL,NULL,'2022-09-09 07:58:10','ab6fd67f-18b5-48ec-8178-3381e3d6b4eb',1,39,'JIRAUSER10000'),(NULL,NULL,'2022-09-09 07:59:06','8e81bea8-00b2-4e78-8832-be9b3665d5b4',1,40,'JIRAUSER10000'),(NULL,NULL,'2022-09-09 07:59:25','e77129f2-c1ed-4dbe-8dc4-c3b149da1def',6,41,'JIRAUSER10000'),(NULL,NULL,'2022-09-09 07:59:28','3036cf98-d79f-48c7-a6b4-697d36ca88fe',13,42,'JIRAUSER10000'),(NULL,NULL,'2022-09-09 07:59:39','6901857b-51c2-4763-99cf-3f6feae3a3ea',3,43,'JIRAUSER10000'),(NULL,NULL,'2022-09-09 07:59:39','6901857b-51c2-4763-99cf-3f6feae3a3ea',2,44,'JIRAUSER10000'),(NULL,NULL,'2022-09-13 08:33:06','d6db73ef-3446-44a6-927e-1bde0c547811',13,45,'JIRAUSER10000'),(NULL,NULL,'2022-09-13 08:33:37','7f373273-9c6b-4a90-b4df-a3b94862d4e2',6,46,'JIRAUSER10000'),(NULL,NULL,'2022-09-13 08:34:09','035135f7-db03-4785-9284-386a56fb0631',13,47,'JIRAUSER10000'),(NULL,NULL,'2022-09-13 08:41:27','641d17e0-ebce-4208-9c4a-498948f65d63',1,48,'JIRAUSER10000'),(NULL,NULL,'2022-09-13 09:01:35','52676e6f-4319-4294-ab4b-fde1b3a29484',6,49,'JIRAUSER10000'),(NULL,NULL,'2022-09-14 03:05:50','e9d6946c-ca59-4745-a9fc-f65ceff4875c',1,50,'JIRAUSER10000'),(NULL,NULL,'2022-09-14 03:05:57','64fd846b-d3f8-421c-a520-58c9f521b929',3,51,'JIRAUSER10000'),(NULL,NULL,'2022-09-14 03:05:57','64fd846b-d3f8-421c-a520-58c9f521b929',2,52,'JIRAUSER10000'),(NULL,NULL,'2022-09-14 03:05:59','0c3e7238-6d47-41b4-b815-7b3608ee8d43',13,53,'JIRAUSER10000'),(NULL,NULL,'2022-09-14 05:58:38','3319d3f1-cdef-4ae0-bc08-eb9e2e0697a8',1,54,'JIRAUSER10000'),(NULL,NULL,'2022-09-14 05:58:42','05a270a4-4f73-472b-a04a-c329771d00d5',3,55,'JIRAUSER10000'),(NULL,NULL,'2022-09-14 05:58:42','05a270a4-4f73-472b-a04a-c329771d00d5',2,56,'JIRAUSER10000'),(NULL,NULL,'2022-09-14 05:59:30','9c1d1d72-d444-468b-8484-b10ef19f7d82',2,57,'JIRAUSER10000');
/*!40000 ALTER TABLE `AO_733371_EVENT` ENABLE KEYS */;
UNLOCK TABLES;

--
-- Table structure for table `AO_733371_EVENT_PARAMETER`
--

DROP TABLE IF EXISTS `AO_733371_EVENT_PARAMETER`;
/*!40101 SET @saved_cs_client     = @@character_set_client */;
/*!40101 SET character_set_client = utf8 */;
CREATE TABLE `AO_733371_EVENT_PARAMETER` (
  `EVENT_ID` bigint(20) NOT NULL,
  `ID` bigint(20) NOT NULL AUTO_INCREMENT,
  `NAME` varchar(255) COLLATE utf8mb4_bin NOT NULL,
  `VALUE` longtext COLLATE utf8mb4_bin,
  PRIMARY KEY (`ID`),
  KEY `index_ao_733371_eve704112384` (`EVENT_ID`),
  KEY `index_ao_733371_eve1423945899` (`NAME`),
  CONSTRAINT `fk_ao_733371_event_parameter_event_id` FOREIGN KEY (`EVENT_ID`) REFERENCES `AO_733371_EVENT` (`ID`)
) ENGINE=InnoDB AUTO_INCREMENT=1031 DEFAULT CHARSET=utf8mb4 COLLATE=utf8mb4_bin;
/*!40101 SET character_set_client = @saved_cs_client */;

--
-- Dumping data for table `AO_733371_EVENT_PARAMETER`
--

LOCK TABLES `AO_733371_EVENT_PARAMETER` WRITE;
/*!40000 ALTER TABLE `AO_733371_EVENT_PARAMETER` DISABLE KEYS */;
INSERT INTO `AO_733371_EVENT_PARAMETER` VALUES (9,141,'jira#issuetype#newstring#0','Story'),(9,142,'object#issue#created_date#0','1662105806000'),(9,143,'jira#summary#newstring#0','G2030 6771自动化测试'),(9,144,'object#issue#summary#0','G2030 6771自动化测试'),(9,145,'jira#issuetype#newvalue#0','10001'),(9,146,'jira#reporter#newvalue#0','JIRAUSER10000'),(9,147,'JIRA_EVENT_PARAMETERS','{\"eventsource\":\"workflow\"}'),(9,148,'object#issue#status_category#0','new'),(9,149,'object#issue#type#0','10001'),(9,150,'object#issue#id#0','10001'),(9,151,'jira#createddate#newvalue#0','1662105806000'),(9,152,'object#project#from_name#0','kmsjira (Jira)'),(9,153,'object#issue#status_id#0','10000'),(9,154,'object#project#name#0','CPUTESTS'),(9,155,'jira#reporter#newstring#0','kmsjira'),(9,156,'jira#priority#newvalue#0','3'),(9,157,'object#issue#status_name#0','To Do'),(9,158,'object#project#id#0','10001'),(9,159,'jira#priority#newstring#0','Medium'),(9,160,'object#project#email#0',NULL),(9,161,'object#issue#key#0','CPUT-1'),(10,162,'jira#assignee#newstring#0','kmsjira'),(10,163,'object#issue#created_date#0','1662105806000'),(10,164,'jira#assignee#oldvalue#0',NULL),(10,165,'object#issue#summary#0','G2030 6771自动化测试'),(10,166,'JIRA_EVENT_PARAMETERS','{\"eventsource\":\"action\"}'),(10,167,'object#issue#status_category#0','new'),(10,168,'object#issue#type#0','10001'),(10,169,'object#issue#id#0','10001'),(10,170,'object#project#from_name#0','kmsjira (Jira)'),(10,171,'object#issue#status_id#0','10000'),(10,172,'object#project#name#0','CPUTESTS'),(10,173,'object#issue#status_name#0','To Do'),(10,174,'jira#assignee#oldstring#0',NULL),(10,175,'object#project#id#0','10001'),(10,176,'object#project#email#0',NULL),(10,177,'jira#assignee#newvalue#0','JIRAUSER10000'),(10,178,'object#issue#key#0','CPUT-1'),(11,179,'jira#assignee#newstring#0','kmsjira'),(11,180,'object#issue#created_date#0','1662105806000'),(11,181,'jira#assignee#oldvalue#0',NULL),(11,182,'object#issue#summary#0','G2030 6771自动化测试'),(11,183,'JIRA_EVENT_PARAMETERS','{\"eventsource\":\"action\"}'),(11,184,'object#issue#status_category#0','new'),(11,185,'object#issue#type#0','10001'),(11,186,'object#issue#id#0','10001'),(11,187,'object#project#from_name#0','kmsjira (Jira)'),(11,188,'object#issue#status_id#0','10000'),(11,189,'object#project#name#0','CPUTESTS'),(11,190,'object#issue#status_name#0','To Do'),(11,191,'jira#assignee#oldstring#0',NULL),(11,192,'object#project#id#0','10001'),(11,193,'object#project#email#0',NULL),(11,194,'jira#assignee#newvalue#0','JIRAUSER10000'),(11,195,'object#issue#key#0','CPUT-1'),(12,196,'jira#issuetype#newstring#0','Sub-task'),(12,197,'object#issue#created_date#0','1662105864000'),(12,198,'jira#summary#newstring#0','多台机器 WIFI测试速度会变慢'),(12,199,'object#issue#summary#0','多台机器 WIFI测试速度会变慢'),(12,200,'jira#issuetype#newvalue#0','10003'),(12,201,'jira#reporter#newvalue#0','JIRAUSER10000'),(12,202,'JIRA_EVENT_PARAMETERS','{\"eventsource\":\"workflow\"}'),(12,203,'object#issue#status_category#0','new'),(12,204,'object#issue#type#0','10003'),(12,205,'object#issue#id#0','10002'),(12,206,'jira#createddate#newvalue#0','1662105864000'),(12,207,'object#project#from_name#0','kmsjira (Jira)'),(12,208,'object#issue#status_id#0','10000'),(12,209,'object#project#name#0','CPUTESTS'),(12,210,'jira#reporter#newstring#0','kmsjira'),(12,211,'jira#priority#newvalue#0','3'),(12,212,'object#issue#status_name#0','To Do'),(12,213,'object#project#id#0','10001'),(12,214,'jira#priority#newstring#0','Medium'),(12,215,'object#project#email#0',NULL),(12,216,'object#issue#key#0','CPUT-2'),(13,217,'jira#issuetype#newstring#0','Sub-task'),(13,218,'object#issue#created_date#0','1662105922000'),(13,219,'jira#summary#newstring#0','GPS测试时要放大器拿很近，接天线无效'),(13,220,'object#issue#summary#0','GPS测试时要放大器拿很近，接天线无效'),(13,221,'jira#issuetype#newvalue#0','10003'),(13,222,'jira#reporter#newvalue#0','JIRAUSER10000'),(13,223,'JIRA_EVENT_PARAMETERS','{\"eventsource\":\"workflow\"}'),(13,224,'object#issue#status_category#0','new'),(13,225,'object#issue#type#0','10003'),(13,226,'object#issue#id#0','10003'),(13,227,'jira#createddate#newvalue#0','1662105922000'),(13,228,'object#project#from_name#0','kmsjira (Jira)'),(13,229,'object#issue#status_id#0','10000'),(13,230,'object#project#name#0','CPUTESTS'),(13,231,'jira#reporter#newstring#0','kmsjira'),(13,232,'jira#priority#newvalue#0','3'),(13,233,'object#issue#status_name#0','To Do'),(13,234,'object#project#id#0','10001'),(13,235,'jira#priority#newstring#0','Medium'),(13,236,'object#project#email#0',NULL),(13,237,'object#issue#key#0','CPUT-3'),(14,238,'jira#issuetype#newstring#0','Sub-task'),(14,239,'object#issue#created_date#0','1662357365000'),(14,240,'jira#summary#newstring#0','电话还是有概率FAILED'),(14,241,'object#issue#summary#0','电话还是有概率FAILED'),(14,242,'jira#issuetype#newvalue#0','10003'),(14,243,'jira#reporter#newvalue#0','JIRAUSER10000'),(14,244,'JIRA_EVENT_PARAMETERS','{\"eventsource\":\"workflow\"}'),(14,245,'object#issue#status_category#0','new'),(14,246,'object#issue#type#0','10003'),(14,247,'object#issue#id#0','10004'),(14,248,'jira#createddate#newvalue#0','1662357365000'),(14,249,'object#project#from_name#0','kmsjira (Jira)'),(14,250,'object#issue#status_id#0','10000'),(14,251,'object#project#name#0','CPUTESTS'),(14,252,'jira#reporter#newstring#0','kmsjira'),(14,253,'jira#priority#newvalue#0','3'),(14,254,'object#issue#status_name#0','To Do'),(14,255,'object#project#id#0','10001'),(14,256,'jira#priority#newstring#0','Medium'),(14,257,'object#project#email#0',NULL),(14,258,'object#issue#key#0','CPUT-4'),(15,259,'object#issue#created_date#0','1662357365000'),(15,260,'jira#Comment#newvalue#0','从LOG及录音分析 看，是连续4次打电话录音都没有声音，可能是没有打出去。增加重试次数到8次。\r\n\r\n '),(15,261,'object#issue#summary#0','电话还是有概率FAILED'),(15,262,'JIRA_EVENT_PARAMETERS','{\"eventsource\":\"action\"}'),(15,263,'object#issue#status_category#0','new'),(15,264,'object#issue#type#0','10003'),(15,265,'object#issue#id#0','10004'),(15,266,'comment_id','10000'),(15,267,'object#project#from_name#0','kmsjira (Jira)'),(15,268,'object#issue#status_id#0','10000'),(15,269,'object#project#name#0','CPUTESTS'),(15,270,'object#issue#status_name#0','To Do'),(15,271,'object#project#id#0','10001'),(15,272,'jira#Comment#newstring#0','<p>从LOG及录音分析 看，是连续4次打电话录音都没有声音，可能是没有打出去。增加重试次数到8次。</p>\n\n<p> </p>'),(15,273,'object#project#email#0',NULL),(15,274,'object#issue#key#0','CPUT-4'),(16,275,'object#issue#created_date#0','1662105864000'),(16,276,'jira#Comment#newvalue#0','增加每台机器可以指定连接不同热点。看速度会不会下降。 用PC测试，服务器2台PC同时下载有110M的总速度。'),(16,277,'object#issue#summary#0','多台机器 WIFI测试速度会变慢'),(16,278,'JIRA_EVENT_PARAMETERS','{\"eventsource\":\"action\"}'),(16,279,'object#issue#status_category#0','new'),(16,280,'object#issue#type#0','10003'),(16,281,'object#issue#id#0','10002'),(16,282,'comment_id','10001'),(16,283,'object#project#from_name#0','kmsjira (Jira)'),(16,284,'object#issue#status_id#0','10000'),(16,285,'object#project#name#0','CPUTESTS'),(16,286,'object#issue#status_name#0','To Do'),(16,287,'object#project#id#0','10001'),(16,288,'jira#Comment#newstring#0','<p>增加每台机器可以指定连接不同热点。看速度会不会下降。 用PC测试，服务器2台PC同时下载有110M的总速度。</p>'),(16,289,'object#project#email#0',NULL),(16,290,'object#issue#key#0','CPUT-2'),(17,291,'object#issue#created_date#0','1662105922000'),(17,292,'object#issue#summary#0','GPS测试时要放大器拿很近，接天线无效'),(17,293,'JIRA_EVENT_PARAMETERS','{\"eventsource\":\"action\"}'),(17,294,'object#issue#status_category#0','new'),(17,295,'object#issue#type#0','10003'),(17,296,'jira#description#oldstring#0',NULL),(17,297,'object#issue#id#0','10003'),(17,298,'object#project#from_name#0','kmsjira (Jira)'),(17,299,'jira#description#oldvalue#0',NULL),(17,300,'jira#description#newvalue#0',NULL),(17,301,'jira#description#newstring#0','1： 对比其它型号的夹具，及手机，看看是放大器问题，还是主板问题。 距离要这么近。'),(17,302,'object#issue#status_id#0','10000'),(17,303,'object#project#name#0','CPUTESTS'),(17,304,'object#issue#status_name#0','To Do'),(17,305,'object#project#id#0','10001'),(17,306,'object#project#email#0',NULL),(17,307,'object#issue#key#0','CPUT-3'),(18,308,'jira#issuetype#newstring#0','Sub-task'),(18,309,'object#issue#created_date#0','1662443816000'),(18,310,'jira#summary#newstring#0','供应商提供测试报告'),(18,311,'object#issue#summary#0','供应商提供测试报告'),(18,312,'jira#issuetype#newvalue#0','10003'),(18,313,'jira#reporter#newvalue#0','JIRAUSER10000'),(18,314,'JIRA_EVENT_PARAMETERS','{\"eventsource\":\"workflow\"}'),(18,315,'object#issue#status_category#0','new'),(18,316,'object#issue#type#0','10003'),(18,317,'object#issue#id#0','10005'),(18,318,'jira#createddate#newvalue#0','1662443816000'),(18,319,'object#project#from_name#0','kmsjira (Jira)'),(18,320,'object#issue#status_id#0','10000'),(18,321,'object#project#name#0','DDR_FLASHS'),(18,322,'jira#reporter#newstring#0','kmsjira'),(18,323,'jira#priority#newvalue#0','3'),(18,324,'object#issue#status_name#0','To Do'),(18,325,'object#project#id#0','10000'),(18,326,'jira#priority#newstring#0','Medium'),(18,327,'object#project#email#0',NULL),(18,328,'object#issue#key#0','DDRFLAS-2'),(19,329,'jira#issuetype#newstring#0','Sub-task'),(19,330,'object#issue#created_date#0','1662443842000'),(19,331,'jira#summary#newstring#0','新批次的2G D4X物料验证'),(19,332,'object#issue#summary#0','新批次的2G D4X物料验证'),(19,333,'jira#issuetype#newvalue#0','10003'),(19,334,'jira#reporter#newvalue#0','JIRAUSER10000'),(19,335,'JIRA_EVENT_PARAMETERS','{\"eventsource\":\"workflow\"}'),(19,336,'object#issue#status_category#0','new'),(19,337,'object#issue#type#0','10003'),(19,338,'object#issue#id#0','10006'),(19,339,'jira#createddate#newvalue#0','1662443842000'),(19,340,'object#project#from_name#0','kmsjira (Jira)'),(19,341,'object#issue#status_id#0','10000'),(19,342,'object#project#name#0','DDR_FLASHS'),(19,343,'jira#reporter#newstring#0','kmsjira'),(19,344,'jira#priority#newvalue#0','3'),(19,345,'object#issue#status_name#0','To Do'),(19,346,'object#project#id#0','10000'),(19,347,'jira#priority#newstring#0','Medium'),(19,348,'object#project#email#0',NULL),(19,349,'object#issue#key#0','DDRFLAS-3'),(20,350,'object#issue#created_date#0','1662443842000'),(20,351,'jira#Attachment#oldvalue#0',NULL),(20,352,'object#issue#summary#0','新批次的2G D4X物料验证'),(20,353,'jira#Attachment#newstring#0','EL4BXBBBB1-XOMR 批4800良率报表(1)(2)(1)(2).xlsx'),(20,354,'jira#Attachment#newvalue#0','10001'),(20,355,'JIRA_EVENT_PARAMETERS','{\"eventsource\":\"action\"}'),(20,356,'object#issue#status_category#0','new'),(20,357,'object#issue#type#0','10003'),(20,358,'object#issue#id#0','10006'),(20,359,'object#project#from_name#0','kmsjira (Jira)'),(20,360,'object#issue#status_id#0','10000'),(20,361,'object#project#name#0','DDR_FLASHS'),(20,362,'jira#Attachment#oldstring#0',NULL),(20,363,'object#issue#status_name#0','To Do'),(20,364,'object#project#id#0','10000'),(20,365,'object#project#email#0',NULL),(20,366,'object#issue#key#0','DDRFLAS-3'),(21,367,'object#issue#created_date#0','1662443842000'),(21,368,'object#issue#summary#0','新批次的2G D4X物料验证'),(21,369,'JIRA_EVENT_PARAMETERS','{\"eventsource\":\"action\"}'),(21,370,'object#issue#status_category#0','new'),(21,371,'object#issue#type#0','10003'),(21,372,'jira#description#oldstring#0',NULL),(21,373,'object#issue#id#0','10006'),(21,374,'object#project#from_name#0','kmsjira (Jira)'),(21,375,'jira#description#oldvalue#0',NULL),(21,376,'jira#description#newvalue#0',NULL),(21,377,'jira#description#newstring#0','[^EL4BXBBBB1-XOMR 批4800良率报表(1)(2)(1)(2).xlsx]\r\n\r\n新物料每次测试仍是有失效的问题'),(21,378,'object#issue#status_id#0','10000'),(21,379,'object#project#name#0','DDR_FLASHS'),(21,380,'object#issue#status_name#0','To Do'),(21,381,'object#project#id#0','10000'),(21,382,'object#project#email#0',NULL),(21,383,'object#issue#key#0','DDRFLAS-3'),(22,384,'object#issue#created_date#0','1661827213000'),(22,385,'object#issue#summary#0','MTK6761 2G lpddr4x 整机老化一段时间后，一直重启'),(22,386,'JIRA_EVENT_PARAMETERS','{\"eventsource\":\"action\"}'),(22,387,'object#issue#status_category#0','new'),(22,388,'object#issue#type#0','10002'),(22,389,'jira#description#oldstring#0','!微信图片_20220830110636.jpg!\r\n\r\n100K料，做了2K整机。\r\n\r\n 更换emmc后再次刷机故障相同，更换LPDDR故障消失'),(22,390,'object#issue#id#0','10000'),(22,391,'object#project#from_name#0','kmsjira (Jira)'),(22,392,'jira#description#oldvalue#0',NULL),(22,393,'jira#description#newvalue#0',NULL),(22,394,'jira#description#newstring#0','!微信图片_20220830110636.jpg!\r\n\r\n100K料，做了2K整机。\r\n\r\n 更换emmc后再次刷机故障相同，更换LPDDR故障消失\r\n\r\n每次老化后都会有新的失效的DDR。DDR取下来验证，都是会不开始或者测试坏。'),(22,395,'object#issue#status_id#0','10000'),(22,396,'object#project#name#0','DDR_FLASHS'),(22,397,'object#issue#status_name#0','To Do'),(22,398,'object#project#id#0','10000'),(22,399,'object#project#email#0',NULL),(22,400,'object#issue#key#0','DDRFLAS-1'),(23,401,'object#issue#created_date#0','1662443816000'),(23,402,'object#issue#summary#0','供应商提供测试报告'),(23,403,'JIRA_EVENT_PARAMETERS','{\"eventsource\":\"action\"}'),(23,404,'object#issue#status_category#0','new'),(23,405,'object#issue#type#0','10003'),(23,406,'jira#description#oldstring#0',NULL),(23,407,'object#issue#id#0','10005'),(23,408,'object#project#from_name#0','kmsjira (Jira)'),(23,409,'jira#description#oldvalue#0',NULL),(23,410,'jira#description#newvalue#0',NULL),(23,411,'jira#description#newstring#0','[^Keymos_DA 16Gb LPDDR4x Issue Failure Report for Xiaowa(3).pptx]'),(23,412,'object#issue#status_id#0','10000'),(23,413,'object#project#name#0','DDR_FLASHS'),(23,414,'object#issue#status_name#0','To Do'),(23,415,'object#project#id#0','10000'),(23,416,'object#project#email#0',NULL),(23,417,'object#issue#key#0','DDRFLAS-2'),(24,418,'object#issue#created_date#0','1662443816000'),(24,419,'jira#Attachment#oldvalue#0',NULL),(24,420,'object#issue#summary#0','供应商提供测试报告'),(24,421,'jira#Attachment#newstring#0','Keymos_DA 16Gb LPDDR4x Issue Failure Report for Xiaowa(3).pptx'),(24,422,'jira#Attachment#newvalue#0','10002'),(24,423,'JIRA_EVENT_PARAMETERS','{\"eventsource\":\"action\"}'),(24,424,'object#issue#status_category#0','new'),(24,425,'object#issue#type#0','10003'),(24,426,'object#issue#id#0','10005'),(24,427,'object#project#from_name#0','kmsjira (Jira)'),(24,428,'object#issue#status_id#0','10000'),(24,429,'object#project#name#0','DDR_FLASHS'),(24,430,'jira#Attachment#oldstring#0',NULL),(24,431,'object#issue#status_name#0','To Do'),(24,432,'object#project#id#0','10000'),(24,433,'object#project#email#0',NULL),(24,434,'object#issue#key#0','DDRFLAS-2'),(25,435,'object#issue#created_date#0','1662443816000'),(25,436,'jira#Attachment#oldvalue#0',NULL),(25,437,'object#issue#summary#0','供应商提供测试报告'),(25,438,'jira#Attachment#newstring#0','test_method.jpg'),(25,439,'jira#Attachment#newvalue#0','10003'),(25,440,'JIRA_EVENT_PARAMETERS','{\"eventsource\":\"action\"}'),(25,441,'object#issue#status_category#0','new'),(25,442,'object#issue#type#0','10003'),(25,443,'object#issue#id#0','10005'),(25,444,'object#project#from_name#0','kmsjira (Jira)'),(25,445,'object#issue#status_id#0','10000'),(25,446,'object#project#name#0','DDR_FLASHS'),(25,447,'jira#Attachment#oldstring#0',NULL),(25,448,'object#issue#status_name#0','To Do'),(25,449,'object#project#id#0','10000'),(25,450,'object#project#email#0',NULL),(25,451,'object#issue#key#0','DDRFLAS-2'),(26,452,'object#issue#created_date#0','1662443816000'),(26,453,'jira#Comment#newvalue#0','!test_method.jpg!'),(26,454,'object#issue#summary#0','供应商提供测试报告'),(26,455,'JIRA_EVENT_PARAMETERS','{\"eventsource\":\"action\"}'),(26,456,'object#issue#status_category#0','new'),(26,457,'object#issue#type#0','10003'),(26,458,'object#issue#id#0','10005'),(26,459,'comment_id','10002'),(26,460,'object#project#from_name#0','kmsjira (Jira)'),(26,461,'object#issue#status_id#0','10000'),(26,462,'object#project#name#0','DDR_FLASHS'),(26,463,'object#issue#status_name#0','To Do'),(26,464,'object#project#id#0','10000'),(26,465,'jira#Comment#newstring#0','<p><span class=\"image-wrap\" style=\"\"><img src=\"http://192.168.10.121:8080/secure/attachment/10003/10003_test_method.jpg\" style=\"border: 0px solid black\" /></span></p>'),(26,466,'object#project#email#0',NULL),(26,467,'object#issue#key#0','DDRFLAS-2'),(27,468,'object#issue#created_date#0','1662105864000'),(27,469,'jira#Comment#newvalue#0','改用FTP下载，目前速度能跑满10M， 多台测试不会影响速度，待产线验证。'),(27,470,'object#issue#summary#0','多台机器 WIFI测试速度会变慢'),(27,471,'JIRA_EVENT_PARAMETERS','{\"eventsource\":\"action\"}'),(27,472,'object#issue#status_category#0','new'),(27,473,'object#issue#type#0','10003'),(27,474,'object#issue#id#0','10002'),(27,475,'comment_id','10003'),(27,476,'object#project#from_name#0','kmsjira (Jira)'),(27,477,'object#issue#status_id#0','10000'),(27,478,'object#project#name#0','CPUTESTS'),(27,479,'object#issue#status_name#0','To Do'),(27,480,'object#project#id#0','10001'),(27,481,'jira#Comment#newstring#0','<p>改用FTP下载，目前速度能跑满10M， 多台测试不会影响速度，待产线验证。</p>'),(27,482,'object#project#email#0',NULL),(27,483,'object#issue#key#0','CPUT-2'),(28,484,'object#issue#created_date#0','1662105864000'),(28,485,'object#issue#summary#0','多台机器 WIFI测试速度会变慢'),(28,486,'JIRA_EVENT_PARAMETERS','{\"eventsource\":\"workflow\"}'),(28,487,'object#issue#status_category#0','indeterminate'),(28,488,'object#issue#type#0','10003'),(28,489,'object#issue#id#0','10002'),(28,490,'object#project#from_name#0','kmsjira (Jira)'),(28,491,'jira#status#newvalue#0','3'),(28,492,'object#issue#status_id#0','3'),(28,493,'object#project#name#0','CPUTESTS'),(28,494,'object#issue#status_name#0','In Progress'),(28,495,'jira#status#oldvalue#0','10000'),(28,496,'jira#status#oldstring#0','To Do'),(28,497,'object#project#id#0','10001'),(28,498,'jira#status#newstring#0','In Progress'),(28,499,'object#project#email#0',NULL),(28,500,'object#issue#key#0','CPUT-2'),(29,501,'object#issue#created_date#0','1662105864000'),(29,502,'object#issue#summary#0','多台机器 WIFI测试速度会变慢'),(29,503,'JIRA_EVENT_PARAMETERS','{\"eventsource\":\"workflow\"}'),(29,504,'object#issue#status_category#0','indeterminate'),(29,505,'object#issue#type#0','10003'),(29,506,'object#issue#id#0','10002'),(29,507,'object#project#from_name#0','kmsjira (Jira)'),(29,508,'jira#status#newvalue#0','3'),(29,509,'object#issue#status_id#0','3'),(29,510,'object#project#name#0','CPUTESTS'),(29,511,'object#issue#status_name#0','In Progress'),(29,512,'jira#status#oldvalue#0','3'),(29,513,'jira#status#oldstring#0','In Progress'),(29,514,'object#project#id#0','10001'),(29,515,'jira#status#newstring#0','In Progress'),(29,516,'object#project#email#0',NULL),(29,517,'object#issue#key#0','CPUT-2'),(30,518,'jira#assignee#newstring#0','kmsjira'),(30,519,'object#issue#created_date#0','1662105864000'),(30,520,'jira#assignee#oldvalue#0',NULL),(30,521,'object#issue#summary#0','多台机器 WIFI测试速度会变慢'),(30,522,'JIRA_EVENT_PARAMETERS','{\"eventsource\":\"action\"}'),(30,523,'object#issue#status_category#0','indeterminate'),(30,524,'object#issue#type#0','10003'),(30,525,'object#issue#id#0','10002'),(30,526,'object#project#from_name#0','kmsjira (Jira)'),(30,527,'object#issue#status_id#0','3'),(30,528,'object#project#name#0','CPUTESTS'),(30,529,'object#issue#status_name#0','In Progress'),(30,530,'jira#assignee#oldstring#0',NULL),(30,531,'object#project#id#0','10001'),(30,532,'object#project#email#0',NULL),(30,533,'jira#assignee#newvalue#0','JIRAUSER10000'),(30,534,'object#issue#key#0','CPUT-2'),(31,535,'jira#assignee#newstring#0','kmsjira'),(31,536,'object#issue#created_date#0','1662105864000'),(31,537,'jira#assignee#oldvalue#0',NULL),(31,538,'object#issue#summary#0','多台机器 WIFI测试速度会变慢'),(31,539,'JIRA_EVENT_PARAMETERS','{\"eventsource\":\"action\"}'),(31,540,'object#issue#status_category#0','indeterminate'),(31,541,'object#issue#type#0','10003'),(31,542,'object#issue#id#0','10002'),(31,543,'object#project#from_name#0','kmsjira (Jira)'),(31,544,'object#issue#status_id#0','3'),(31,545,'object#project#name#0','CPUTESTS'),(31,546,'object#issue#status_name#0','In Progress'),(31,547,'jira#assignee#oldstring#0',NULL),(31,548,'object#project#id#0','10001'),(31,549,'object#project#email#0',NULL),(31,550,'jira#assignee#newvalue#0','JIRAUSER10000'),(31,551,'object#issue#key#0','CPUT-2'),(32,552,'jira#issuetype#newstring#0','Task'),(32,553,'object#issue#created_date#0','1662624076000'),(32,554,'jira#summary#newstring#0','MT6875 主板内存自动测试'),(32,555,'object#issue#summary#0','MT6875 主板内存自动测试'),(32,556,'jira#issuetype#newvalue#0','10002'),(32,557,'jira#reporter#newvalue#0','JIRAUSER10000'),(32,558,'JIRA_EVENT_PARAMETERS','{\"eventsource\":\"workflow\"}'),(32,559,'object#issue#status_category#0','new'),(32,560,'object#issue#type#0','10002'),(32,561,'object#issue#id#0','10007'),(32,562,'jira#createddate#newvalue#0','1662624076000'),(32,563,'object#project#from_name#0','kmsjira (Jira)'),(32,564,'object#issue#status_id#0','10000'),(32,565,'object#project#name#0','DDR_FLASHS'),(32,566,'jira#reporter#newstring#0','kmsjira'),(32,567,'jira#priority#newvalue#0','3'),(32,568,'object#issue#status_name#0','To Do'),(32,569,'object#project#id#0','10000'),(32,570,'jira#priority#newstring#0','Medium'),(32,571,'object#project#email#0',NULL),(32,572,'object#issue#key#0','DDRFLAS-4'),(33,573,'jira#issuetype#newstring#0','Task'),(33,574,'object#issue#created_date#0','1662690397000'),(33,575,'jira#summary#newstring#0','62套片王者荣耀海外版也是黑的'),(33,576,'object#issue#summary#0','62套片王者荣耀海外版也是黑的'),(33,577,'jira#issuetype#newvalue#0','10002'),(33,578,'jira#reporter#newvalue#0','JIRAUSER10000'),(33,579,'JIRA_EVENT_PARAMETERS','{\"eventsource\":\"workflow\"}'),(33,580,'object#issue#status_category#0','new'),(33,581,'object#issue#type#0','10002'),(33,582,'object#issue#id#0','10008'),(33,583,'jira#createddate#newvalue#0','1662690397000'),(33,584,'object#project#from_name#0','kmsjira (Jira)'),(33,585,'object#issue#status_id#0','10000'),(33,586,'object#project#name#0','CPUTESTS'),(33,587,'jira#reporter#newstring#0','kmsjira'),(33,588,'jira#priority#newvalue#0','3'),(33,589,'object#issue#status_name#0','To Do'),(33,590,'object#project#id#0','10001'),(33,591,'jira#priority#newstring#0','Medium'),(33,592,'object#project#email#0',NULL),(33,593,'object#issue#key#0','CPUT-5'),(34,594,'jira#assignee#newstring#0','kmsjira'),(34,595,'object#issue#created_date#0','1662690397000'),(34,596,'jira#assignee#oldvalue#0',NULL),(34,597,'object#issue#summary#0','62套片王者荣耀海外版也是黑的'),(34,598,'JIRA_EVENT_PARAMETERS','{\"eventsource\":\"action\"}'),(34,599,'object#issue#status_category#0','new'),(34,600,'object#issue#type#0','10002'),(34,601,'object#issue#id#0','10008'),(34,602,'object#project#from_name#0','kmsjira (Jira)'),(34,603,'object#issue#status_id#0','10000'),(34,604,'object#project#name#0','CPUTESTS'),(34,605,'object#issue#status_name#0','To Do'),(34,606,'jira#assignee#oldstring#0',NULL),(34,607,'object#project#id#0','10001'),(34,608,'object#project#email#0',NULL),(34,609,'jira#assignee#newvalue#0','JIRAUSER10000'),(34,610,'object#issue#key#0','CPUT-5'),(35,611,'jira#assignee#newstring#0','kmsjira'),(35,612,'object#issue#created_date#0','1662690397000'),(35,613,'jira#assignee#oldvalue#0',NULL),(35,614,'object#issue#summary#0','62套片王者荣耀海外版也是黑的'),(35,615,'JIRA_EVENT_PARAMETERS','{\"eventsource\":\"action\"}'),(35,616,'object#issue#status_category#0','new'),(35,617,'object#issue#type#0','10002'),(35,618,'object#issue#id#0','10008'),(35,619,'object#project#from_name#0','kmsjira (Jira)'),(35,620,'object#issue#status_id#0','10000'),(35,621,'object#project#name#0','CPUTESTS'),(35,622,'object#issue#status_name#0','To Do'),(35,623,'jira#assignee#oldstring#0',NULL),(35,624,'object#project#id#0','10001'),(35,625,'object#project#email#0',NULL),(35,626,'jira#assignee#newvalue#0','JIRAUSER10000'),(35,627,'object#issue#key#0','CPUT-5'),(36,628,'object#issue#created_date#0','1662690397000'),(36,629,'object#issue#summary#0','62套片王者荣耀海外版也是黑的'),(36,630,'JIRA_EVENT_PARAMETERS','{\"eventsource\":\"workflow\"}'),(36,631,'object#issue#status_category#0','done'),(36,632,'object#issue#type#0','10002'),(36,633,'object#issue#id#0','10008'),(36,634,'object#project#from_name#0','kmsjira (Jira)'),(36,635,'jira#status#newvalue#1','10001'),(36,636,'jira#resolution#oldstring#0',NULL),(36,637,'jira#status#oldvalue#1','10000'),(36,638,'object#issue#status_id#0','10001'),(36,639,'object#project#name#0','CPUTESTS'),(36,640,'object#issue#status_name#0','Done'),(36,641,'jira#resolution#oldvalue#0',NULL),(36,642,'object#project#id#0','10001'),(36,643,'jira#status#oldstring#1','To Do'),(36,644,'jira#resolution#newstring#0','Done'),(36,645,'jira#resolution#newvalue#0','10000'),(36,646,'jira#status#newstring#1','Done'),(36,647,'object#project#email#0',NULL),(36,648,'object#issue#key#0','CPUT-5'),(37,649,'jira#assignee#newstring#0','kmsjira'),(37,650,'object#issue#created_date#0','1662624076000'),(37,651,'jira#assignee#oldvalue#0',NULL),(37,652,'object#issue#summary#0','MT6875 主板内存自动测试'),(37,653,'JIRA_EVENT_PARAMETERS','{\"eventsource\":\"action\"}'),(37,654,'object#issue#status_category#0','new'),(37,655,'object#issue#type#0','10002'),(37,656,'object#issue#id#0','10007'),(37,657,'object#project#from_name#0','kmsjira (Jira)'),(37,658,'object#issue#status_id#0','10000'),(37,659,'object#project#name#0','DDR_FLASHS'),(37,660,'object#issue#status_name#0','To Do'),(37,661,'jira#assignee#oldstring#0',NULL),(37,662,'object#project#id#0','10000'),(37,663,'object#project#email#0',NULL),(37,664,'jira#assignee#newvalue#0','JIRAUSER10000'),(37,665,'object#issue#key#0','DDRFLAS-4'),(38,666,'jira#assignee#newstring#0','kmsjira'),(38,667,'object#issue#created_date#0','1662624076000'),(38,668,'jira#assignee#oldvalue#0',NULL),(38,669,'object#issue#summary#0','MT6875 主板内存自动测试'),(38,670,'JIRA_EVENT_PARAMETERS','{\"eventsource\":\"action\"}'),(38,671,'object#issue#status_category#0','new'),(38,672,'object#issue#type#0','10002'),(38,673,'object#issue#id#0','10007'),(38,674,'object#project#from_name#0','kmsjira (Jira)'),(38,675,'object#issue#status_id#0','10000'),(38,676,'object#project#name#0','DDR_FLASHS'),(38,677,'object#issue#status_name#0','To Do'),(38,678,'jira#assignee#oldstring#0',NULL),(38,679,'object#project#id#0','10000'),(38,680,'object#project#email#0',NULL),(38,681,'jira#assignee#newvalue#0','JIRAUSER10000'),(38,682,'object#issue#key#0','DDRFLAS-4'),(39,683,'jira#issuetype#newstring#0','Sub-task'),(39,684,'object#issue#created_date#0','1662710290000'),(39,685,'jira#summary#newstring#0','WIFI信号有误浿'),(39,686,'object#issue#summary#0','WIFI信号有误浿'),(39,687,'jira#issuetype#newvalue#0','10003'),(39,688,'jira#reporter#newvalue#0','JIRAUSER10000'),(39,689,'JIRA_EVENT_PARAMETERS','{\"eventsource\":\"workflow\"}'),(39,690,'object#issue#status_category#0','new'),(39,691,'object#issue#type#0','10003'),(39,692,'object#issue#id#0','10009'),(39,693,'jira#createddate#newvalue#0','1662710290000'),(39,694,'object#project#from_name#0','kmsjira (Jira)'),(39,695,'object#issue#status_id#0','10000'),(39,696,'object#project#name#0','CPUTESTS'),(39,697,'jira#reporter#newstring#0','kmsjira'),(39,698,'jira#priority#newvalue#0','3'),(39,699,'object#issue#status_name#0','To Do'),(39,700,'object#project#id#0','10001'),(39,701,'jira#priority#newstring#0','Medium'),(39,702,'object#project#email#0',NULL),(39,703,'object#issue#key#0','CPUT-6'),(40,704,'jira#issuetype#newstring#0','Sub-task'),(40,705,'object#issue#created_date#0','1662710346000'),(40,706,'jira#summary#newstring#0','CPU 的测试去掉WIFI下载验证，6631测试下加上下载测试。'),(40,707,'object#issue#summary#0','CPU 的测试去掉WIFI下载验证，6631测试下加上下载测试。'),(40,708,'jira#issuetype#newvalue#0','10003'),(40,709,'jira#reporter#newvalue#0','JIRAUSER10000'),(40,710,'JIRA_EVENT_PARAMETERS','{\"eventsource\":\"workflow\"}'),(40,711,'object#issue#status_category#0','new'),(40,712,'object#issue#type#0','10003'),(40,713,'object#issue#id#0','10010'),(40,714,'jira#createddate#newvalue#0','1662710346000'),(40,715,'object#project#from_name#0','kmsjira (Jira)'),(40,716,'object#issue#status_id#0','10000'),(40,717,'object#project#name#0','CPUTESTS'),(40,718,'jira#reporter#newstring#0','kmsjira'),(40,719,'jira#priority#newvalue#0','3'),(40,720,'object#issue#status_name#0','To Do'),(40,721,'object#project#id#0','10001'),(40,722,'jira#priority#newstring#0','Medium'),(40,723,'object#project#email#0',NULL),(40,724,'object#issue#key#0','CPUT-7'),(41,725,'object#issue#created_date#0','1662105922000'),(41,726,'jira#Comment#newvalue#0','代码问题，已修改'),(41,727,'object#issue#summary#0','GPS测试时要放大器拿很近，接天线无效'),(41,728,'JIRA_EVENT_PARAMETERS','{\"eventsource\":\"action\"}'),(41,729,'object#issue#status_category#0','new'),(41,730,'object#issue#type#0','10003'),(41,731,'object#issue#id#0','10003'),(41,732,'comment_id','10004'),(41,733,'object#project#from_name#0','kmsjira (Jira)'),(41,734,'object#issue#status_id#0','10000'),(41,735,'object#project#name#0','CPUTESTS'),(41,736,'object#issue#status_name#0','To Do'),(41,737,'object#project#id#0','10001'),(41,738,'jira#Comment#newstring#0','<p>代码问题，已修改</p>'),(41,739,'object#project#email#0',NULL),(41,740,'object#issue#key#0','CPUT-3'),(42,741,'object#issue#created_date#0','1662105922000'),(42,742,'object#issue#summary#0','GPS测试时要放大器拿很近，接天线无效'),(42,743,'JIRA_EVENT_PARAMETERS','{\"eventsource\":\"workflow\"}'),(42,744,'object#issue#status_category#0','done'),(42,745,'object#issue#type#0','10003'),(42,746,'object#issue#id#0','10003'),(42,747,'object#project#from_name#0','kmsjira (Jira)'),(42,748,'jira#status#newvalue#1','10001'),(42,749,'jira#resolution#oldstring#0',NULL),(42,750,'jira#status#oldvalue#1','10000'),(42,751,'object#issue#status_id#0','10001'),(42,752,'object#project#name#0','CPUTESTS'),(42,753,'object#issue#status_name#0','Done'),(42,754,'jira#resolution#oldvalue#0',NULL),(42,755,'object#project#id#0','10001'),(42,756,'jira#status#oldstring#1','To Do'),(42,757,'jira#resolution#newstring#0','Done'),(42,758,'jira#resolution#newvalue#0','10000'),(42,759,'jira#status#newstring#1','Done'),(42,760,'object#project#email#0',NULL),(42,761,'object#issue#key#0','CPUT-3'),(43,762,'jira#assignee#newstring#0','kmsjira'),(43,763,'object#issue#created_date#0','1662105922000'),(43,764,'jira#assignee#oldvalue#0',NULL),(43,765,'object#issue#summary#0','GPS测试时要放大器拿很近，接天线无效'),(43,766,'JIRA_EVENT_PARAMETERS','{\"eventsource\":\"action\"}'),(43,767,'object#issue#status_category#0','done'),(43,768,'object#issue#type#0','10003'),(43,769,'object#issue#id#0','10003'),(43,770,'object#project#from_name#0','kmsjira (Jira)'),(43,771,'object#issue#status_id#0','10001'),(43,772,'object#project#name#0','CPUTESTS'),(43,773,'object#issue#status_name#0','Done'),(43,774,'jira#assignee#oldstring#0',NULL),(43,775,'object#project#id#0','10001'),(43,776,'object#project#email#0',NULL),(43,777,'jira#assignee#newvalue#0','JIRAUSER10000'),(43,778,'object#issue#key#0','CPUT-3'),(44,779,'jira#assignee#newstring#0','kmsjira'),(44,780,'object#issue#created_date#0','1662105922000'),(44,781,'jira#assignee#oldvalue#0',NULL),(44,782,'object#issue#summary#0','GPS测试时要放大器拿很近，接天线无效'),(44,783,'JIRA_EVENT_PARAMETERS','{\"eventsource\":\"action\"}'),(44,784,'object#issue#status_category#0','done'),(44,785,'object#issue#type#0','10003'),(44,786,'object#issue#id#0','10003'),(44,787,'object#project#from_name#0','kmsjira (Jira)'),(44,788,'object#issue#status_id#0','10001'),(44,789,'object#project#name#0','CPUTESTS'),(44,790,'object#issue#status_name#0','Done'),(44,791,'jira#assignee#oldstring#0',NULL),(44,792,'object#project#id#0','10001'),(44,793,'object#project#email#0',NULL),(44,794,'jira#assignee#newvalue#0','JIRAUSER10000'),(44,795,'object#issue#key#0','CPUT-3'),(45,796,'object#issue#created_date#0','1662624076000'),(45,797,'object#issue#summary#0','MT6875 主板内存自动测试'),(45,798,'JIRA_EVENT_PARAMETERS','{\"eventsource\":\"workflow\"}'),(45,799,'object#issue#status_category#0','indeterminate'),(45,800,'object#issue#type#0','10002'),(45,801,'object#issue#id#0','10007'),(45,802,'object#project#from_name#0','kmsjira (Jira)'),(45,803,'jira#status#newvalue#0','3'),(45,804,'object#issue#status_id#0','3'),(45,805,'object#project#name#0','DDR_FLASHS'),(45,806,'object#issue#status_name#0','In Progress'),(45,807,'jira#status#oldvalue#0','10000'),(45,808,'jira#status#oldstring#0','To Do'),(45,809,'object#project#id#0','10000'),(45,810,'jira#status#newstring#0','In Progress'),(45,811,'object#project#email#0',NULL),(45,812,'object#issue#key#0','DDRFLAS-4'),(46,813,'object#issue#created_date#0','1662624076000'),(46,814,'jira#Comment#newvalue#0','可以自动跑测试，但版本的USB ADB不通，需要排查分析'),(46,815,'object#issue#summary#0','MT6875 主板内存自动测试'),(46,816,'JIRA_EVENT_PARAMETERS','{\"eventsource\":\"action\"}'),(46,817,'object#issue#status_category#0','indeterminate'),(46,818,'object#issue#type#0','10002'),(46,819,'object#issue#id#0','10007'),(46,820,'comment_id','10005'),(46,821,'object#project#from_name#0','kmsjira (Jira)'),(46,822,'object#issue#status_id#0','3'),(46,823,'object#project#name#0','DDR_FLASHS'),(46,824,'object#issue#status_name#0','In Progress'),(46,825,'object#project#id#0','10000'),(46,826,'jira#Comment#newstring#0','<p>可以自动跑测试，但版本的USB ADB不通，需要排查分析</p>'),(46,827,'object#project#email#0',NULL),(46,828,'object#issue#key#0','DDRFLAS-4'),(47,829,'object#issue#created_date#0','1662443816000'),(47,830,'object#issue#summary#0','供应商提供测试报告'),(47,831,'JIRA_EVENT_PARAMETERS','{\"eventsource\":\"workflow\"}'),(47,832,'object#issue#status_category#0','done'),(47,833,'object#issue#type#0','10003'),(47,834,'object#issue#id#0','10005'),(47,835,'object#project#from_name#0','kmsjira (Jira)'),(47,836,'jira#status#newvalue#1','10001'),(47,837,'jira#resolution#oldstring#0',NULL),(47,838,'jira#status#oldvalue#1','10000'),(47,839,'object#issue#status_id#0','10001'),(47,840,'object#project#name#0','DDR_FLASHS'),(47,841,'object#issue#status_name#0','Done'),(47,842,'jira#resolution#oldvalue#0',NULL),(47,843,'object#project#id#0','10000'),(47,844,'jira#status#oldstring#1','To Do'),(47,845,'jira#resolution#newstring#0','Done'),(47,846,'jira#resolution#newvalue#0','10000'),(47,847,'jira#status#newstring#1','Done'),(47,848,'object#project#email#0',NULL),(47,849,'object#issue#key#0','DDRFLAS-2'),(48,850,'jira#issuetype#newstring#0','Sub-task'),(48,851,'object#issue#created_date#0','1663058487000'),(48,852,'jira#summary#newstring#0','FM有误测'),(48,853,'object#issue#summary#0','FM有误测'),(48,854,'jira#issuetype#newvalue#0','10003'),(48,855,'jira#reporter#newvalue#0','JIRAUSER10000'),(48,856,'JIRA_EVENT_PARAMETERS','{\"eventsource\":\"workflow\"}'),(48,857,'object#issue#status_category#0','new'),(48,858,'object#issue#type#0','10003'),(48,859,'object#issue#id#0','10011'),(48,860,'jira#createddate#newvalue#0','1663058487000'),(48,861,'object#project#from_name#0','kmsjira (Jira)'),(48,862,'object#issue#status_id#0','10000'),(48,863,'object#project#name#0','CPUTESTS'),(48,864,'jira#reporter#newstring#0','kmsjira'),(48,865,'jira#priority#newvalue#0','3'),(48,866,'object#issue#status_name#0','To Do'),(48,867,'object#project#id#0','10001'),(48,868,'jira#priority#newstring#0','Medium'),(48,869,'object#project#email#0',NULL),(48,870,'object#issue#key#0','CPUT-8'),(49,871,'object#issue#created_date#0','1662710290000'),(49,872,'jira#Comment#newvalue#0','有概率扫不全，重测OKAY'),(49,873,'object#issue#summary#0','WIFI信号有误浿'),(49,874,'JIRA_EVENT_PARAMETERS','{\"eventsource\":\"action\"}'),(49,875,'object#issue#status_category#0','new'),(49,876,'object#issue#type#0','10003'),(49,877,'object#issue#id#0','10009'),(49,878,'comment_id','10006'),(49,879,'object#project#from_name#0','kmsjira (Jira)'),(49,880,'object#issue#status_id#0','10000'),(49,881,'object#project#name#0','CPUTESTS'),(49,882,'object#issue#status_name#0','To Do'),(49,883,'object#project#id#0','10001'),(49,884,'jira#Comment#newstring#0','<p>有概率扫不全，重测OKAY</p>'),(49,885,'object#project#email#0',NULL),(49,886,'object#issue#key#0','CPUT-6'),(50,887,'jira#issuetype#newstring#0','Task'),(50,888,'object#issue#created_date#0','1663124750000'),(50,889,'jira#summary#newstring#0','178 1G 7731e 异常物料分析'),(50,890,'object#issue#summary#0','178 1G 7731e 异常物料分析'),(50,891,'jira#issuetype#newvalue#0','10002'),(50,892,'jira#reporter#newvalue#0','JIRAUSER10000'),(50,893,'JIRA_EVENT_PARAMETERS','{\"eventsource\":\"workflow\"}'),(50,894,'object#issue#status_category#0','new'),(50,895,'object#issue#type#0','10002'),(50,896,'object#issue#id#0','10012'),(50,897,'jira#createddate#newvalue#0','1663124750000'),(50,898,'object#project#from_name#0','kmsjira (Jira)'),(50,899,'object#issue#status_id#0','10000'),(50,900,'object#project#name#0','DDR_FLASHS'),(50,901,'jira#reporter#newstring#0','kmsjira'),(50,902,'jira#priority#newvalue#0','3'),(50,903,'object#issue#status_name#0','To Do'),(50,904,'object#project#id#0','10000'),(50,905,'jira#priority#newstring#0','Medium'),(50,906,'object#project#email#0',NULL),(50,907,'object#issue#key#0','DDRFLAS-5'),(51,908,'jira#assignee#newstring#0','kmsjira'),(51,909,'object#issue#created_date#0','1663124750000'),(51,910,'jira#assignee#oldvalue#0',NULL),(51,911,'object#issue#summary#0','178 1G 7731e 异常物料分析'),(51,912,'JIRA_EVENT_PARAMETERS','{\"eventsource\":\"action\"}'),(51,913,'object#issue#status_category#0','new'),(51,914,'object#issue#type#0','10002'),(51,915,'object#issue#id#0','10012'),(51,916,'object#project#from_name#0','kmsjira (Jira)'),(51,917,'object#issue#status_id#0','10000'),(51,918,'object#project#name#0','DDR_FLASHS'),(51,919,'object#issue#status_name#0','To Do'),(51,920,'jira#assignee#oldstring#0',NULL),(51,921,'object#project#id#0','10000'),(51,922,'object#project#email#0',NULL),(51,923,'jira#assignee#newvalue#0','JIRAUSER10000'),(51,924,'object#issue#key#0','DDRFLAS-5'),(52,925,'jira#assignee#newstring#0','kmsjira'),(52,926,'object#issue#created_date#0','1663124750000'),(52,927,'jira#assignee#oldvalue#0',NULL),(52,928,'object#issue#summary#0','178 1G 7731e 异常物料分析'),(52,929,'JIRA_EVENT_PARAMETERS','{\"eventsource\":\"action\"}'),(52,930,'object#issue#status_category#0','new'),(52,931,'object#issue#type#0','10002'),(52,932,'object#issue#id#0','10012'),(52,933,'object#project#from_name#0','kmsjira (Jira)'),(52,934,'object#issue#status_id#0','10000'),(52,935,'object#project#name#0','DDR_FLASHS'),(52,936,'object#issue#status_name#0','To Do'),(52,937,'jira#assignee#oldstring#0',NULL),(52,938,'object#project#id#0','10000'),(52,939,'object#project#email#0',NULL),(52,940,'jira#assignee#newvalue#0','JIRAUSER10000'),(52,941,'object#issue#key#0','DDRFLAS-5'),(53,942,'object#issue#created_date#0','1663124750000'),(53,943,'object#issue#summary#0','178 1G 7731e 异常物料分析'),(53,944,'JIRA_EVENT_PARAMETERS','{\"eventsource\":\"workflow\"}'),(53,945,'object#issue#status_category#0','indeterminate'),(53,946,'object#issue#type#0','10002'),(53,947,'object#issue#id#0','10012'),(53,948,'object#project#from_name#0','kmsjira (Jira)'),(53,949,'jira#status#newvalue#0','3'),(53,950,'object#issue#status_id#0','3'),(53,951,'object#project#name#0','DDR_FLASHS'),(53,952,'object#issue#status_name#0','In Progress'),(53,953,'jira#status#oldvalue#0','10000'),(53,954,'jira#status#oldstring#0','To Do'),(53,955,'object#project#id#0','10000'),(53,956,'jira#status#newstring#0','In Progress'),(53,957,'object#project#email#0',NULL),(53,958,'object#issue#key#0','DDRFLAS-5'),(54,959,'jira#issuetype#newstring#0','Task'),(54,960,'object#issue#created_date#0','1663135118000'),(54,961,'jira#summary#newstring#0','8+256 ADAR 老化前后性能衰退太严重'),(54,962,'object#issue#summary#0','8+256 ADAR 老化前后性能衰退太严重'),(54,963,'jira#issuetype#newvalue#0','10002'),(54,964,'jira#reporter#newvalue#0','JIRAUSER10000'),(54,965,'JIRA_EVENT_PARAMETERS','{\"eventsource\":\"workflow\"}'),(54,966,'object#issue#status_category#0','new'),(54,967,'object#issue#type#0','10002'),(54,968,'object#issue#id#0','10013'),(54,969,'jira#createddate#newvalue#0','1663135118000'),(54,970,'object#project#from_name#0','kmsjira (Jira)'),(54,971,'object#issue#status_id#0','10000'),(54,972,'object#project#name#0','DDR_FLASHS'),(54,973,'jira#reporter#newstring#0','kmsjira'),(54,974,'jira#priority#newvalue#0','3'),(54,975,'object#issue#status_name#0','To Do'),(54,976,'object#project#id#0','10000'),(54,977,'jira#priority#newstring#0','Medium'),(54,978,'object#project#email#0',NULL),(54,979,'object#issue#key#0','DDRFLAS-6'),(55,980,'jira#assignee#newstring#0','kmsjira'),(55,981,'object#issue#created_date#0','1663135118000'),(55,982,'jira#assignee#oldvalue#0',NULL),(55,983,'object#issue#summary#0','8+256 ADAR 老化前后性能衰退太严重'),(55,984,'JIRA_EVENT_PARAMETERS','{\"eventsource\":\"action\"}'),(55,985,'object#issue#status_category#0','new'),(55,986,'object#issue#type#0','10002'),(55,987,'object#issue#id#0','10013'),(55,988,'object#project#from_name#0','kmsjira (Jira)'),(55,989,'object#issue#status_id#0','10000'),(55,990,'object#project#name#0','DDR_FLASHS'),(55,991,'object#issue#status_name#0','To Do'),(55,992,'jira#assignee#oldstring#0',NULL),(55,993,'object#project#id#0','10000'),(55,994,'object#project#email#0',NULL),(55,995,'jira#assignee#newvalue#0','JIRAUSER10000'),(55,996,'object#issue#key#0','DDRFLAS-6'),(56,997,'jira#assignee#newstring#0','kmsjira'),(56,998,'object#issue#created_date#0','1663135118000'),(56,999,'jira#assignee#oldvalue#0',NULL),(56,1000,'object#issue#summary#0','8+256 ADAR 老化前后性能衰退太严重'),(56,1001,'JIRA_EVENT_PARAMETERS','{\"eventsource\":\"action\"}'),(56,1002,'object#issue#status_category#0','new'),(56,1003,'object#issue#type#0','10002'),(56,1004,'object#issue#id#0','10013'),(56,1005,'object#project#from_name#0','kmsjira (Jira)'),(56,1006,'object#issue#status_id#0','10000'),(56,1007,'object#project#name#0','DDR_FLASHS'),(56,1008,'object#issue#status_name#0','To Do'),(56,1009,'jira#assignee#oldstring#0',NULL),(56,1010,'object#project#id#0','10000'),(56,1011,'object#project#email#0',NULL),(56,1012,'jira#assignee#newvalue#0','JIRAUSER10000'),(56,1013,'object#issue#key#0','DDRFLAS-6'),(57,1014,'object#issue#created_date#0','1663135118000'),(57,1015,'object#issue#summary#0','8+256 ADAR 老化前后性能衰退太严重'),(57,1016,'JIRA_EVENT_PARAMETERS','{\"eventsource\":\"action\"}'),(57,1017,'object#issue#status_category#0','new'),(57,1018,'object#issue#type#0','10002'),(57,1019,'jira#description#oldstring#0',NULL),(57,1020,'object#issue#id#0','10013'),(57,1021,'object#project#from_name#0','kmsjira (Jira)'),(57,1022,'jira#description#oldvalue#0',NULL),(57,1023,'jira#description#newvalue#0',NULL),(57,1024,'jira#description#newstring#0','安装TOP300 + MONKEY 3天+androbench + 填充剩余15G左右 + 启动测试 + androbench'),(57,1025,'object#issue#status_id#0','10000'),(57,1026,'object#project#name#0','DDR_FLASHS'),(57,1027,'object#issue#status_name#0','To Do'),(57,1028,'object#project#id#0','10000'),(57,1029,'object#project#email#0',NULL),(57,1030,'object#issue#key#0','DDRFLAS-6');
/*!40000 ALTER TABLE `AO_733371_EVENT_PARAMETER` ENABLE KEYS */;
UNLOCK TABLES;

--
-- Table structure for table `AO_733371_EVENT_RECIPIENT`
--

DROP TABLE IF EXISTS `AO_733371_EVENT_RECIPIENT`;
/*!40101 SET @saved_cs_client     = @@character_set_client */;
/*!40101 SET character_set_client = utf8 */;
CREATE TABLE `AO_733371_EVENT_RECIPIENT` (
  `CONSUMER_NAME` varchar(255) COLLATE utf8mb4_bin NOT NULL,
  `CREATED` datetime NOT NULL,
  `EVENT_ID` bigint(20) NOT NULL,
  `ID` bigint(20) NOT NULL AUTO_INCREMENT,
  `SEND_DATE` datetime DEFAULT NULL,
  `STATUS` varchar(255) COLLATE utf8mb4_bin NOT NULL,
  `UPDATED` datetime DEFAULT NULL,
  `USER_KEY` varchar(255) COLLATE utf8mb4_bin NOT NULL,
  PRIMARY KEY (`ID`),
  KEY `index_ao_733371_eve1266474620` (`CONSUMER_NAME`),
  KEY `index_ao_733371_eve678699426` (`STATUS`),
  KEY `index_ao_733371_eve525098581` (`SEND_DATE`),
  KEY `index_ao_733371_eve1645451632` (`EVENT_ID`),
  CONSTRAINT `fk_ao_733371_event_recipient_event_id` FOREIGN KEY (`EVENT_ID`) REFERENCES `AO_733371_EVENT` (`ID`)
) ENGINE=InnoDB DEFAULT CHARSET=utf8mb4 COLLATE=utf8mb4_bin;
/*!40101 SET character_set_client = @saved_cs_client */;

--
-- Dumping data for table `AO_733371_EVENT_RECIPIENT`
--

LOCK TABLES `AO_733371_EVENT_RECIPIENT` WRITE;
/*!40000 ALTER TABLE `AO_733371_EVENT_RECIPIENT` DISABLE KEYS */;
/*!40000 ALTER TABLE `AO_733371_EVENT_RECIPIENT` ENABLE KEYS */;
UNLOCK TABLES;

--
-- Table structure for table `AO_97EDAB_USERINVITATION`
--

DROP TABLE IF EXISTS `AO_97EDAB_USERINVITATION`;
/*!40101 SET @saved_cs_client     = @@character_set_client */;
/*!40101 SET character_set_client = utf8 */;
CREATE TABLE `AO_97EDAB_USERINVITATION` (
  `APPLICATION_KEYS` varchar(255) COLLATE utf8mb4_bin DEFAULT NULL,
  `EMAIL_ADDRESS` varchar(255) COLLATE utf8mb4_bin DEFAULT NULL,
  `EXPIRY` datetime DEFAULT NULL,
  `ID` int(11) NOT NULL AUTO_INCREMENT,
  `REDEEMED` tinyint(1) DEFAULT NULL,
  `SENDER_USERNAME` varchar(255) COLLATE utf8mb4_bin DEFAULT NULL,
  `TOKEN` varchar(255) COLLATE utf8mb4_bin DEFAULT NULL,
  PRIMARY KEY (`ID`)
) ENGINE=InnoDB DEFAULT CHARSET=utf8mb4 COLLATE=utf8mb4_bin;
/*!40101 SET character_set_client = @saved_cs_client */;

--
-- Dumping data for table `AO_97EDAB_USERINVITATION`
--

LOCK TABLES `AO_97EDAB_USERINVITATION` WRITE;
/*!40000 ALTER TABLE `AO_97EDAB_USERINVITATION` DISABLE KEYS */;
/*!40000 ALTER TABLE `AO_97EDAB_USERINVITATION` ENABLE KEYS */;
UNLOCK TABLES;

--
-- Table structure for table `AO_A0B856_WEB_HOOK_LISTENER_AO`
--

DROP TABLE IF EXISTS `AO_A0B856_WEB_HOOK_LISTENER_AO`;
/*!40101 SET @saved_cs_client     = @@character_set_client */;
/*!40101 SET character_set_client = utf8 */;
CREATE TABLE `AO_A0B856_WEB_HOOK_LISTENER_AO` (
  `DESCRIPTION` longtext COLLATE utf8mb4_bin,
  `ENABLED` tinyint(1) DEFAULT NULL,
  `EVENTS` longtext COLLATE utf8mb4_bin,
  `EXCLUDE_BODY` tinyint(1) DEFAULT NULL,
  `FILTERS` longtext COLLATE utf8mb4_bin,
  `ID` int(11) NOT NULL AUTO_INCREMENT,
  `LAST_UPDATED` datetime NOT NULL,
  `LAST_UPDATED_USER` varchar(255) COLLATE utf8mb4_bin DEFAULT NULL,
  `NAME` longtext COLLATE utf8mb4_bin NOT NULL,
  `PARAMETERS` longtext COLLATE utf8mb4_bin,
  `REGISTRATION_METHOD` varchar(255) COLLATE utf8mb4_bin NOT NULL,
  `URL` longtext COLLATE utf8mb4_bin NOT NULL,
  PRIMARY KEY (`ID`)
) ENGINE=InnoDB DEFAULT CHARSET=utf8mb4 COLLATE=utf8mb4_bin;
/*!40101 SET character_set_client = @saved_cs_client */;

--
-- Dumping data for table `AO_A0B856_WEB_HOOK_LISTENER_AO`
--

LOCK TABLES `AO_A0B856_WEB_HOOK_LISTENER_AO` WRITE;
/*!40000 ALTER TABLE `AO_A0B856_WEB_HOOK_LISTENER_AO` DISABLE KEYS */;
/*!40000 ALTER TABLE `AO_A0B856_WEB_HOOK_LISTENER_AO` ENABLE KEYS */;
UNLOCK TABLES;

--
-- Table structure for table `AO_AC3877_RL_USER_COUNTER`
--

DROP TABLE IF EXISTS `AO_AC3877_RL_USER_COUNTER`;
/*!40101 SET @saved_cs_client     = @@character_set_client */;
/*!40101 SET character_set_client = utf8 */;
CREATE TABLE `AO_AC3877_RL_USER_COUNTER` (
  `ID` bigint(20) NOT NULL AUTO_INCREMENT,
  `INTERVAL_START` datetime NOT NULL,
  `NODE_ID` varchar(255) COLLATE utf8mb4_bin NOT NULL,
  `REJECT_COUNT` bigint(20) NOT NULL DEFAULT '0',
  `USER_ID` varchar(255) COLLATE utf8mb4_bin NOT NULL,
  PRIMARY KEY (`ID`),
  KEY `index_ao_ac3877_rl_1696242418` (`INTERVAL_START`),
  KEY `index_ao_ac3877_rl_2023752663` (`USER_ID`)
) ENGINE=InnoDB DEFAULT CHARSET=utf8mb4 COLLATE=utf8mb4_bin;
/*!40101 SET character_set_client = @saved_cs_client */;

--
-- Dumping data for table `AO_AC3877_RL_USER_COUNTER`
--

LOCK TABLES `AO_AC3877_RL_USER_COUNTER` WRITE;
/*!40000 ALTER TABLE `AO_AC3877_RL_USER_COUNTER` DISABLE KEYS */;
/*!40000 ALTER TABLE `AO_AC3877_RL_USER_COUNTER` ENABLE KEYS */;
UNLOCK TABLES;

--
-- Table structure for table `AO_AC3877_SETTINGS_VERSION`
--

DROP TABLE IF EXISTS `AO_AC3877_SETTINGS_VERSION`;
/*!40101 SET @saved_cs_client     = @@character_set_client */;
/*!40101 SET character_set_client = utf8 */;
CREATE TABLE `AO_AC3877_SETTINGS_VERSION` (
  `TYPE` varchar(255) COLLATE utf8mb4_bin NOT NULL,
  `VERSION` bigint(20) NOT NULL,
  PRIMARY KEY (`TYPE`)
) ENGINE=InnoDB DEFAULT CHARSET=utf8mb4 COLLATE=utf8mb4_bin;
/*!40101 SET character_set_client = @saved_cs_client */;

--
-- Dumping data for table `AO_AC3877_SETTINGS_VERSION`
--

LOCK TABLES `AO_AC3877_SETTINGS_VERSION` WRITE;
/*!40000 ALTER TABLE `AO_AC3877_SETTINGS_VERSION` DISABLE KEYS */;
INSERT INTO `AO_AC3877_SETTINGS_VERSION` VALUES ('DEFAULT',1);
/*!40000 ALTER TABLE `AO_AC3877_SETTINGS_VERSION` ENABLE KEYS */;
UNLOCK TABLES;

--
-- Table structure for table `AO_AC3877_SYSTEM_RL_SETTINGS`
--

DROP TABLE IF EXISTS `AO_AC3877_SYSTEM_RL_SETTINGS`;
/*!40101 SET @saved_cs_client     = @@character_set_client */;
/*!40101 SET character_set_client = utf8 */;
CREATE TABLE `AO_AC3877_SYSTEM_RL_SETTINGS` (
  `CAPACITY` int(11) NOT NULL DEFAULT '0',
  `CLEAN_JOB_DURATION` varchar(255) COLLATE utf8mb4_bin NOT NULL,
  `FILL_RATE` int(11) NOT NULL DEFAULT '0',
  `FLUSH_JOB_DURATION` varchar(255) COLLATE utf8mb4_bin NOT NULL,
  `INTERVAL_FREQUENCY` int(11) NOT NULL DEFAULT '0',
  `INTERVAL_TIME_UNIT` varchar(255) COLLATE utf8mb4_bin NOT NULL,
  `MODE` varchar(255) COLLATE utf8mb4_bin NOT NULL,
  `NAME` varchar(255) COLLATE utf8mb4_bin NOT NULL,
  `REAPER_JOB_DURATION` varchar(255) COLLATE utf8mb4_bin NOT NULL,
  `RETENTION_PERIOD_DURATION` varchar(255) COLLATE utf8mb4_bin NOT NULL,
  `SETTINGS_RELOAD_JOB_DURATION` varchar(255) COLLATE utf8mb4_bin NOT NULL,
  PRIMARY KEY (`NAME`)
) ENGINE=InnoDB DEFAULT CHARSET=utf8mb4 COLLATE=utf8mb4_bin;
/*!40101 SET character_set_client = @saved_cs_client */;

--
-- Dumping data for table `AO_AC3877_SYSTEM_RL_SETTINGS`
--

LOCK TABLES `AO_AC3877_SYSTEM_RL_SETTINGS` WRITE;
/*!40000 ALTER TABLE `AO_AC3877_SYSTEM_RL_SETTINGS` DISABLE KEYS */;
INSERT INTO `AO_AC3877_SYSTEM_RL_SETTINGS` VALUES (50,'PT1M10S',10,'PT5M',1,'SECONDS','OFF','SYSTEM','PT15M','PT24H','PT1M');
/*!40000 ALTER TABLE `AO_AC3877_SYSTEM_RL_SETTINGS` ENABLE KEYS */;
UNLOCK TABLES;

--
-- Table structure for table `AO_AC3877_USER_RL_SETTINGS`
--

DROP TABLE IF EXISTS `AO_AC3877_USER_RL_SETTINGS`;
/*!40101 SET @saved_cs_client     = @@character_set_client */;
/*!40101 SET character_set_client = utf8 */;
CREATE TABLE `AO_AC3877_USER_RL_SETTINGS` (
  `CAPACITY` int(11) NOT NULL DEFAULT '0',
  `FILL_RATE` int(11) NOT NULL DEFAULT '0',
  `INTERVAL_FREQUENCY` int(11) NOT NULL DEFAULT '0',
  `INTERVAL_TIME_UNIT` varchar(255) COLLATE utf8mb4_bin NOT NULL,
  `USER_ID` varchar(255) COLLATE utf8mb4_bin NOT NULL,
  `WHITELISTED` tinyint(1) NOT NULL,
  PRIMARY KEY (`USER_ID`)
) ENGINE=InnoDB DEFAULT CHARSET=utf8mb4 COLLATE=utf8mb4_bin;
/*!40101 SET character_set_client = @saved_cs_client */;

--
-- Dumping data for table `AO_AC3877_USER_RL_SETTINGS`
--

LOCK TABLES `AO_AC3877_USER_RL_SETTINGS` WRITE;
/*!40000 ALTER TABLE `AO_AC3877_USER_RL_SETTINGS` DISABLE KEYS */;
/*!40000 ALTER TABLE `AO_AC3877_USER_RL_SETTINGS` ENABLE KEYS */;
UNLOCK TABLES;

--
-- Table structure for table `AO_B9A0F0_APPLIED_TEMPLATE`
--

DROP TABLE IF EXISTS `AO_B9A0F0_APPLIED_TEMPLATE`;
/*!40101 SET @saved_cs_client     = @@character_set_client */;
/*!40101 SET character_set_client = utf8 */;
CREATE TABLE `AO_B9A0F0_APPLIED_TEMPLATE` (
  `ID` int(11) NOT NULL AUTO_INCREMENT,
  `PROJECT_ID` bigint(20) DEFAULT '0',
  `PROJECT_TEMPLATE_MODULE_KEY` varchar(255) COLLATE utf8mb4_bin DEFAULT NULL,
  `PROJECT_TEMPLATE_WEB_ITEM_KEY` varchar(255) COLLATE utf8mb4_bin DEFAULT NULL,
  PRIMARY KEY (`ID`)
) ENGINE=InnoDB AUTO_INCREMENT=3 DEFAULT CHARSET=utf8mb4 COLLATE=utf8mb4_bin;
/*!40101 SET character_set_client = @saved_cs_client */;

--
-- Dumping data for table `AO_B9A0F0_APPLIED_TEMPLATE`
--

LOCK TABLES `AO_B9A0F0_APPLIED_TEMPLATE` WRITE;
/*!40000 ALTER TABLE `AO_B9A0F0_APPLIED_TEMPLATE` DISABLE KEYS */;
INSERT INTO `AO_B9A0F0_APPLIED_TEMPLATE` VALUES (1,10000,'com.pyxis.greenhopper.jira:gh-scrum-template','com.pyxis.greenhopper.jira:gh-scrum-template'),(2,10001,'com.pyxis.greenhopper.jira:gh-scrum-template','com.pyxis.greenhopper.jira:gh-scrum-template');
/*!40000 ALTER TABLE `AO_B9A0F0_APPLIED_TEMPLATE` ENABLE KEYS */;
UNLOCK TABLES;

--
-- Table structure for table `AO_C16815_ALERT_AO`
--

DROP TABLE IF EXISTS `AO_C16815_ALERT_AO`;
/*!40101 SET @saved_cs_client     = @@character_set_client */;
/*!40101 SET character_set_client = utf8 */;
CREATE TABLE `AO_C16815_ALERT_AO` (
  `CREATED_DATE` bigint(20) DEFAULT '0',
  `DETAILS_JSON` longtext COLLATE utf8mb4_bin,
  `ID` bigint(20) NOT NULL AUTO_INCREMENT,
  `ISSUE_COMPONENT_ID` varchar(255) COLLATE utf8mb4_bin DEFAULT NULL,
  `ISSUE_ID` varchar(255) COLLATE utf8mb4_bin DEFAULT NULL,
  `ISSUE_SEVERITY` int(11) DEFAULT '0',
  `NODE_NAME` varchar(255) COLLATE utf8mb4_bin DEFAULT NULL,
  `TRIGGER_MODULE` varchar(255) COLLATE utf8mb4_bin DEFAULT NULL,
  `TRIGGER_PLUGIN_KEY` varchar(255) COLLATE utf8mb4_bin DEFAULT NULL,
  `TRIGGER_PLUGIN_KEY_VERSION` varchar(255) COLLATE utf8mb4_bin DEFAULT NULL,
  `TRIGGER_PLUGIN_VERSION` varchar(255) COLLATE utf8mb4_bin DEFAULT NULL,
  PRIMARY KEY (`ID`)
) ENGINE=InnoDB DEFAULT CHARSET=utf8mb4 COLLATE=utf8mb4_bin;
/*!40101 SET character_set_client = @saved_cs_client */;

--
-- Dumping data for table `AO_C16815_ALERT_AO`
--

LOCK TABLES `AO_C16815_ALERT_AO` WRITE;
/*!40000 ALTER TABLE `AO_C16815_ALERT_AO` DISABLE KEYS */;
/*!40000 ALTER TABLE `AO_C16815_ALERT_AO` ENABLE KEYS */;
UNLOCK TABLES;

--
-- Table structure for table `AO_C77861_AUDIT_ENTITY`
--

DROP TABLE IF EXISTS `AO_C77861_AUDIT_ENTITY`;
/*!40101 SET @saved_cs_client     = @@character_set_client */;
/*!40101 SET character_set_client = utf8 */;
CREATE TABLE `AO_C77861_AUDIT_ENTITY` (
  `ACTION` varchar(255) COLLATE utf8mb4_bin NOT NULL,
  `AREA` varchar(255) COLLATE utf8mb4_bin NOT NULL,
  `ATTRIBUTES` longtext COLLATE utf8mb4_bin,
  `CATEGORY` varchar(255) COLLATE utf8mb4_bin DEFAULT NULL,
  `CHANGE_VALUES` longtext COLLATE utf8mb4_bin,
  `ENTITY_TIMESTAMP` bigint(20) NOT NULL,
  `ID` bigint(20) NOT NULL AUTO_INCREMENT,
  `LEVEL` varchar(255) COLLATE utf8mb4_bin NOT NULL,
  `METHOD` varchar(255) COLLATE utf8mb4_bin DEFAULT NULL,
  `NODE` varchar(255) COLLATE utf8mb4_bin DEFAULT NULL,
  `PRIMARY_RESOURCE_ID` varchar(255) COLLATE utf8mb4_bin DEFAULT NULL,
  `PRIMARY_RESOURCE_TYPE` varchar(255) COLLATE utf8mb4_bin DEFAULT NULL,
  `RESOURCES` longtext COLLATE utf8mb4_bin,
  `SEARCH_STRING` longtext COLLATE utf8mb4_bin,
  `SECONDARY_RESOURCE_ID` varchar(255) COLLATE utf8mb4_bin DEFAULT NULL,
  `SECONDARY_RESOURCE_TYPE` varchar(255) COLLATE utf8mb4_bin DEFAULT NULL,
  `SOURCE` varchar(255) COLLATE utf8mb4_bin DEFAULT NULL,
  `SYSTEM_INFO` varchar(255) COLLATE utf8mb4_bin DEFAULT NULL,
  `USER_ID` varchar(255) COLLATE utf8mb4_bin DEFAULT NULL,
  `USER_NAME` varchar(255) COLLATE utf8mb4_bin DEFAULT NULL,
  `USER_TYPE` varchar(255) COLLATE utf8mb4_bin DEFAULT NULL,
  PRIMARY KEY (`ID`),
  KEY `index_ao_c77861_aud1490488814` (`USER_ID`,`ENTITY_TIMESTAMP`),
  KEY `index_ao_c77861_aud470300084` (`SECONDARY_RESOURCE_ID`,`SECONDARY_RESOURCE_TYPE`,`ENTITY_TIMESTAMP`),
  KEY `index_ao_c77861_aud237541374` (`PRIMARY_RESOURCE_ID`,`PRIMARY_RESOURCE_TYPE`,`ENTITY_TIMESTAMP`),
  KEY `index_ao_c77861_aud2071685161` (`ENTITY_TIMESTAMP`,`ID`)
) ENGINE=InnoDB AUTO_INCREMENT=85 DEFAULT CHARSET=utf8mb4 COLLATE=utf8mb4_bin;
/*!40101 SET character_set_client = @saved_cs_client */;

--
-- Dumping data for table `AO_C77861_AUDIT_ENTITY`
--

LOCK TABLES `AO_C77861_AUDIT_ENTITY` WRITE;
/*!40000 ALTER TABLE `AO_C77861_AUDIT_ENTITY` DISABLE KEYS */;
INSERT INTO `AO_C77861_AUDIT_ENTITY` VALUES ('Group created','USER_MANAGEMENT','[]','group management','[]',1661826193576,1,'BASE','Browser',NULL,NULL,'GROUP','[{\"name\":\"jira-software-users\",\"type\":\"GROUP\",\"uri\":null,\"id\":null}]','jira-software-users group created management anonymous 192.168.10.201',NULL,NULL,'192.168.10.201','http://192.168.10.121:8080','-2','Anonymous','user'),('Global permission added','PERMISSIONS','[]','permissions','[{\"key\":\"Permission\",\"from\":\"\",\"to\":\"Manage Group Filter Subscriptions\"},{\"key\":\"Group\",\"from\":\"\",\"to\":\"jira-software-users\"}]',1661826193609,2,'BASE','Browser',NULL,NULL,'PERMISSIONS','[{\"name\":\"Global Permissions\",\"type\":\"PERMISSIONS\",\"uri\":null,\"id\":null}]','global permissions permission added anonymous 192.168.10.201',NULL,NULL,'192.168.10.201','http://192.168.10.121:8080','-2','Anonymous','user'),('Global permission added','PERMISSIONS','[]','permissions','[{\"key\":\"Permission\",\"from\":\"\",\"to\":\"Bulk Change\"},{\"key\":\"Group\",\"from\":\"\",\"to\":\"jira-software-users\"}]',1661826193610,3,'BASE','Browser',NULL,NULL,'PERMISSIONS','[{\"name\":\"Global Permissions\",\"type\":\"PERMISSIONS\",\"uri\":null,\"id\":null}]','global permissions permission added anonymous 192.168.10.201',NULL,NULL,'192.168.10.201','http://192.168.10.121:8080','-2','Anonymous','user'),('Global permission added','PERMISSIONS','[]','permissions','[{\"key\":\"Permission\",\"from\":\"\",\"to\":\"Browse Users\"},{\"key\":\"Group\",\"from\":\"\",\"to\":\"jira-software-users\"}]',1661826193611,4,'BASE','Browser',NULL,NULL,'PERMISSIONS','[{\"name\":\"Global Permissions\",\"type\":\"PERMISSIONS\",\"uri\":null,\"id\":null}]','global permissions permission added anonymous 192.168.10.201',NULL,NULL,'192.168.10.201','http://192.168.10.121:8080','-2','Anonymous','user'),('Global permission added','PERMISSIONS','[]','permissions','[{\"key\":\"Permission\",\"from\":\"\",\"to\":\"Create Shared Objects\"},{\"key\":\"Group\",\"from\":\"\",\"to\":\"jira-software-users\"}]',1661826193613,5,'BASE','Browser',NULL,NULL,'PERMISSIONS','[{\"name\":\"Global Permissions\",\"type\":\"PERMISSIONS\",\"uri\":null,\"id\":null}]','global permissions permission added anonymous 192.168.10.201',NULL,NULL,'192.168.10.201','http://192.168.10.121:8080','-2','Anonymous','user'),('New license added','GLOBAL_CONFIG_AND_ADMINISTRATION','[]','system','[{\"key\":\"Organisation\",\"from\":null,\"to\":\"http://192.168.10.121:8080/\"},{\"key\":\"Date Purchased\",\"from\":null,\"to\":\"29/Aug/22\"},{\"key\":\"License Type\",\"from\":null,\"to\":\"Unlimited license by https://zhile.io\"},{\"key\":\"Server ID\",\"from\":null,\"to\":\"B15L-ZI0A-G6JN-7PC1\"},{\"key\":\"Support Entitlement Number (SEN)\",\"from\":null,\"to\":\"SEN-L1661826182945\"},{\"key\":\"User Limit\",\"from\":null,\"to\":\"Unlimited\"},{\"key\":\"jira-software\",\"from\":null,\"to\":\"-1\"}]',1661826193618,6,'BASE','Browser',NULL,'0','LICENSE','[{\"name\":\"SEN-L1661826182945\",\"type\":\"LICENSE\",\"uri\":null,\"id\":\"0\"}]','sen-l1661826182945 new license added system anonymous 192.168.10.201',NULL,NULL,'192.168.10.201','http://192.168.10.121:8080','-2','Anonymous','user'),('User created','USER_MANAGEMENT','[]','user management','[{\"key\":\"Username\",\"from\":null,\"to\":\"kmsjira\"},{\"key\":\"Full name\",\"from\":null,\"to\":\"kmsjira\"},{\"key\":\"Email\",\"from\":null,\"to\":\"297017831@qq.com\"},{\"key\":\"Active / Inactive\",\"from\":null,\"to\":\"Active\"}]',1661826601344,7,'BASE','Browser',NULL,'JIRAUSER10000','USER','[{\"name\":\"kmsjira\",\"type\":\"USER\",\"uri\":null,\"id\":\"JIRAUSER10000\"}]','kmsjira user created management anonymous 192.168.10.201',NULL,NULL,'192.168.10.201','http://192.168.10.121:8080','-2','Anonymous','user'),('User added to group','USER_MANAGEMENT','[]','group management','[]',1661826601371,8,'BASE','Browser',NULL,NULL,'GROUP','[{\"name\":\"jira-administrators\",\"type\":\"GROUP\",\"uri\":null,\"id\":null},{\"name\":\"kmsjira\",\"type\":\"USER\",\"uri\":null,\"id\":\"JIRAUSER10000\"}]','jira-administrators kmsjira user added to group management anonymous 192.168.10.201','JIRAUSER10000','USER','192.168.10.201','http://192.168.10.121:8080','-2','Anonymous','user'),('Global permission added','PERMISSIONS','[]','permissions','[{\"key\":\"Permission\",\"from\":\"\",\"to\":\"Browse Users\"},{\"key\":\"Group\",\"from\":\"\",\"to\":\"jira-administrators\"}]',1661826601389,9,'BASE','Browser',NULL,NULL,'PERMISSIONS','[{\"name\":\"Global Permissions\",\"type\":\"PERMISSIONS\",\"uri\":null,\"id\":null}]','global permissions permission added anonymous 192.168.10.201',NULL,NULL,'192.168.10.201','http://192.168.10.121:8080','-2','Anonymous','user'),('Global permission added','PERMISSIONS','[]','permissions','[{\"key\":\"Permission\",\"from\":\"\",\"to\":\"Bulk Change\"},{\"key\":\"Group\",\"from\":\"\",\"to\":\"jira-administrators\"}]',1661826601391,10,'BASE','Browser',NULL,NULL,'PERMISSIONS','[{\"name\":\"Global Permissions\",\"type\":\"PERMISSIONS\",\"uri\":null,\"id\":null}]','global permissions permission added anonymous 192.168.10.201',NULL,NULL,'192.168.10.201','http://192.168.10.121:8080','-2','Anonymous','user'),('Global permission added','PERMISSIONS','[]','permissions','[{\"key\":\"Permission\",\"from\":\"\",\"to\":\"Create Shared Objects\"},{\"key\":\"Group\",\"from\":\"\",\"to\":\"jira-administrators\"}]',1661826601392,11,'BASE','Browser',NULL,NULL,'PERMISSIONS','[{\"name\":\"Global Permissions\",\"type\":\"PERMISSIONS\",\"uri\":null,\"id\":null}]','global permissions permission added anonymous 192.168.10.201',NULL,NULL,'192.168.10.201','http://192.168.10.121:8080','-2','Anonymous','user'),('Global permission added','PERMISSIONS','[]','permissions','[{\"key\":\"Permission\",\"from\":\"\",\"to\":\"Manage Group Filter Subscriptions\"},{\"key\":\"Group\",\"from\":\"\",\"to\":\"jira-administrators\"}]',1661826601393,12,'BASE','Browser',NULL,NULL,'PERMISSIONS','[{\"name\":\"Global Permissions\",\"type\":\"PERMISSIONS\",\"uri\":null,\"id\":null}]','global permissions permission added anonymous 192.168.10.201',NULL,NULL,'192.168.10.201','http://192.168.10.121:8080','-2','Anonymous','user'),('User added to group','USER_MANAGEMENT','[]','group management','[]',1661826601396,13,'BASE','Browser',NULL,NULL,'GROUP','[{\"name\":\"jira-software-users\",\"type\":\"GROUP\",\"uri\":null,\"id\":null},{\"name\":\"kmsjira\",\"type\":\"USER\",\"uri\":null,\"id\":\"JIRAUSER10000\"}]','jira-software-users kmsjira user added to group management anonymous 192.168.10.201','JIRAUSER10000','USER','192.168.10.201','http://192.168.10.121:8080','-2','Anonymous','user'),('Custom field created','GLOBAL_CONFIG_AND_ADMINISTRATION','[]','fields','[{\"key\":\"Name\",\"from\":null,\"to\":\"Rank\"},{\"key\":\"Description\",\"from\":null,\"to\":\"Global rank field for Jira Software use only.\"},{\"key\":\"Type\",\"from\":null,\"to\":\"Global Rank\"}]',1661826609756,14,'BASE','Browser',NULL,'customfield_10100','CUSTOM_FIELD','[{\"name\":\"Rank\",\"type\":\"CUSTOM_FIELD\",\"uri\":null,\"id\":\"customfield_10100\"}]','rank custom field created fields anonymous 192.168.10.201',NULL,NULL,'192.168.10.201','http://192.168.10.121:8080','-2','Anonymous','user'),('Custom field created','GLOBAL_CONFIG_AND_ADMINISTRATION','[]','fields','[{\"key\":\"Name\",\"from\":null,\"to\":\"Sprint\"},{\"key\":\"Description\",\"from\":null,\"to\":\"Jira Software sprint field\"},{\"key\":\"Type\",\"from\":null,\"to\":\"Jira Sprint Field\"}]',1661826609834,15,'BASE','Browser',NULL,'customfield_10101','CUSTOM_FIELD','[{\"name\":\"Sprint\",\"type\":\"CUSTOM_FIELD\",\"uri\":null,\"id\":\"customfield_10101\"}]','sprint custom field created fields anonymous 192.168.10.201',NULL,NULL,'192.168.10.201','http://192.168.10.121:8080','-2','Anonymous','user'),('Custom field created','GLOBAL_CONFIG_AND_ADMINISTRATION','[]','fields','[{\"key\":\"Name\",\"from\":null,\"to\":\"Epic Link\"},{\"key\":\"Description\",\"from\":null,\"to\":\"Choose an epic to assign this issue to.\"},{\"key\":\"Type\",\"from\":null,\"to\":\"Epic Link Relationship\"}]',1661826609903,16,'BASE','Browser',NULL,'customfield_10102','CUSTOM_FIELD','[{\"name\":\"Epic Link\",\"type\":\"CUSTOM_FIELD\",\"uri\":null,\"id\":\"customfield_10102\"}]','epic link custom field created fields anonymous 192.168.10.201',NULL,NULL,'192.168.10.201','http://192.168.10.121:8080','-2','Anonymous','user'),('Custom field created','GLOBAL_CONFIG_AND_ADMINISTRATION','[]','fields','[{\"key\":\"Name\",\"from\":null,\"to\":\"Epic Status\"},{\"key\":\"Description\",\"from\":null,\"to\":\"Epic Status field for Jira Software use only.\"},{\"key\":\"Type\",\"from\":null,\"to\":\"Status of Epic\"}]',1661826609971,17,'BASE','Browser',NULL,'customfield_10103','CUSTOM_FIELD','[{\"name\":\"Epic Status\",\"type\":\"CUSTOM_FIELD\",\"uri\":null,\"id\":\"customfield_10103\"}]','epic status custom field created fields anonymous 192.168.10.201',NULL,NULL,'192.168.10.201','http://192.168.10.121:8080','-2','Anonymous','user'),('Custom field created','GLOBAL_CONFIG_AND_ADMINISTRATION','[]','fields','[{\"key\":\"Name\",\"from\":null,\"to\":\"Epic Name\"},{\"key\":\"Description\",\"from\":null,\"to\":\"Provide a short name to identify this epic.\"},{\"key\":\"Type\",\"from\":null,\"to\":\"Name of Epic\"}]',1661826610018,18,'BASE','Browser',NULL,'customfield_10104','CUSTOM_FIELD','[{\"name\":\"Epic Name\",\"type\":\"CUSTOM_FIELD\",\"uri\":null,\"id\":\"customfield_10104\"}]','epic name custom field created fields anonymous 192.168.10.201',NULL,NULL,'192.168.10.201','http://192.168.10.121:8080','-2','Anonymous','user'),('Custom field created','GLOBAL_CONFIG_AND_ADMINISTRATION','[]','fields','[{\"key\":\"Name\",\"from\":null,\"to\":\"Epic Color\"},{\"key\":\"Description\",\"from\":null,\"to\":\"Epic Colour field for Jira Software use only.\"},{\"key\":\"Type\",\"from\":null,\"to\":\"Color of Epic\"}]',1661826610141,19,'BASE','Browser',NULL,'customfield_10105','CUSTOM_FIELD','[{\"name\":\"Epic Color\",\"type\":\"CUSTOM_FIELD\",\"uri\":null,\"id\":\"customfield_10105\"}]','epic color custom field created fields anonymous 192.168.10.201',NULL,NULL,'192.168.10.201','http://192.168.10.121:8080','-2','Anonymous','user'),('Issue type created','GLOBAL_CONFIG_AND_ADMINISTRATION','[]','issue types','[]',1661826614181,20,'BASE','Browser',NULL,'10000','ISSUE_TYPE','[{\"name\":\"Epic\",\"type\":\"ISSUE_TYPE\",\"uri\":null,\"id\":\"10000\"}]','epic issue type created types anonymous 192.168.10.201',NULL,NULL,'192.168.10.201','http://192.168.10.121:8080','-2','Anonymous','user'),('Issue type created','GLOBAL_CONFIG_AND_ADMINISTRATION','[]','issue types','[]',1661826614205,21,'BASE','Browser',NULL,'10001','ISSUE_TYPE','[{\"name\":\"Story\",\"type\":\"ISSUE_TYPE\",\"uri\":null,\"id\":\"10001\"}]','story issue type created types anonymous 192.168.10.201',NULL,NULL,'192.168.10.201','http://192.168.10.121:8080','-2','Anonymous','user'),('Custom field created','GLOBAL_CONFIG_AND_ADMINISTRATION','[]','fields','[{\"key\":\"Name\",\"from\":null,\"to\":\"Story Points\"},{\"key\":\"Description\",\"from\":null,\"to\":\"Measurement of complexity and/or size of a requirement.\"},{\"key\":\"Type\",\"from\":null,\"to\":\"Number Field\"}]',1661826614219,22,'BASE','Browser',NULL,'customfield_10106','CUSTOM_FIELD','[{\"name\":\"Story Points\",\"type\":\"CUSTOM_FIELD\",\"uri\":null,\"id\":\"customfield_10106\"}]','story points custom field created fields anonymous 192.168.10.201',NULL,NULL,'192.168.10.201','http://192.168.10.121:8080','-2','Anonymous','user'),('Permission scheme updated','PERMISSIONS','[]','permissions','[{\"key\":\"Permission\",\"from\":\"\",\"to\":\"Manage Sprints\"},{\"key\":\"Type\",\"from\":\"\",\"to\":\"Project Role\"},{\"key\":\"Value\",\"from\":\"\",\"to\":\"Administrators\"}]',1661826614836,23,'BASE','Browser',NULL,'0','SCHEME','[{\"name\":\"Default Permission Scheme\",\"type\":\"SCHEME\",\"uri\":null,\"id\":\"0\"}]','default permission scheme updated permissions anonymous 192.168.10.201',NULL,NULL,'192.168.10.201','http://192.168.10.121:8080','-2','Anonymous','user'),('Permission scheme updated','PERMISSIONS','[]','permissions','[{\"key\":\"Permission\",\"from\":\"Manage Sprints\",\"to\":\"\"},{\"key\":\"Type\",\"from\":\"Project Role\",\"to\":\"\"},{\"key\":\"Value\",\"from\":\"Administrators\",\"to\":\"\"}]',1661826614855,24,'BASE','Browser',NULL,'0','SCHEME','[{\"name\":\"Default Permission Scheme\",\"type\":\"SCHEME\",\"uri\":null,\"id\":\"0\"}]','default permission scheme updated permissions anonymous 192.168.10.201',NULL,NULL,'192.168.10.201','http://192.168.10.121:8080','-2','Anonymous','user'),('Permission scheme updated','PERMISSIONS','[]','permissions','[{\"key\":\"Permission\",\"from\":\"\",\"to\":\"Manage Sprints\"},{\"key\":\"Type\",\"from\":\"\",\"to\":\"Project Role\"},{\"key\":\"Value\",\"from\":\"\",\"to\":\"Administrators\"}]',1661826614860,25,'BASE','Browser',NULL,'0','SCHEME','[{\"name\":\"Default Permission Scheme\",\"type\":\"SCHEME\",\"uri\":null,\"id\":\"0\"}]','default permission scheme updated permissions anonymous 192.168.10.201',NULL,NULL,'192.168.10.201','http://192.168.10.121:8080','-2','Anonymous','user'),('New resolution created','GLOBAL_CONFIG_AND_ADMINISTRATION','[{\"name\":\"Description\",\"value\":\"Work has been completed on this issue.\"}]','workflows','[]',1661827169943,26,'BASE','Browser',NULL,'10000','RESOLUTION','[{\"name\":\"Done\",\"type\":\"RESOLUTION\",\"uri\":null,\"id\":\"10000\"}]','done new resolution created workflows kmsjira 192.168.10.201',NULL,NULL,'192.168.10.201','http://192.168.10.121:8080','10000','kmsjira','ApplicationUser'),('New resolution created','GLOBAL_CONFIG_AND_ADMINISTRATION','[{\"name\":\"Description\",\"value\":\"This issue won\'t be actioned.\"}]','workflows','[]',1661827169945,27,'BASE','Browser',NULL,'10001','RESOLUTION','[{\"name\":\"Won\'t Do\",\"type\":\"RESOLUTION\",\"uri\":null,\"id\":\"10001\"}]','won\'t do new resolution created workflows kmsjira 192.168.10.201',NULL,NULL,'192.168.10.201','http://192.168.10.121:8080','10000','kmsjira','ApplicationUser'),('New resolution created','GLOBAL_CONFIG_AND_ADMINISTRATION','[{\"name\":\"Description\",\"value\":\"The problem is a duplicate of an existing issue.\"}]','workflows','[]',1661827169947,28,'BASE','Browser',NULL,'10002','RESOLUTION','[{\"name\":\"Duplicate\",\"type\":\"RESOLUTION\",\"uri\":null,\"id\":\"10002\"}]','duplicate new resolution created workflows kmsjira 192.168.10.201',NULL,NULL,'192.168.10.201','http://192.168.10.121:8080','10000','kmsjira','ApplicationUser'),('New resolution created','GLOBAL_CONFIG_AND_ADMINISTRATION','[{\"name\":\"Description\",\"value\":\"All attempts at reproducing this issue failed, or not enough information was available to reproduce the issue. Reading the code produces no clues as to why this behavior would occur. If more information appears later, please reopen the issue.\"}]','workflows','[]',1661827169948,29,'BASE','Browser',NULL,'10003','RESOLUTION','[{\"name\":\"Cannot Reproduce\",\"type\":\"RESOLUTION\",\"uri\":null,\"id\":\"10003\"}]','cannot reproduce new resolution created workflows kmsjira 192.168.10.201',NULL,NULL,'192.168.10.201','http://192.168.10.121:8080','10000','kmsjira','ApplicationUser'),('Workflow created','GLOBAL_CONFIG_AND_ADMINISTRATION','[]','workflows','[{\"key\":\"Status\",\"from\":\"\",\"to\":\"To Do, In Progress, Done\"},{\"key\":\"Description\",\"from\":\"\",\"to\":\"Generated by JIRA Software version 8.8.1. This workflow is managed internally by Jira Software. Do not manually modify this workflow.\"},{\"key\":\"Transition\",\"from\":\"\",\"to\":\"Create (To Do), To Do (To Do), In Progress (In Progress), Done (Done)\"},{\"key\":\"Name\",\"from\":\"\",\"to\":\"Software Simplified Workflow for Project DDRFLAS\"}]',1661827170461,30,'BASE','Browser',NULL,'Software Simplified Workflow for Project DDRFLAS','WORKFLOW','[{\"name\":\"Software Simplified Workflow for Project DDRFLAS\",\"type\":\"WORKFLOW\",\"uri\":null,\"id\":\"Software Simplified Workflow for Project DDRFLAS\"}]','software simplified workflow for project ddrflas created workflows kmsjira 192.168.10.201',NULL,NULL,'192.168.10.201','http://192.168.10.121:8080','10000','kmsjira','ApplicationUser'),('Workflow scheme created','GLOBAL_CONFIG_AND_ADMINISTRATION','[]','workflows','[{\"key\":\"Name\",\"from\":null,\"to\":\"DDRFLAS: Software Simplified Workflow Scheme\"},{\"key\":\"Description\",\"from\":null,\"to\":\"Generated by JIRA Software version 8.8.1. This workflow scheme is managed internally by Jira Software. Do not manually modify this workflow scheme.\"}]',1661827170494,31,'BASE','Browser',NULL,'10100','SCHEME','[{\"name\":\"DDRFLAS: Software Simplified Workflow Scheme\",\"type\":\"SCHEME\",\"uri\":null,\"id\":\"10100\"}]','ddrflas: software simplified workflow scheme created workflows kmsjira 192.168.10.201',NULL,NULL,'192.168.10.201','http://192.168.10.121:8080','10000','kmsjira','ApplicationUser'),('Workflow scheme added to project','GLOBAL_CONFIG_AND_ADMINISTRATION','[]','workflows','[]',1661827170510,32,'BASE','Browser',NULL,'10000','PROJECT','[{\"name\":\"DDR_FLASHS\",\"type\":\"PROJECT\",\"uri\":null,\"id\":\"10000\"},{\"name\":\"DDRFLAS: Software Simplified Workflow Scheme\",\"type\":\"SCHEME\",\"uri\":null,\"id\":\"10100\"}]','ddr_flashs ddrflas: software simplified workflow scheme added to project workflows kmsjira 192.168.10.201','10100','SCHEME','192.168.10.201','http://192.168.10.121:8080','10000','kmsjira','ApplicationUser'),('Filter created','LOCAL_CONFIG_AND_ADMINISTRATION','[]','filters','[{\"key\":\"Name\",\"from\":\"\",\"to\":\"Filter for DDRFLAS board\"},{\"key\":\"Description\",\"from\":\"\",\"to\":null},{\"key\":\"Owner\",\"from\":\"\",\"to\":\"JIRAUSER10000\"},{\"key\":\"Shared With\",\"from\":\"[]\",\"to\":\"[Project: DDR_FLASHS (VIEW)]\"},{\"key\":\"JQL Query\",\"from\":\"\",\"to\":\"{project = \\\"DDRFLAS\\\"} order by Rank ASC\"}]',1661827170623,33,'BASE','Browser',NULL,'10000','FILTER','[{\"name\":\"Filter for DDRFLAS board\",\"type\":\"FILTER\",\"uri\":null,\"id\":\"10000\"},{\"name\":\"kmsjira\",\"type\":\"USER\",\"uri\":null,\"id\":\"JIRAUSER10000\"},{\"name\":\"DDR_FLASHS\",\"type\":\"PROJECT\",\"uri\":null,\"id\":\"10000\"}]','filter for ddrflas board kmsjira ddr_flashs created filters 192.168.10.201','JIRAUSER10000','USER','192.168.10.201','http://192.168.10.121:8080','10000','kmsjira','ApplicationUser'),('Board created','LOCAL_CONFIG_AND_ADMINISTRATION','[]','boards','[]',1661827170775,34,'BASE','Browser',NULL,'1','BOARD','[{\"name\":\"DDRFLAS board\",\"type\":\"BOARD\",\"uri\":null,\"id\":\"1\"},{\"name\":\"DDRFLAS board\",\"type\":\"BOARD\",\"uri\":null,\"id\":\"1\"}]','ddrflas board created boards kmsjira 192.168.10.201','1','BOARD','192.168.10.201','http://192.168.10.121:8080','10000','kmsjira','ApplicationUser'),('Permission scheme created','PERMISSIONS','[]','permissions','[{\"key\":\"Name\",\"from\":null,\"to\":\"Default software scheme\"},{\"key\":\"Description\",\"from\":null,\"to\":\"Default scheme for Software projects.\"}]',1661827170849,35,'BASE','Browser',NULL,'10000','SCHEME','[{\"name\":\"Default software scheme\",\"type\":\"SCHEME\",\"uri\":null,\"id\":\"10000\"}]','default software scheme permission created permissions kmsjira 192.168.10.201',NULL,NULL,'192.168.10.201','http://192.168.10.121:8080','10000','kmsjira','ApplicationUser'),('Permission scheme updated','PERMISSIONS','[]','permissions','[{\"key\":\"Permission\",\"from\":\"\",\"to\":\"Browse Projects\"},{\"key\":\"Type\",\"from\":\"\",\"to\":\"Application access\"}]',1661827170857,36,'BASE','Browser',NULL,'10000','SCHEME','[{\"name\":\"Default software scheme\",\"type\":\"SCHEME\",\"uri\":null,\"id\":\"10000\"}]','default software scheme permission updated permissions kmsjira 192.168.10.201',NULL,NULL,'192.168.10.201','http://192.168.10.121:8080','10000','kmsjira','ApplicationUser'),('Permission scheme updated','PERMISSIONS','[]','permissions','[{\"key\":\"Permission\",\"from\":\"\",\"to\":\"Create Issues\"},{\"key\":\"Type\",\"from\":\"\",\"to\":\"Application access\"}]',1661827170868,37,'BASE','Browser',NULL,'10000','SCHEME','[{\"name\":\"Default software scheme\",\"type\":\"SCHEME\",\"uri\":null,\"id\":\"10000\"}]','default software scheme permission updated permissions kmsjira 192.168.10.201',NULL,NULL,'192.168.10.201','http://192.168.10.121:8080','10000','kmsjira','ApplicationUser'),('Permission scheme updated','PERMISSIONS','[]','permissions','[{\"key\":\"Permission\",\"from\":\"\",\"to\":\"Edit Issues\"},{\"key\":\"Type\",\"from\":\"\",\"to\":\"Application access\"}]',1661827170870,38,'BASE','Browser',NULL,'10000','SCHEME','[{\"name\":\"Default software scheme\",\"type\":\"SCHEME\",\"uri\":null,\"id\":\"10000\"}]','default software scheme permission updated permissions kmsjira 192.168.10.201',NULL,NULL,'192.168.10.201','http://192.168.10.121:8080','10000','kmsjira','ApplicationUser'),('Permission scheme updated','PERMISSIONS','[]','permissions','[{\"key\":\"Permission\",\"from\":\"\",\"to\":\"Assign Issues\"},{\"key\":\"Type\",\"from\":\"\",\"to\":\"Application access\"}]',1661827170874,39,'BASE','Browser',NULL,'10000','SCHEME','[{\"name\":\"Default software scheme\",\"type\":\"SCHEME\",\"uri\":null,\"id\":\"10000\"}]','default software scheme permission updated permissions kmsjira 192.168.10.201',NULL,NULL,'192.168.10.201','http://192.168.10.121:8080','10000','kmsjira','ApplicationUser'),('Permission scheme updated','PERMISSIONS','[]','permissions','[{\"key\":\"Permission\",\"from\":\"\",\"to\":\"Resolve Issues\"},{\"key\":\"Type\",\"from\":\"\",\"to\":\"Application access\"}]',1661827170877,40,'BASE','Browser',NULL,'10000','SCHEME','[{\"name\":\"Default software scheme\",\"type\":\"SCHEME\",\"uri\":null,\"id\":\"10000\"}]','default software scheme permission updated permissions kmsjira 192.168.10.201',NULL,NULL,'192.168.10.201','http://192.168.10.121:8080','10000','kmsjira','ApplicationUser'),('Permission scheme updated','PERMISSIONS','[]','permissions','[{\"key\":\"Permission\",\"from\":\"\",\"to\":\"Add Comments\"},{\"key\":\"Type\",\"from\":\"\",\"to\":\"Application access\"}]',1661827170880,41,'BASE','Browser',NULL,'10000','SCHEME','[{\"name\":\"Default software scheme\",\"type\":\"SCHEME\",\"uri\":null,\"id\":\"10000\"}]','default software scheme permission updated permissions kmsjira 192.168.10.201',NULL,NULL,'192.168.10.201','http://192.168.10.121:8080','10000','kmsjira','ApplicationUser'),('Permission scheme updated','PERMISSIONS','[]','permissions','[{\"key\":\"Permission\",\"from\":\"\",\"to\":\"Delete Issues\"},{\"key\":\"Type\",\"from\":\"\",\"to\":\"Project Role\"},{\"key\":\"Value\",\"from\":\"\",\"to\":\"Administrators\"}]',1661827170884,42,'BASE','Browser',NULL,'10000','SCHEME','[{\"name\":\"Default software scheme\",\"type\":\"SCHEME\",\"uri\":null,\"id\":\"10000\"}]','default software scheme permission updated permissions kmsjira 192.168.10.201',NULL,NULL,'192.168.10.201','http://192.168.10.121:8080','10000','kmsjira','ApplicationUser'),('Permission scheme updated','PERMISSIONS','[]','permissions','[{\"key\":\"Permission\",\"from\":\"\",\"to\":\"Assignable User\"},{\"key\":\"Type\",\"from\":\"\",\"to\":\"Application access\"}]',1661827170887,43,'BASE','Browser',NULL,'10000','SCHEME','[{\"name\":\"Default software scheme\",\"type\":\"SCHEME\",\"uri\":null,\"id\":\"10000\"}]','default software scheme permission updated permissions kmsjira 192.168.10.201',NULL,NULL,'192.168.10.201','http://192.168.10.121:8080','10000','kmsjira','ApplicationUser'),('Permission scheme updated','PERMISSIONS','[]','permissions','[{\"key\":\"Permission\",\"from\":\"\",\"to\":\"Close Issues\"},{\"key\":\"Type\",\"from\":\"\",\"to\":\"Application access\"}]',1661827170890,44,'BASE','Browser',NULL,'10000','SCHEME','[{\"name\":\"Default software scheme\",\"type\":\"SCHEME\",\"uri\":null,\"id\":\"10000\"}]','default software scheme permission updated permissions kmsjira 192.168.10.201',NULL,NULL,'192.168.10.201','http://192.168.10.121:8080','10000','kmsjira','ApplicationUser'),('Permission scheme updated','PERMISSIONS','[]','permissions','[{\"key\":\"Permission\",\"from\":\"\",\"to\":\"Create Attachments\"},{\"key\":\"Type\",\"from\":\"\",\"to\":\"Application access\"}]',1661827170894,45,'BASE','Browser',NULL,'10000','SCHEME','[{\"name\":\"Default software scheme\",\"type\":\"SCHEME\",\"uri\":null,\"id\":\"10000\"}]','default software scheme permission updated permissions kmsjira 192.168.10.201',NULL,NULL,'192.168.10.201','http://192.168.10.121:8080','10000','kmsjira','ApplicationUser'),('Permission scheme updated','PERMISSIONS','[]','permissions','[{\"key\":\"Permission\",\"from\":\"\",\"to\":\"Work On Issues\"},{\"key\":\"Type\",\"from\":\"\",\"to\":\"Application access\"}]',1661827170897,46,'BASE','Browser',NULL,'10000','SCHEME','[{\"name\":\"Default software scheme\",\"type\":\"SCHEME\",\"uri\":null,\"id\":\"10000\"}]','default software scheme permission updated permissions kmsjira 192.168.10.201',NULL,NULL,'192.168.10.201','http://192.168.10.121:8080','10000','kmsjira','ApplicationUser'),('Permission scheme updated','PERMISSIONS','[]','permissions','[{\"key\":\"Permission\",\"from\":\"\",\"to\":\"Link Issues\"},{\"key\":\"Type\",\"from\":\"\",\"to\":\"Application access\"}]',1661827170901,47,'BASE','Browser',NULL,'10000','SCHEME','[{\"name\":\"Default software scheme\",\"type\":\"SCHEME\",\"uri\":null,\"id\":\"10000\"}]','default software scheme permission updated permissions kmsjira 192.168.10.201',NULL,NULL,'192.168.10.201','http://192.168.10.121:8080','10000','kmsjira','ApplicationUser'),('Permission scheme updated','PERMISSIONS','[]','permissions','[{\"key\":\"Permission\",\"from\":\"\",\"to\":\"Administer Projects\"},{\"key\":\"Type\",\"from\":\"\",\"to\":\"Project Role\"},{\"key\":\"Value\",\"from\":\"\",\"to\":\"Administrators\"}]',1661827170904,48,'BASE','Browser',NULL,'10000','SCHEME','[{\"name\":\"Default software scheme\",\"type\":\"SCHEME\",\"uri\":null,\"id\":\"10000\"}]','default software scheme permission updated permissions kmsjira 192.168.10.201',NULL,NULL,'192.168.10.201','http://192.168.10.121:8080','10000','kmsjira','ApplicationUser'),('Permission scheme updated','PERMISSIONS','[]','permissions','[{\"key\":\"Permission\",\"from\":\"\",\"to\":\"Move Issues\"},{\"key\":\"Type\",\"from\":\"\",\"to\":\"Application access\"}]',1661827170908,49,'BASE','Browser',NULL,'10000','SCHEME','[{\"name\":\"Default software scheme\",\"type\":\"SCHEME\",\"uri\":null,\"id\":\"10000\"}]','default software scheme permission updated permissions kmsjira 192.168.10.201',NULL,NULL,'192.168.10.201','http://192.168.10.121:8080','10000','kmsjira','ApplicationUser'),('Permission scheme updated','PERMISSIONS','[]','permissions','[{\"key\":\"Permission\",\"from\":\"\",\"to\":\"Schedule Issues\"},{\"key\":\"Type\",\"from\":\"\",\"to\":\"Application access\"}]',1661827170911,50,'BASE','Browser',NULL,'10000','SCHEME','[{\"name\":\"Default software scheme\",\"type\":\"SCHEME\",\"uri\":null,\"id\":\"10000\"}]','default software scheme permission updated permissions kmsjira 192.168.10.201',NULL,NULL,'192.168.10.201','http://192.168.10.121:8080','10000','kmsjira','ApplicationUser'),('Permission scheme updated','PERMISSIONS','[]','permissions','[{\"key\":\"Permission\",\"from\":\"\",\"to\":\"Modify Reporter\"},{\"key\":\"Type\",\"from\":\"\",\"to\":\"Project Role\"},{\"key\":\"Value\",\"from\":\"\",\"to\":\"Administrators\"}]',1661827170915,51,'BASE','Browser',NULL,'10000','SCHEME','[{\"name\":\"Default software scheme\",\"type\":\"SCHEME\",\"uri\":null,\"id\":\"10000\"}]','default software scheme permission updated permissions kmsjira 192.168.10.201',NULL,NULL,'192.168.10.201','http://192.168.10.121:8080','10000','kmsjira','ApplicationUser'),('Permission scheme updated','PERMISSIONS','[]','permissions','[{\"key\":\"Permission\",\"from\":\"\",\"to\":\"View Voters and Watchers\"},{\"key\":\"Type\",\"from\":\"\",\"to\":\"Application access\"}]',1661827170920,52,'BASE','Browser',NULL,'10000','SCHEME','[{\"name\":\"Default software scheme\",\"type\":\"SCHEME\",\"uri\":null,\"id\":\"10000\"}]','default software scheme permission updated permissions kmsjira 192.168.10.201',NULL,NULL,'192.168.10.201','http://192.168.10.121:8080','10000','kmsjira','ApplicationUser'),('Permission scheme updated','PERMISSIONS','[]','permissions','[{\"key\":\"Permission\",\"from\":\"\",\"to\":\"Manage Watchers\"},{\"key\":\"Type\",\"from\":\"\",\"to\":\"Project Role\"},{\"key\":\"Value\",\"from\":\"\",\"to\":\"Administrators\"}]',1661827170923,53,'BASE','Browser',NULL,'10000','SCHEME','[{\"name\":\"Default software scheme\",\"type\":\"SCHEME\",\"uri\":null,\"id\":\"10000\"}]','default software scheme permission updated permissions kmsjira 192.168.10.201',NULL,NULL,'192.168.10.201','http://192.168.10.121:8080','10000','kmsjira','ApplicationUser'),('Permission scheme updated','PERMISSIONS','[]','permissions','[{\"key\":\"Permission\",\"from\":\"\",\"to\":\"Edit All Comments\"},{\"key\":\"Type\",\"from\":\"\",\"to\":\"Project Role\"},{\"key\":\"Value\",\"from\":\"\",\"to\":\"Administrators\"}]',1661827170926,54,'BASE','Browser',NULL,'10000','SCHEME','[{\"name\":\"Default software scheme\",\"type\":\"SCHEME\",\"uri\":null,\"id\":\"10000\"}]','default software scheme permission updated permissions kmsjira 192.168.10.201',NULL,NULL,'192.168.10.201','http://192.168.10.121:8080','10000','kmsjira','ApplicationUser'),('Permission scheme updated','PERMISSIONS','[]','permissions','[{\"key\":\"Permission\",\"from\":\"\",\"to\":\"Edit Own Comments\"},{\"key\":\"Type\",\"from\":\"\",\"to\":\"Application access\"}]',1661827170929,55,'BASE','Browser',NULL,'10000','SCHEME','[{\"name\":\"Default software scheme\",\"type\":\"SCHEME\",\"uri\":null,\"id\":\"10000\"}]','default software scheme permission updated permissions kmsjira 192.168.10.201',NULL,NULL,'192.168.10.201','http://192.168.10.121:8080','10000','kmsjira','ApplicationUser'),('Permission scheme updated','PERMISSIONS','[]','permissions','[{\"key\":\"Permission\",\"from\":\"\",\"to\":\"Delete All Comments\"},{\"key\":\"Type\",\"from\":\"\",\"to\":\"Project Role\"},{\"key\":\"Value\",\"from\":\"\",\"to\":\"Administrators\"}]',1661827170933,56,'BASE','Browser',NULL,'10000','SCHEME','[{\"name\":\"Default software scheme\",\"type\":\"SCHEME\",\"uri\":null,\"id\":\"10000\"}]','default software scheme permission updated permissions kmsjira 192.168.10.201',NULL,NULL,'192.168.10.201','http://192.168.10.121:8080','10000','kmsjira','ApplicationUser'),('Permission scheme updated','PERMISSIONS','[]','permissions','[{\"key\":\"Permission\",\"from\":\"\",\"to\":\"Delete Own Comments\"},{\"key\":\"Type\",\"from\":\"\",\"to\":\"Application access\"}]',1661827170937,57,'BASE','Browser',NULL,'10000','SCHEME','[{\"name\":\"Default software scheme\",\"type\":\"SCHEME\",\"uri\":null,\"id\":\"10000\"}]','default software scheme permission updated permissions kmsjira 192.168.10.201',NULL,NULL,'192.168.10.201','http://192.168.10.121:8080','10000','kmsjira','ApplicationUser'),('Permission scheme updated','PERMISSIONS','[]','permissions','[{\"key\":\"Permission\",\"from\":\"\",\"to\":\"Delete All Attachments\"},{\"key\":\"Type\",\"from\":\"\",\"to\":\"Project Role\"},{\"key\":\"Value\",\"from\":\"\",\"to\":\"Administrators\"}]',1661827170941,58,'BASE','Browser',NULL,'10000','SCHEME','[{\"name\":\"Default software scheme\",\"type\":\"SCHEME\",\"uri\":null,\"id\":\"10000\"}]','default software scheme permission updated permissions kmsjira 192.168.10.201',NULL,NULL,'192.168.10.201','http://192.168.10.121:8080','10000','kmsjira','ApplicationUser'),('Permission scheme updated','PERMISSIONS','[]','permissions','[{\"key\":\"Permission\",\"from\":\"\",\"to\":\"Delete Own Attachments\"},{\"key\":\"Type\",\"from\":\"\",\"to\":\"Application access\"}]',1661827170945,59,'BASE','Browser',NULL,'10000','SCHEME','[{\"name\":\"Default software scheme\",\"type\":\"SCHEME\",\"uri\":null,\"id\":\"10000\"}]','default software scheme permission updated permissions kmsjira 192.168.10.201',NULL,NULL,'192.168.10.201','http://192.168.10.121:8080','10000','kmsjira','ApplicationUser'),('Permission scheme updated','PERMISSIONS','[]','permissions','[{\"key\":\"Permission\",\"from\":\"\",\"to\":\"Edit Own Worklogs\"},{\"key\":\"Type\",\"from\":\"\",\"to\":\"Application access\"}]',1661827170948,60,'BASE','Browser',NULL,'10000','SCHEME','[{\"name\":\"Default software scheme\",\"type\":\"SCHEME\",\"uri\":null,\"id\":\"10000\"}]','default software scheme permission updated permissions kmsjira 192.168.10.201',NULL,NULL,'192.168.10.201','http://192.168.10.121:8080','10000','kmsjira','ApplicationUser'),('Permission scheme updated','PERMISSIONS','[]','permissions','[{\"key\":\"Permission\",\"from\":\"\",\"to\":\"Edit All Worklogs\"},{\"key\":\"Type\",\"from\":\"\",\"to\":\"Project Role\"},{\"key\":\"Value\",\"from\":\"\",\"to\":\"Administrators\"}]',1661827170951,61,'BASE','Browser',NULL,'10000','SCHEME','[{\"name\":\"Default software scheme\",\"type\":\"SCHEME\",\"uri\":null,\"id\":\"10000\"}]','default software scheme permission updated permissions kmsjira 192.168.10.201',NULL,NULL,'192.168.10.201','http://192.168.10.121:8080','10000','kmsjira','ApplicationUser'),('Permission scheme updated','PERMISSIONS','[]','permissions','[{\"key\":\"Permission\",\"from\":\"\",\"to\":\"Delete Own Worklogs\"},{\"key\":\"Type\",\"from\":\"\",\"to\":\"Application access\"}]',1661827170955,62,'BASE','Browser',NULL,'10000','SCHEME','[{\"name\":\"Default software scheme\",\"type\":\"SCHEME\",\"uri\":null,\"id\":\"10000\"}]','default software scheme permission updated permissions kmsjira 192.168.10.201',NULL,NULL,'192.168.10.201','http://192.168.10.121:8080','10000','kmsjira','ApplicationUser'),('Permission scheme updated','PERMISSIONS','[]','permissions','[{\"key\":\"Permission\",\"from\":\"\",\"to\":\"Delete All Worklogs\"},{\"key\":\"Type\",\"from\":\"\",\"to\":\"Project Role\"},{\"key\":\"Value\",\"from\":\"\",\"to\":\"Administrators\"}]',1661827170959,63,'BASE','Browser',NULL,'10000','SCHEME','[{\"name\":\"Default software scheme\",\"type\":\"SCHEME\",\"uri\":null,\"id\":\"10000\"}]','default software scheme permission updated permissions kmsjira 192.168.10.201',NULL,NULL,'192.168.10.201','http://192.168.10.121:8080','10000','kmsjira','ApplicationUser'),('Permission scheme updated','PERMISSIONS','[]','permissions','[{\"key\":\"Permission\",\"from\":\"\",\"to\":\"View Read-Only Workflow\"},{\"key\":\"Type\",\"from\":\"\",\"to\":\"Application access\"}]',1661827170962,64,'BASE','Browser',NULL,'10000','SCHEME','[{\"name\":\"Default software scheme\",\"type\":\"SCHEME\",\"uri\":null,\"id\":\"10000\"}]','default software scheme permission updated permissions kmsjira 192.168.10.201',NULL,NULL,'192.168.10.201','http://192.168.10.121:8080','10000','kmsjira','ApplicationUser'),('Permission scheme updated','PERMISSIONS','[]','permissions','[{\"key\":\"Permission\",\"from\":\"\",\"to\":\"Transition Issues\"},{\"key\":\"Type\",\"from\":\"\",\"to\":\"Application access\"}]',1661827170966,65,'BASE','Browser',NULL,'10000','SCHEME','[{\"name\":\"Default software scheme\",\"type\":\"SCHEME\",\"uri\":null,\"id\":\"10000\"}]','default software scheme permission updated permissions kmsjira 192.168.10.201',NULL,NULL,'192.168.10.201','http://192.168.10.121:8080','10000','kmsjira','ApplicationUser'),('Permission scheme updated','PERMISSIONS','[]','permissions','[{\"key\":\"Permission\",\"from\":\"\",\"to\":\"View Development Tools\"},{\"key\":\"Type\",\"from\":\"\",\"to\":\"Application access\"}]',1661827170970,66,'BASE','Browser',NULL,'10000','SCHEME','[{\"name\":\"Default software scheme\",\"type\":\"SCHEME\",\"uri\":null,\"id\":\"10000\"}]','default software scheme permission updated permissions kmsjira 192.168.10.201',NULL,NULL,'192.168.10.201','http://192.168.10.121:8080','10000','kmsjira','ApplicationUser'),('Permission scheme updated','PERMISSIONS','[]','permissions','[{\"key\":\"Permission\",\"from\":\"\",\"to\":\"Manage Sprints\"},{\"key\":\"Type\",\"from\":\"\",\"to\":\"Application access\"}]',1661827170985,67,'BASE','Browser',NULL,'10000','SCHEME','[{\"name\":\"Default software scheme\",\"type\":\"SCHEME\",\"uri\":null,\"id\":\"10000\"}]','default software scheme permission updated permissions kmsjira 192.168.10.201',NULL,NULL,'192.168.10.201','http://192.168.10.121:8080','10000','kmsjira','ApplicationUser'),('Permission scheme updated','PERMISSIONS','[]','permissions','[{\"key\":\"Permission\",\"from\":\"\",\"to\":\"Start/Complete Sprints\"},{\"key\":\"Type\",\"from\":\"\",\"to\":\"Application access\"}]',1661827170989,68,'BASE','Browser',NULL,'10000','SCHEME','[{\"name\":\"Default software scheme\",\"type\":\"SCHEME\",\"uri\":null,\"id\":\"10000\"}]','default software scheme permission updated permissions kmsjira 192.168.10.201',NULL,NULL,'192.168.10.201','http://192.168.10.121:8080','10000','kmsjira','ApplicationUser'),('Permission scheme updated','PERMISSIONS','[]','permissions','[{\"key\":\"Permission\",\"from\":\"\",\"to\":\"Edit Sprints\"},{\"key\":\"Type\",\"from\":\"\",\"to\":\"Application access\"}]',1661827170994,69,'BASE','Browser',NULL,'10000','SCHEME','[{\"name\":\"Default software scheme\",\"type\":\"SCHEME\",\"uri\":null,\"id\":\"10000\"}]','default software scheme permission updated permissions kmsjira 192.168.10.201',NULL,NULL,'192.168.10.201','http://192.168.10.121:8080','10000','kmsjira','ApplicationUser'),('Permission scheme removed from project','PERMISSIONS','[]','permissions','[]',1661827171005,70,'BASE','Browser',NULL,'10000','PROJECT','[{\"name\":\"DDR_FLASHS\",\"type\":\"PROJECT\",\"uri\":null,\"id\":\"10000\"},{\"name\":\"Default Permission Scheme\",\"type\":\"SCHEME\",\"uri\":null,\"id\":\"0\"}]','ddr_flashs default permission scheme removed from project permissions kmsjira 192.168.10.201','0','SCHEME','192.168.10.201','http://192.168.10.121:8080','10000','kmsjira','ApplicationUser'),('Permission scheme added to project','PERMISSIONS','[]','permissions','[]',1661827171026,71,'BASE','Browser',NULL,'10000','PROJECT','[{\"name\":\"DDR_FLASHS\",\"type\":\"PROJECT\",\"uri\":null,\"id\":\"10000\"},{\"name\":\"Default software scheme\",\"type\":\"SCHEME\",\"uri\":null,\"id\":\"10000\"}]','ddr_flashs default software scheme permission added to project permissions kmsjira 192.168.10.201','10000','SCHEME','192.168.10.201','http://192.168.10.121:8080','10000','kmsjira','ApplicationUser'),('Project created','LOCAL_CONFIG_AND_ADMINISTRATION','[]','projects','[{\"key\":\"Name\",\"from\":null,\"to\":\"DDR_FLASHS\"},{\"key\":\"Key\",\"from\":null,\"to\":\"DDRFLAS\"},{\"key\":\"Description\",\"from\":null,\"to\":\"\"},{\"key\":\"URL\",\"from\":null,\"to\":\"\"},{\"key\":\"Project Lead\",\"from\":null,\"to\":\"kmsjira\"},{\"key\":\"Default Assignee\",\"from\":null,\"to\":\"Unassigned\"}]',1661827171067,72,'BASE','Browser',NULL,'10000','PROJECT','[{\"name\":\"DDR_FLASHS\",\"type\":\"PROJECT\",\"uri\":null,\"id\":\"10000\"},{\"name\":\"kmsjira\",\"type\":\"USER\",\"uri\":null,\"id\":\"JIRAUSER10000\"}]','ddr_flashs kmsjira project created projects 192.168.10.201','JIRAUSER10000','USER','192.168.10.201','http://192.168.10.121:8080','10000','kmsjira','ApplicationUser'),('Workflow created','GLOBAL_CONFIG_AND_ADMINISTRATION','[]','workflows','[{\"key\":\"Status\",\"from\":\"\",\"to\":\"To Do, In Progress, Done\"},{\"key\":\"Description\",\"from\":\"\",\"to\":\"Generated by JIRA Software version 8.8.1. This workflow is managed internally by Jira Software. Do not manually modify this workflow.\"},{\"key\":\"Transition\",\"from\":\"\",\"to\":\"Create (To Do), To Do (To Do), In Progress (In Progress), Done (Done)\"},{\"key\":\"Name\",\"from\":\"\",\"to\":\"Software Simplified Workflow for Project CPUT\"}]',1662105780426,73,'BASE','Browser',NULL,'Software Simplified Workflow for Project CPUT','WORKFLOW','[{\"name\":\"Software Simplified Workflow for Project CPUT\",\"type\":\"WORKFLOW\",\"uri\":null,\"id\":\"Software Simplified Workflow for Project CPUT\"}]','software simplified workflow for project cput created workflows kmsjira 192.168.10.201',NULL,NULL,'192.168.10.201','http://192.168.10.121:8080','10000','kmsjira','ApplicationUser'),('Workflow scheme created','GLOBAL_CONFIG_AND_ADMINISTRATION','[]','workflows','[{\"key\":\"Name\",\"from\":null,\"to\":\"CPUT: Software Simplified Workflow Scheme\"},{\"key\":\"Description\",\"from\":null,\"to\":\"Generated by JIRA Software version 8.8.1. This workflow scheme is managed internally by Jira Software. Do not manually modify this workflow scheme.\"}]',1662105780444,74,'BASE','Browser',NULL,'10101','SCHEME','[{\"name\":\"CPUT: Software Simplified Workflow Scheme\",\"type\":\"SCHEME\",\"uri\":null,\"id\":\"10101\"}]','cput: software simplified workflow scheme created workflows kmsjira 192.168.10.201',NULL,NULL,'192.168.10.201','http://192.168.10.121:8080','10000','kmsjira','ApplicationUser'),('Workflow scheme added to project','GLOBAL_CONFIG_AND_ADMINISTRATION','[]','workflows','[]',1662105780455,75,'BASE','Browser',NULL,'10001','PROJECT','[{\"name\":\"CPUTESTS\",\"type\":\"PROJECT\",\"uri\":null,\"id\":\"10001\"},{\"name\":\"CPUT: Software Simplified Workflow Scheme\",\"type\":\"SCHEME\",\"uri\":null,\"id\":\"10101\"}]','cputests cput: software simplified workflow scheme added to project workflows kmsjira 192.168.10.201','10101','SCHEME','192.168.10.201','http://192.168.10.121:8080','10000','kmsjira','ApplicationUser'),('Filter created','LOCAL_CONFIG_AND_ADMINISTRATION','[]','filters','[{\"key\":\"Name\",\"from\":\"\",\"to\":\"Filter for CPUT board\"},{\"key\":\"Description\",\"from\":\"\",\"to\":null},{\"key\":\"Owner\",\"from\":\"\",\"to\":\"JIRAUSER10000\"},{\"key\":\"Shared With\",\"from\":\"[]\",\"to\":\"[Project: CPUTESTS (VIEW)]\"},{\"key\":\"JQL Query\",\"from\":\"\",\"to\":\"{project = \\\"CPUT\\\"} order by Rank ASC\"}]',1662105780496,76,'BASE','Browser',NULL,'10001','FILTER','[{\"name\":\"Filter for CPUT board\",\"type\":\"FILTER\",\"uri\":null,\"id\":\"10001\"},{\"name\":\"CPUTESTS\",\"type\":\"PROJECT\",\"uri\":null,\"id\":\"10001\"},{\"name\":\"kmsjira\",\"type\":\"USER\",\"uri\":null,\"id\":\"JIRAUSER10000\"}]','filter for cput board cputests kmsjira created filters 192.168.10.201','10001','PROJECT','192.168.10.201','http://192.168.10.121:8080','10000','kmsjira','ApplicationUser'),('Board created','LOCAL_CONFIG_AND_ADMINISTRATION','[]','boards','[]',1662105780605,77,'BASE','Browser',NULL,'2','BOARD','[{\"name\":\"CPUT board\",\"type\":\"BOARD\",\"uri\":null,\"id\":\"2\"},{\"name\":\"CPUT board\",\"type\":\"BOARD\",\"uri\":null,\"id\":\"2\"}]','cput board created boards kmsjira 192.168.10.201','2','BOARD','192.168.10.201','http://192.168.10.121:8080','10000','kmsjira','ApplicationUser'),('Permission scheme removed from project','PERMISSIONS','[]','permissions','[]',1662105780644,78,'BASE','Browser',NULL,'10001','PROJECT','[{\"name\":\"CPUTESTS\",\"type\":\"PROJECT\",\"uri\":null,\"id\":\"10001\"},{\"name\":\"Default Permission Scheme\",\"type\":\"SCHEME\",\"uri\":null,\"id\":\"0\"}]','cputests default permission scheme removed from project permissions kmsjira 192.168.10.201','0','SCHEME','192.168.10.201','http://192.168.10.121:8080','10000','kmsjira','ApplicationUser'),('Permission scheme added to project','PERMISSIONS','[]','permissions','[]',1662105780652,79,'BASE','Browser',NULL,'10001','PROJECT','[{\"name\":\"CPUTESTS\",\"type\":\"PROJECT\",\"uri\":null,\"id\":\"10001\"},{\"name\":\"Default software scheme\",\"type\":\"SCHEME\",\"uri\":null,\"id\":\"10000\"}]','cputests default software scheme permission added to project permissions kmsjira 192.168.10.201','10000','SCHEME','192.168.10.201','http://192.168.10.121:8080','10000','kmsjira','ApplicationUser'),('Project created','LOCAL_CONFIG_AND_ADMINISTRATION','[]','projects','[{\"key\":\"Name\",\"from\":null,\"to\":\"CPUTESTS\"},{\"key\":\"Key\",\"from\":null,\"to\":\"CPUT\"},{\"key\":\"Description\",\"from\":null,\"to\":\"\"},{\"key\":\"URL\",\"from\":null,\"to\":\"\"},{\"key\":\"Project Lead\",\"from\":null,\"to\":\"kmsjira\"},{\"key\":\"Default Assignee\",\"from\":null,\"to\":\"Unassigned\"}]',1662105780659,80,'BASE','Browser',NULL,'10001','PROJECT','[{\"name\":\"CPUTESTS\",\"type\":\"PROJECT\",\"uri\":null,\"id\":\"10001\"},{\"name\":\"kmsjira\",\"type\":\"USER\",\"uri\":null,\"id\":\"JIRAUSER10000\"}]','cputests kmsjira project created projects 192.168.10.201','JIRAUSER10000','USER','192.168.10.201','http://192.168.10.121:8080','10000','kmsjira','ApplicationUser'),('User created','USER_MANAGEMENT','[]','user management','[{\"key\":\"Username\",\"from\":null,\"to\":\"zhongxinbo\"},{\"key\":\"Full name\",\"from\":null,\"to\":\"zhongxinbo\"},{\"key\":\"Email\",\"from\":null,\"to\":\"zhongxinbo@keymos.cn\"},{\"key\":\"Active / Inactive\",\"from\":null,\"to\":\"Active\"}]',1663052871618,81,'BASE','Browser',NULL,'JIRAUSER10100','USER','[{\"name\":\"zhongxinbo\",\"type\":\"USER\",\"uri\":null,\"id\":\"JIRAUSER10100\"}]','zhongxinbo user created management kmsjira 192.168.10.201',NULL,NULL,'192.168.10.201','http://192.168.10.121:8080','10000','kmsjira','ApplicationUser'),('User added to group','USER_MANAGEMENT','[]','group management','[]',1663052871634,82,'BASE','Browser',NULL,NULL,'GROUP','[{\"name\":\"jira-software-users\",\"type\":\"GROUP\",\"uri\":null,\"id\":null},{\"name\":\"zhongxinbo\",\"type\":\"USER\",\"uri\":null,\"id\":\"JIRAUSER10100\"}]','jira-software-users zhongxinbo user added to group management kmsjira 192.168.10.201','JIRAUSER10100','USER','192.168.10.201','http://192.168.10.121:8080','10000','kmsjira','ApplicationUser'),('User removed from group','USER_MANAGEMENT','[]','group management','[]',1663057941489,83,'BASE','Browser',NULL,NULL,'GROUP','[{\"name\":\"jira-software-users\",\"type\":\"GROUP\",\"uri\":null,\"id\":null},{\"name\":\"zhongxinbo\",\"type\":\"USER\",\"uri\":null,\"id\":\"JIRAUSER10100\"}]','jira-software-users zhongxinbo user removed from group management kmsjira 192.168.10.201','JIRAUSER10100','USER','192.168.10.201','http://192.168.10.121:8080','10000','kmsjira','ApplicationUser'),('User added to group','USER_MANAGEMENT','[]','group management','[]',1663057943310,84,'BASE','Browser',NULL,NULL,'GROUP','[{\"name\":\"jira-software-users\",\"type\":\"GROUP\",\"uri\":null,\"id\":null},{\"name\":\"zhongxinbo\",\"type\":\"USER\",\"uri\":null,\"id\":\"JIRAUSER10100\"}]','jira-software-users zhongxinbo user added to group management kmsjira 192.168.10.201','JIRAUSER10100','USER','192.168.10.201','http://192.168.10.121:8080','10000','kmsjira','ApplicationUser');
/*!40000 ALTER TABLE `AO_C77861_AUDIT_ENTITY` ENABLE KEYS */;
UNLOCK TABLES;

--
-- Table structure for table `AO_CFF990_AOTRANSITION_FAILURE`
--

DROP TABLE IF EXISTS `AO_CFF990_AOTRANSITION_FAILURE`;
/*!40101 SET @saved_cs_client     = @@character_set_client */;
/*!40101 SET character_set_client = utf8 */;
CREATE TABLE `AO_CFF990_AOTRANSITION_FAILURE` (
  `ERROR_MESSAGES` longtext COLLATE utf8mb4_bin,
  `FAILURE_TIME` datetime DEFAULT NULL,
  `ID` int(11) NOT NULL AUTO_INCREMENT,
  `ISSUE_ID` bigint(20) DEFAULT '0',
  `LOG_REFERRAL_HASH` varchar(255) COLLATE utf8mb4_bin DEFAULT NULL,
  `TRANSITION_ID` bigint(20) DEFAULT '0',
  `TRIGGER_ID` bigint(20) DEFAULT '0',
  `USER_KEY` varchar(255) COLLATE utf8mb4_bin DEFAULT NULL,
  `WORKFLOW_ID` varchar(255) COLLATE utf8mb4_bin DEFAULT NULL,
  PRIMARY KEY (`ID`)
) ENGINE=InnoDB DEFAULT CHARSET=utf8mb4 COLLATE=utf8mb4_bin;
/*!40101 SET character_set_client = @saved_cs_client */;

--
-- Dumping data for table `AO_CFF990_AOTRANSITION_FAILURE`
--

LOCK TABLES `AO_CFF990_AOTRANSITION_FAILURE` WRITE;
/*!40000 ALTER TABLE `AO_CFF990_AOTRANSITION_FAILURE` DISABLE KEYS */;
/*!40000 ALTER TABLE `AO_CFF990_AOTRANSITION_FAILURE` ENABLE KEYS */;
UNLOCK TABLES;

--
-- Table structure for table `AO_E8B6CC_BRANCH`
--

DROP TABLE IF EXISTS `AO_E8B6CC_BRANCH`;
/*!40101 SET @saved_cs_client     = @@character_set_client */;
/*!40101 SET character_set_client = utf8 */;
CREATE TABLE `AO_E8B6CC_BRANCH` (
  `ID` int(11) NOT NULL AUTO_INCREMENT,
  `NAME` varchar(255) COLLATE utf8mb4_bin DEFAULT NULL,
  `REPOSITORY_ID` int(11) DEFAULT NULL,
  PRIMARY KEY (`ID`),
  KEY `index_ao_e8b6cc_bra405461593` (`REPOSITORY_ID`),
  CONSTRAINT `fk_ao_e8b6cc_branch_repository_id` FOREIGN KEY (`REPOSITORY_ID`) REFERENCES `AO_E8B6CC_REPOSITORY_MAPPING` (`ID`)
) ENGINE=InnoDB DEFAULT CHARSET=utf8mb4 COLLATE=utf8mb4_bin;
/*!40101 SET character_set_client = @saved_cs_client */;

--
-- Dumping data for table `AO_E8B6CC_BRANCH`
--

LOCK TABLES `AO_E8B6CC_BRANCH` WRITE;
/*!40000 ALTER TABLE `AO_E8B6CC_BRANCH` DISABLE KEYS */;
/*!40000 ALTER TABLE `AO_E8B6CC_BRANCH` ENABLE KEYS */;
UNLOCK TABLES;

--
-- Table structure for table `AO_E8B6CC_BRANCH_HEAD_MAPPING`
--

DROP TABLE IF EXISTS `AO_E8B6CC_BRANCH_HEAD_MAPPING`;
/*!40101 SET @saved_cs_client     = @@character_set_client */;
/*!40101 SET character_set_client = utf8 */;
CREATE TABLE `AO_E8B6CC_BRANCH_HEAD_MAPPING` (
  `BRANCH_NAME` varchar(255) COLLATE utf8mb4_bin DEFAULT NULL,
  `HEAD` varchar(255) COLLATE utf8mb4_bin DEFAULT NULL,
  `ID` int(11) NOT NULL AUTO_INCREMENT,
  `REPOSITORY_ID` int(11) DEFAULT NULL,
  PRIMARY KEY (`ID`),
  KEY `index_ao_e8b6cc_bra1368852151` (`REPOSITORY_ID`)
) ENGINE=InnoDB DEFAULT CHARSET=utf8mb4 COLLATE=utf8mb4_bin;
/*!40101 SET character_set_client = @saved_cs_client */;

--
-- Dumping data for table `AO_E8B6CC_BRANCH_HEAD_MAPPING`
--

LOCK TABLES `AO_E8B6CC_BRANCH_HEAD_MAPPING` WRITE;
/*!40000 ALTER TABLE `AO_E8B6CC_BRANCH_HEAD_MAPPING` DISABLE KEYS */;
/*!40000 ALTER TABLE `AO_E8B6CC_BRANCH_HEAD_MAPPING` ENABLE KEYS */;
UNLOCK TABLES;

--
-- Table structure for table `AO_E8B6CC_CHANGESET_MAPPING`
--

DROP TABLE IF EXISTS `AO_E8B6CC_CHANGESET_MAPPING`;
/*!40101 SET @saved_cs_client     = @@character_set_client */;
/*!40101 SET character_set_client = utf8 */;
CREATE TABLE `AO_E8B6CC_CHANGESET_MAPPING` (
  `AUTHOR` varchar(255) COLLATE utf8mb4_bin DEFAULT NULL,
  `AUTHOR_EMAIL` varchar(255) COLLATE utf8mb4_bin DEFAULT NULL,
  `BRANCH` varchar(255) COLLATE utf8mb4_bin DEFAULT NULL,
  `DATE` datetime DEFAULT NULL,
  `FILES_DATA` longtext COLLATE utf8mb4_bin,
  `FILE_COUNT` int(11) DEFAULT '0',
  `FILE_DETAILS_JSON` longtext COLLATE utf8mb4_bin,
  `ID` int(11) NOT NULL AUTO_INCREMENT,
  `ISSUE_KEY` varchar(255) COLLATE utf8mb4_bin DEFAULT NULL,
  `MESSAGE` longtext COLLATE utf8mb4_bin,
  `NODE` varchar(255) COLLATE utf8mb4_bin DEFAULT NULL,
  `PARENTS_DATA` varchar(255) COLLATE utf8mb4_bin DEFAULT NULL,
  `PROJECT_KEY` varchar(255) COLLATE utf8mb4_bin DEFAULT NULL,
  `RAW_AUTHOR` varchar(255) COLLATE utf8mb4_bin DEFAULT NULL,
  `RAW_NODE` varchar(255) COLLATE utf8mb4_bin DEFAULT NULL,
  `REPOSITORY_ID` int(11) DEFAULT '0',
  `SMARTCOMMIT_AVAILABLE` tinyint(1) DEFAULT NULL,
  `VERSION` int(11) DEFAULT NULL,
  PRIMARY KEY (`ID`),
  KEY `index_ao_e8b6cc_cha1086340152` (`SMARTCOMMIT_AVAILABLE`),
  KEY `index_ao_e8b6cc_cha897886051` (`AUTHOR`),
  KEY `index_ao_e8b6cc_cha509722037` (`RAW_NODE`),
  KEY `index_ao_e8b6cc_cha1483243924` (`NODE`)
) ENGINE=InnoDB DEFAULT CHARSET=utf8mb4 COLLATE=utf8mb4_bin;
/*!40101 SET character_set_client = @saved_cs_client */;

--
-- Dumping data for table `AO_E8B6CC_CHANGESET_MAPPING`
--

LOCK TABLES `AO_E8B6CC_CHANGESET_MAPPING` WRITE;
/*!40000 ALTER TABLE `AO_E8B6CC_CHANGESET_MAPPING` DISABLE KEYS */;
/*!40000 ALTER TABLE `AO_E8B6CC_CHANGESET_MAPPING` ENABLE KEYS */;
UNLOCK TABLES;

--
-- Table structure for table `AO_E8B6CC_COMMIT`
--

DROP TABLE IF EXISTS `AO_E8B6CC_COMMIT`;
/*!40101 SET @saved_cs_client     = @@character_set_client */;
/*!40101 SET character_set_client = utf8 */;
CREATE TABLE `AO_E8B6CC_COMMIT` (
  `AUTHOR` varchar(255) COLLATE utf8mb4_bin DEFAULT NULL,
  `AUTHOR_AVATAR_URL` varchar(255) COLLATE utf8mb4_bin DEFAULT NULL,
  `DATE` datetime NOT NULL,
  `DOMAIN_ID` int(11) NOT NULL DEFAULT '0',
  `ID` int(11) NOT NULL AUTO_INCREMENT,
  `MERGE` tinyint(1) DEFAULT NULL,
  `MESSAGE` longtext COLLATE utf8mb4_bin,
  `NODE` varchar(255) COLLATE utf8mb4_bin DEFAULT NULL,
  `RAW_AUTHOR` varchar(255) COLLATE utf8mb4_bin DEFAULT NULL,
  PRIMARY KEY (`ID`),
  KEY `index_ao_e8b6cc_commit_node` (`NODE`),
  KEY `index_ao_e8b6cc_com1308336834` (`DOMAIN_ID`)
) ENGINE=InnoDB DEFAULT CHARSET=utf8mb4 COLLATE=utf8mb4_bin;
/*!40101 SET character_set_client = @saved_cs_client */;

--
-- Dumping data for table `AO_E8B6CC_COMMIT`
--

LOCK TABLES `AO_E8B6CC_COMMIT` WRITE;
/*!40000 ALTER TABLE `AO_E8B6CC_COMMIT` DISABLE KEYS */;
/*!40000 ALTER TABLE `AO_E8B6CC_COMMIT` ENABLE KEYS */;
UNLOCK TABLES;

--
-- Table structure for table `AO_E8B6CC_GIT_HUB_EVENT`
--

DROP TABLE IF EXISTS `AO_E8B6CC_GIT_HUB_EVENT`;
/*!40101 SET @saved_cs_client     = @@character_set_client */;
/*!40101 SET character_set_client = utf8 */;
CREATE TABLE `AO_E8B6CC_GIT_HUB_EVENT` (
  `CREATED_AT` datetime NOT NULL,
  `GIT_HUB_ID` varchar(255) COLLATE utf8mb4_bin NOT NULL DEFAULT '0',
  `ID` int(11) NOT NULL AUTO_INCREMENT,
  `REPOSITORY_ID` int(11) NOT NULL,
  `SAVE_POINT` tinyint(1) DEFAULT NULL,
  PRIMARY KEY (`ID`),
  KEY `index_ao_e8b6cc_git1804640320` (`REPOSITORY_ID`),
  KEY `index_ao_e8b6cc_git1120895454` (`GIT_HUB_ID`),
  CONSTRAINT `fk_ao_e8b6cc_git_hub_event_repository_id` FOREIGN KEY (`REPOSITORY_ID`) REFERENCES `AO_E8B6CC_REPOSITORY_MAPPING` (`ID`)
) ENGINE=InnoDB DEFAULT CHARSET=utf8mb4 COLLATE=utf8mb4_bin;
/*!40101 SET character_set_client = @saved_cs_client */;

--
-- Dumping data for table `AO_E8B6CC_GIT_HUB_EVENT`
--

LOCK TABLES `AO_E8B6CC_GIT_HUB_EVENT` WRITE;
/*!40000 ALTER TABLE `AO_E8B6CC_GIT_HUB_EVENT` DISABLE KEYS */;
/*!40000 ALTER TABLE `AO_E8B6CC_GIT_HUB_EVENT` ENABLE KEYS */;
UNLOCK TABLES;

--
-- Table structure for table `AO_E8B6CC_ISSUE_MAPPING`
--

DROP TABLE IF EXISTS `AO_E8B6CC_ISSUE_MAPPING`;
/*!40101 SET @saved_cs_client     = @@character_set_client */;
/*!40101 SET character_set_client = utf8 */;
CREATE TABLE `AO_E8B6CC_ISSUE_MAPPING` (
  `ID` int(11) NOT NULL AUTO_INCREMENT,
  `ISSUE_ID` varchar(255) COLLATE utf8mb4_bin DEFAULT NULL,
  `NODE` varchar(255) COLLATE utf8mb4_bin DEFAULT NULL,
  `PROJECT_KEY` varchar(255) COLLATE utf8mb4_bin DEFAULT NULL,
  `REPOSITORY_URI` varchar(255) COLLATE utf8mb4_bin DEFAULT NULL,
  PRIMARY KEY (`ID`)
) ENGINE=InnoDB DEFAULT CHARSET=utf8mb4 COLLATE=utf8mb4_bin;
/*!40101 SET character_set_client = @saved_cs_client */;

--
-- Dumping data for table `AO_E8B6CC_ISSUE_MAPPING`
--

LOCK TABLES `AO_E8B6CC_ISSUE_MAPPING` WRITE;
/*!40000 ALTER TABLE `AO_E8B6CC_ISSUE_MAPPING` DISABLE KEYS */;
/*!40000 ALTER TABLE `AO_E8B6CC_ISSUE_MAPPING` ENABLE KEYS */;
UNLOCK TABLES;

--
-- Table structure for table `AO_E8B6CC_ISSUE_MAPPING_V2`
--

DROP TABLE IF EXISTS `AO_E8B6CC_ISSUE_MAPPING_V2`;
/*!40101 SET @saved_cs_client     = @@character_set_client */;
/*!40101 SET character_set_client = utf8 */;
CREATE TABLE `AO_E8B6CC_ISSUE_MAPPING_V2` (
  `AUTHOR` varchar(255) COLLATE utf8mb4_bin DEFAULT NULL,
  `BRANCH` varchar(255) COLLATE utf8mb4_bin DEFAULT NULL,
  `DATE` datetime DEFAULT NULL,
  `FILES_DATA` longtext COLLATE utf8mb4_bin,
  `ID` int(11) NOT NULL AUTO_INCREMENT,
  `ISSUE_ID` varchar(255) COLLATE utf8mb4_bin DEFAULT NULL,
  `MESSAGE` longtext COLLATE utf8mb4_bin,
  `NODE` varchar(255) COLLATE utf8mb4_bin DEFAULT NULL,
  `PARENTS_DATA` varchar(255) COLLATE utf8mb4_bin DEFAULT NULL,
  `RAW_AUTHOR` varchar(255) COLLATE utf8mb4_bin DEFAULT NULL,
  `RAW_NODE` varchar(255) COLLATE utf8mb4_bin DEFAULT NULL,
  `REPOSITORY_ID` int(11) DEFAULT '0',
  `VERSION` int(11) DEFAULT NULL,
  PRIMARY KEY (`ID`)
) ENGINE=InnoDB DEFAULT CHARSET=utf8mb4 COLLATE=utf8mb4_bin;
/*!40101 SET character_set_client = @saved_cs_client */;

--
-- Dumping data for table `AO_E8B6CC_ISSUE_MAPPING_V2`
--

LOCK TABLES `AO_E8B6CC_ISSUE_MAPPING_V2` WRITE;
/*!40000 ALTER TABLE `AO_E8B6CC_ISSUE_MAPPING_V2` DISABLE KEYS */;
/*!40000 ALTER TABLE `AO_E8B6CC_ISSUE_MAPPING_V2` ENABLE KEYS */;
UNLOCK TABLES;

--
-- Table structure for table `AO_E8B6CC_ISSUE_TO_BRANCH`
--

DROP TABLE IF EXISTS `AO_E8B6CC_ISSUE_TO_BRANCH`;
/*!40101 SET @saved_cs_client     = @@character_set_client */;
/*!40101 SET character_set_client = utf8 */;
CREATE TABLE `AO_E8B6CC_ISSUE_TO_BRANCH` (
  `BRANCH_ID` int(11) DEFAULT NULL,
  `ID` int(11) NOT NULL AUTO_INCREMENT,
  `ISSUE_KEY` varchar(255) COLLATE utf8mb4_bin DEFAULT NULL,
  PRIMARY KEY (`ID`),
  KEY `index_ao_e8b6cc_iss353204826` (`ISSUE_KEY`),
  KEY `index_ao_e8b6cc_iss1325927291` (`BRANCH_ID`),
  CONSTRAINT `fk_ao_e8b6cc_issue_to_branch_branch_id` FOREIGN KEY (`BRANCH_ID`) REFERENCES `AO_E8B6CC_BRANCH` (`ID`)
) ENGINE=InnoDB DEFAULT CHARSET=utf8mb4 COLLATE=utf8mb4_bin;
/*!40101 SET character_set_client = @saved_cs_client */;

--
-- Dumping data for table `AO_E8B6CC_ISSUE_TO_BRANCH`
--

LOCK TABLES `AO_E8B6CC_ISSUE_TO_BRANCH` WRITE;
/*!40000 ALTER TABLE `AO_E8B6CC_ISSUE_TO_BRANCH` DISABLE KEYS */;
/*!40000 ALTER TABLE `AO_E8B6CC_ISSUE_TO_BRANCH` ENABLE KEYS */;
UNLOCK TABLES;

--
-- Table structure for table `AO_E8B6CC_ISSUE_TO_CHANGESET`
--

DROP TABLE IF EXISTS `AO_E8B6CC_ISSUE_TO_CHANGESET`;
/*!40101 SET @saved_cs_client     = @@character_set_client */;
/*!40101 SET character_set_client = utf8 */;
CREATE TABLE `AO_E8B6CC_ISSUE_TO_CHANGESET` (
  `CHANGESET_ID` int(11) DEFAULT NULL,
  `ID` int(11) NOT NULL AUTO_INCREMENT,
  `ISSUE_KEY` varchar(255) COLLATE utf8mb4_bin DEFAULT NULL,
  `PROJECT_KEY` varchar(255) COLLATE utf8mb4_bin DEFAULT NULL,
  PRIMARY KEY (`ID`),
  KEY `index_ao_e8b6cc_iss417950110` (`ISSUE_KEY`),
  KEY `index_ao_e8b6cc_iss1229805759` (`CHANGESET_ID`),
  KEY `index_ao_e8b6cc_iss648895902` (`PROJECT_KEY`)
) ENGINE=InnoDB DEFAULT CHARSET=utf8mb4 COLLATE=utf8mb4_bin;
/*!40101 SET character_set_client = @saved_cs_client */;

--
-- Dumping data for table `AO_E8B6CC_ISSUE_TO_CHANGESET`
--

LOCK TABLES `AO_E8B6CC_ISSUE_TO_CHANGESET` WRITE;
/*!40000 ALTER TABLE `AO_E8B6CC_ISSUE_TO_CHANGESET` DISABLE KEYS */;
/*!40000 ALTER TABLE `AO_E8B6CC_ISSUE_TO_CHANGESET` ENABLE KEYS */;
UNLOCK TABLES;

--
-- Table structure for table `AO_E8B6CC_MESSAGE`
--

DROP TABLE IF EXISTS `AO_E8B6CC_MESSAGE`;
/*!40101 SET @saved_cs_client     = @@character_set_client */;
/*!40101 SET character_set_client = utf8 */;
CREATE TABLE `AO_E8B6CC_MESSAGE` (
  `ADDRESS` varchar(255) COLLATE utf8mb4_bin NOT NULL,
  `ID` int(11) NOT NULL AUTO_INCREMENT,
  `PAYLOAD` longtext COLLATE utf8mb4_bin NOT NULL,
  `PAYLOAD_TYPE` varchar(255) COLLATE utf8mb4_bin NOT NULL,
  `PRIORITY` int(11) NOT NULL DEFAULT '0',
  PRIMARY KEY (`ID`),
  KEY `index_ao_e8b6cc_mes1247039512` (`ADDRESS`)
) ENGINE=InnoDB DEFAULT CHARSET=utf8mb4 COLLATE=utf8mb4_bin;
/*!40101 SET character_set_client = @saved_cs_client */;

--
-- Dumping data for table `AO_E8B6CC_MESSAGE`
--

LOCK TABLES `AO_E8B6CC_MESSAGE` WRITE;
/*!40000 ALTER TABLE `AO_E8B6CC_MESSAGE` DISABLE KEYS */;
/*!40000 ALTER TABLE `AO_E8B6CC_MESSAGE` ENABLE KEYS */;
UNLOCK TABLES;

--
-- Table structure for table `AO_E8B6CC_MESSAGE_QUEUE_ITEM`
--

DROP TABLE IF EXISTS `AO_E8B6CC_MESSAGE_QUEUE_ITEM`;
/*!40101 SET @saved_cs_client     = @@character_set_client */;
/*!40101 SET character_set_client = utf8 */;
CREATE TABLE `AO_E8B6CC_MESSAGE_QUEUE_ITEM` (
  `ID` int(11) NOT NULL AUTO_INCREMENT,
  `LAST_FAILED` datetime DEFAULT NULL,
  `MESSAGE_ID` int(11) NOT NULL,
  `QUEUE` varchar(255) COLLATE utf8mb4_bin NOT NULL,
  `RETRIES_COUNT` int(11) NOT NULL DEFAULT '0',
  `STATE` varchar(255) COLLATE utf8mb4_bin NOT NULL,
  `STATE_INFO` varchar(255) COLLATE utf8mb4_bin DEFAULT NULL,
  PRIMARY KEY (`ID`),
  KEY `index_ao_e8b6cc_mes344532677` (`MESSAGE_ID`),
  KEY `index_ao_e8b6cc_mes60959905` (`QUEUE`),
  KEY `index_ao_e8b6cc_mes59146529` (`STATE`),
  CONSTRAINT `fk_ao_e8b6cc_message_queue_item_message_id` FOREIGN KEY (`MESSAGE_ID`) REFERENCES `AO_E8B6CC_MESSAGE` (`ID`)
) ENGINE=InnoDB DEFAULT CHARSET=utf8mb4 COLLATE=utf8mb4_bin;
/*!40101 SET character_set_client = @saved_cs_client */;

--
-- Dumping data for table `AO_E8B6CC_MESSAGE_QUEUE_ITEM`
--

LOCK TABLES `AO_E8B6CC_MESSAGE_QUEUE_ITEM` WRITE;
/*!40000 ALTER TABLE `AO_E8B6CC_MESSAGE_QUEUE_ITEM` DISABLE KEYS */;
/*!40000 ALTER TABLE `AO_E8B6CC_MESSAGE_QUEUE_ITEM` ENABLE KEYS */;
UNLOCK TABLES;

--
-- Table structure for table `AO_E8B6CC_MESSAGE_TAG`
--

DROP TABLE IF EXISTS `AO_E8B6CC_MESSAGE_TAG`;
/*!40101 SET @saved_cs_client     = @@character_set_client */;
/*!40101 SET character_set_client = utf8 */;
CREATE TABLE `AO_E8B6CC_MESSAGE_TAG` (
  `ID` int(11) NOT NULL AUTO_INCREMENT,
  `MESSAGE_ID` int(11) DEFAULT NULL,
  `TAG` varchar(255) COLLATE utf8mb4_bin DEFAULT NULL,
  PRIMARY KEY (`ID`),
  KEY `index_ao_e8b6cc_mes1391090780` (`MESSAGE_ID`),
  KEY `index_ao_e8b6cc_mes1648007831` (`TAG`),
  CONSTRAINT `fk_ao_e8b6cc_message_tag_message_id` FOREIGN KEY (`MESSAGE_ID`) REFERENCES `AO_E8B6CC_MESSAGE` (`ID`)
) ENGINE=InnoDB DEFAULT CHARSET=utf8mb4 COLLATE=utf8mb4_bin;
/*!40101 SET character_set_client = @saved_cs_client */;

--
-- Dumping data for table `AO_E8B6CC_MESSAGE_TAG`
--

LOCK TABLES `AO_E8B6CC_MESSAGE_TAG` WRITE;
/*!40000 ALTER TABLE `AO_E8B6CC_MESSAGE_TAG` DISABLE KEYS */;
/*!40000 ALTER TABLE `AO_E8B6CC_MESSAGE_TAG` ENABLE KEYS */;
UNLOCK TABLES;

--
-- Table structure for table `AO_E8B6CC_ORGANIZATION_MAPPING`
--

DROP TABLE IF EXISTS `AO_E8B6CC_ORGANIZATION_MAPPING`;
/*!40101 SET @saved_cs_client     = @@character_set_client */;
/*!40101 SET character_set_client = utf8 */;
CREATE TABLE `AO_E8B6CC_ORGANIZATION_MAPPING` (
  `ACCESS_TOKEN` varchar(255) COLLATE utf8mb4_bin DEFAULT NULL,
  `ADMIN_PASSWORD` varchar(255) COLLATE utf8mb4_bin DEFAULT NULL,
  `ADMIN_USERNAME` varchar(255) COLLATE utf8mb4_bin DEFAULT NULL,
  `APPROVAL_STATE` varchar(255) COLLATE utf8mb4_bin DEFAULT NULL,
  `AUTOLINK_NEW_REPOS` tinyint(1) DEFAULT NULL,
  `DEFAULT_GROUPS_SLUGS` varchar(255) COLLATE utf8mb4_bin DEFAULT NULL,
  `DVCS_TYPE` varchar(255) COLLATE utf8mb4_bin DEFAULT NULL,
  `HOST_URL` varchar(255) COLLATE utf8mb4_bin DEFAULT NULL,
  `ID` int(11) NOT NULL AUTO_INCREMENT,
  `LAST_POLLED` bigint(20) DEFAULT NULL,
  `NAME` varchar(255) COLLATE utf8mb4_bin DEFAULT NULL,
  `OAUTH_KEY` varchar(255) COLLATE utf8mb4_bin DEFAULT NULL,
  `OAUTH_SECRET` varchar(255) COLLATE utf8mb4_bin DEFAULT NULL,
  `PRINCIPAL_ID` varchar(255) COLLATE utf8mb4_bin DEFAULT NULL,
  `SMARTCOMMITS_FOR_NEW_REPOS` tinyint(1) DEFAULT NULL,
  PRIMARY KEY (`ID`),
  KEY `index_ao_e8b6cc_org1513110290` (`DVCS_TYPE`)
) ENGINE=InnoDB DEFAULT CHARSET=utf8mb4 COLLATE=utf8mb4_bin;
/*!40101 SET character_set_client = @saved_cs_client */;

--
-- Dumping data for table `AO_E8B6CC_ORGANIZATION_MAPPING`
--

LOCK TABLES `AO_E8B6CC_ORGANIZATION_MAPPING` WRITE;
/*!40000 ALTER TABLE `AO_E8B6CC_ORGANIZATION_MAPPING` DISABLE KEYS */;
/*!40000 ALTER TABLE `AO_E8B6CC_ORGANIZATION_MAPPING` ENABLE KEYS */;
UNLOCK TABLES;

--
-- Table structure for table `AO_E8B6CC_ORG_TO_PROJECT`
--

DROP TABLE IF EXISTS `AO_E8B6CC_ORG_TO_PROJECT`;
/*!40101 SET @saved_cs_client     = @@character_set_client */;
/*!40101 SET character_set_client = utf8 */;
CREATE TABLE `AO_E8B6CC_ORG_TO_PROJECT` (
  `ID` int(11) NOT NULL AUTO_INCREMENT,
  `ORGANIZATION_ID` int(11) DEFAULT NULL,
  `PROJECT_KEY` varchar(255) COLLATE utf8mb4_bin DEFAULT NULL,
  PRIMARY KEY (`ID`),
  KEY `index_ao_e8b6cc_org1899590324` (`ORGANIZATION_ID`),
  CONSTRAINT `fk_ao_e8b6cc_org_to_project_organization_id` FOREIGN KEY (`ORGANIZATION_ID`) REFERENCES `AO_E8B6CC_ORGANIZATION_MAPPING` (`ID`)
) ENGINE=InnoDB DEFAULT CHARSET=utf8mb4 COLLATE=utf8mb4_bin;
/*!40101 SET character_set_client = @saved_cs_client */;

--
-- Dumping data for table `AO_E8B6CC_ORG_TO_PROJECT`
--

LOCK TABLES `AO_E8B6CC_ORG_TO_PROJECT` WRITE;
/*!40000 ALTER TABLE `AO_E8B6CC_ORG_TO_PROJECT` DISABLE KEYS */;
/*!40000 ALTER TABLE `AO_E8B6CC_ORG_TO_PROJECT` ENABLE KEYS */;
UNLOCK TABLES;

--
-- Table structure for table `AO_E8B6CC_PROJECT_MAPPING`
--

DROP TABLE IF EXISTS `AO_E8B6CC_PROJECT_MAPPING`;
/*!40101 SET @saved_cs_client     = @@character_set_client */;
/*!40101 SET character_set_client = utf8 */;
CREATE TABLE `AO_E8B6CC_PROJECT_MAPPING` (
  `ID` int(11) NOT NULL AUTO_INCREMENT,
  `PASSWORD` varchar(255) COLLATE utf8mb4_bin DEFAULT NULL,
  `PROJECT_KEY` varchar(255) COLLATE utf8mb4_bin DEFAULT NULL,
  `REPOSITORY_URI` varchar(255) COLLATE utf8mb4_bin DEFAULT NULL,
  `USERNAME` varchar(255) COLLATE utf8mb4_bin DEFAULT NULL,
  PRIMARY KEY (`ID`)
) ENGINE=InnoDB DEFAULT CHARSET=utf8mb4 COLLATE=utf8mb4_bin;
/*!40101 SET character_set_client = @saved_cs_client */;

--
-- Dumping data for table `AO_E8B6CC_PROJECT_MAPPING`
--

LOCK TABLES `AO_E8B6CC_PROJECT_MAPPING` WRITE;
/*!40000 ALTER TABLE `AO_E8B6CC_PROJECT_MAPPING` DISABLE KEYS */;
/*!40000 ALTER TABLE `AO_E8B6CC_PROJECT_MAPPING` ENABLE KEYS */;
UNLOCK TABLES;

--
-- Table structure for table `AO_E8B6CC_PROJECT_MAPPING_V2`
--

DROP TABLE IF EXISTS `AO_E8B6CC_PROJECT_MAPPING_V2`;
/*!40101 SET @saved_cs_client     = @@character_set_client */;
/*!40101 SET character_set_client = utf8 */;
CREATE TABLE `AO_E8B6CC_PROJECT_MAPPING_V2` (
  `ACCESS_TOKEN` varchar(255) COLLATE utf8mb4_bin DEFAULT NULL,
  `ADMIN_PASSWORD` varchar(255) COLLATE utf8mb4_bin DEFAULT NULL,
  `ADMIN_USERNAME` varchar(255) COLLATE utf8mb4_bin DEFAULT NULL,
  `ID` int(11) NOT NULL AUTO_INCREMENT,
  `LAST_COMMIT_DATE` datetime DEFAULT NULL,
  `PROJECT_KEY` varchar(255) COLLATE utf8mb4_bin DEFAULT NULL,
  `REPOSITORY_NAME` varchar(255) COLLATE utf8mb4_bin DEFAULT NULL,
  `REPOSITORY_TYPE` varchar(255) COLLATE utf8mb4_bin DEFAULT NULL,
  `REPOSITORY_URL` varchar(255) COLLATE utf8mb4_bin DEFAULT NULL,
  PRIMARY KEY (`ID`)
) ENGINE=InnoDB DEFAULT CHARSET=utf8mb4 COLLATE=utf8mb4_bin;
/*!40101 SET character_set_client = @saved_cs_client */;

--
-- Dumping data for table `AO_E8B6CC_PROJECT_MAPPING_V2`
--

LOCK TABLES `AO_E8B6CC_PROJECT_MAPPING_V2` WRITE;
/*!40000 ALTER TABLE `AO_E8B6CC_PROJECT_MAPPING_V2` DISABLE KEYS */;
/*!40000 ALTER TABLE `AO_E8B6CC_PROJECT_MAPPING_V2` ENABLE KEYS */;
UNLOCK TABLES;

--
-- Table structure for table `AO_E8B6CC_PR_ISSUE_KEY`
--

DROP TABLE IF EXISTS `AO_E8B6CC_PR_ISSUE_KEY`;
/*!40101 SET @saved_cs_client     = @@character_set_client */;
/*!40101 SET character_set_client = utf8 */;
CREATE TABLE `AO_E8B6CC_PR_ISSUE_KEY` (
  `DOMAIN_ID` int(11) NOT NULL DEFAULT '0',
  `ID` int(11) NOT NULL AUTO_INCREMENT,
  `ISSUE_KEY` varchar(255) COLLATE utf8mb4_bin DEFAULT NULL,
  `PULL_REQUEST_ID` int(11) DEFAULT '0',
  PRIMARY KEY (`ID`),
  KEY `index_ao_e8b6cc_pr_281193494` (`PULL_REQUEST_ID`),
  KEY `index_ao_e8b6cc_pr_2106805302` (`ISSUE_KEY`),
  KEY `index_ao_e8b6cc_pr_1639282617` (`DOMAIN_ID`)
) ENGINE=InnoDB DEFAULT CHARSET=utf8mb4 COLLATE=utf8mb4_bin;
/*!40101 SET character_set_client = @saved_cs_client */;

--
-- Dumping data for table `AO_E8B6CC_PR_ISSUE_KEY`
--

LOCK TABLES `AO_E8B6CC_PR_ISSUE_KEY` WRITE;
/*!40000 ALTER TABLE `AO_E8B6CC_PR_ISSUE_KEY` DISABLE KEYS */;
/*!40000 ALTER TABLE `AO_E8B6CC_PR_ISSUE_KEY` ENABLE KEYS */;
UNLOCK TABLES;

--
-- Table structure for table `AO_E8B6CC_PR_PARTICIPANT`
--

DROP TABLE IF EXISTS `AO_E8B6CC_PR_PARTICIPANT`;
/*!40101 SET @saved_cs_client     = @@character_set_client */;
/*!40101 SET character_set_client = utf8 */;
CREATE TABLE `AO_E8B6CC_PR_PARTICIPANT` (
  `APPROVED` tinyint(1) DEFAULT NULL,
  `DOMAIN_ID` int(11) NOT NULL DEFAULT '0',
  `ID` int(11) NOT NULL AUTO_INCREMENT,
  `PULL_REQUEST_ID` int(11) DEFAULT NULL,
  `ROLE` varchar(255) COLLATE utf8mb4_bin DEFAULT NULL,
  `USERNAME` varchar(255) COLLATE utf8mb4_bin DEFAULT NULL,
  PRIMARY KEY (`ID`),
  KEY `index_ao_e8b6cc_pr_1105917040` (`PULL_REQUEST_ID`),
  KEY `index_ao_e8b6cc_pr_758084799` (`DOMAIN_ID`),
  CONSTRAINT `fk_ao_e8b6cc_pr_participant_pull_request_id` FOREIGN KEY (`PULL_REQUEST_ID`) REFERENCES `AO_E8B6CC_PULL_REQUEST` (`ID`)
) ENGINE=InnoDB DEFAULT CHARSET=utf8mb4 COLLATE=utf8mb4_bin;
/*!40101 SET character_set_client = @saved_cs_client */;

--
-- Dumping data for table `AO_E8B6CC_PR_PARTICIPANT`
--

LOCK TABLES `AO_E8B6CC_PR_PARTICIPANT` WRITE;
/*!40000 ALTER TABLE `AO_E8B6CC_PR_PARTICIPANT` DISABLE KEYS */;
/*!40000 ALTER TABLE `AO_E8B6CC_PR_PARTICIPANT` ENABLE KEYS */;
UNLOCK TABLES;

--
-- Table structure for table `AO_E8B6CC_PR_TO_COMMIT`
--

DROP TABLE IF EXISTS `AO_E8B6CC_PR_TO_COMMIT`;
/*!40101 SET @saved_cs_client     = @@character_set_client */;
/*!40101 SET character_set_client = utf8 */;
CREATE TABLE `AO_E8B6CC_PR_TO_COMMIT` (
  `COMMIT_ID` int(11) NOT NULL,
  `DOMAIN_ID` int(11) NOT NULL DEFAULT '0',
  `ID` int(11) NOT NULL AUTO_INCREMENT,
  `REQUEST_ID` int(11) NOT NULL,
  PRIMARY KEY (`ID`),
  KEY `index_ao_e8b6cc_pr_1458633226` (`COMMIT_ID`),
  KEY `index_ao_e8b6cc_pr_685151049` (`DOMAIN_ID`),
  KEY `index_ao_e8b6cc_pr_1045528152` (`REQUEST_ID`),
  CONSTRAINT `fk_ao_e8b6cc_pr_to_commit_commit_id` FOREIGN KEY (`COMMIT_ID`) REFERENCES `AO_E8B6CC_COMMIT` (`ID`),
  CONSTRAINT `fk_ao_e8b6cc_pr_to_commit_request_id` FOREIGN KEY (`REQUEST_ID`) REFERENCES `AO_E8B6CC_PULL_REQUEST` (`ID`)
) ENGINE=InnoDB DEFAULT CHARSET=utf8mb4 COLLATE=utf8mb4_bin;
/*!40101 SET character_set_client = @saved_cs_client */;

--
-- Dumping data for table `AO_E8B6CC_PR_TO_COMMIT`
--

LOCK TABLES `AO_E8B6CC_PR_TO_COMMIT` WRITE;
/*!40000 ALTER TABLE `AO_E8B6CC_PR_TO_COMMIT` DISABLE KEYS */;
/*!40000 ALTER TABLE `AO_E8B6CC_PR_TO_COMMIT` ENABLE KEYS */;
UNLOCK TABLES;

--
-- Table structure for table `AO_E8B6CC_PULL_REQUEST`
--

DROP TABLE IF EXISTS `AO_E8B6CC_PULL_REQUEST`;
/*!40101 SET @saved_cs_client     = @@character_set_client */;
/*!40101 SET character_set_client = utf8 */;
CREATE TABLE `AO_E8B6CC_PULL_REQUEST` (
  `AUTHOR` varchar(255) COLLATE utf8mb4_bin DEFAULT NULL,
  `COMMENT_COUNT` int(11) DEFAULT '0',
  `CREATED_ON` datetime DEFAULT NULL,
  `DESTINATION_BRANCH` varchar(255) COLLATE utf8mb4_bin DEFAULT NULL,
  `DOMAIN_ID` int(11) NOT NULL DEFAULT '0',
  `EXECUTED_BY` varchar(255) COLLATE utf8mb4_bin DEFAULT NULL,
  `ID` int(11) NOT NULL AUTO_INCREMENT,
  `LAST_STATUS` varchar(255) COLLATE utf8mb4_bin DEFAULT NULL,
  `NAME` varchar(255) COLLATE utf8mb4_bin DEFAULT NULL,
  `REMOTE_ID` bigint(20) DEFAULT NULL,
  `SOURCE_BRANCH` varchar(255) COLLATE utf8mb4_bin DEFAULT NULL,
  `SOURCE_REPO` varchar(255) COLLATE utf8mb4_bin DEFAULT NULL,
  `TO_REPOSITORY_ID` int(11) DEFAULT '0',
  `UPDATED_ON` datetime DEFAULT NULL,
  `URL` varchar(255) COLLATE utf8mb4_bin DEFAULT NULL,
  PRIMARY KEY (`ID`),
  KEY `index_ao_e8b6cc_pul1230717024` (`DOMAIN_ID`),
  KEY `index_ao_e8b6cc_pul602811170` (`REMOTE_ID`),
  KEY `index_ao_e8b6cc_pul1448445182` (`TO_REPOSITORY_ID`)
) ENGINE=InnoDB DEFAULT CHARSET=utf8mb4 COLLATE=utf8mb4_bin;
/*!40101 SET character_set_client = @saved_cs_client */;

--
-- Dumping data for table `AO_E8B6CC_PULL_REQUEST`
--

LOCK TABLES `AO_E8B6CC_PULL_REQUEST` WRITE;
/*!40000 ALTER TABLE `AO_E8B6CC_PULL_REQUEST` DISABLE KEYS */;
/*!40000 ALTER TABLE `AO_E8B6CC_PULL_REQUEST` ENABLE KEYS */;
UNLOCK TABLES;

--
-- Table structure for table `AO_E8B6CC_REPOSITORY_MAPPING`
--

DROP TABLE IF EXISTS `AO_E8B6CC_REPOSITORY_MAPPING`;
/*!40101 SET @saved_cs_client     = @@character_set_client */;
/*!40101 SET character_set_client = utf8 */;
CREATE TABLE `AO_E8B6CC_REPOSITORY_MAPPING` (
  `ACTIVITY_LAST_SYNC` datetime DEFAULT NULL,
  `DELETED` tinyint(1) DEFAULT NULL,
  `FORK` tinyint(1) DEFAULT NULL,
  `FORK_OF_NAME` varchar(255) COLLATE utf8mb4_bin DEFAULT NULL,
  `FORK_OF_OWNER` varchar(255) COLLATE utf8mb4_bin DEFAULT NULL,
  `FORK_OF_SLUG` varchar(255) COLLATE utf8mb4_bin DEFAULT NULL,
  `ID` int(11) NOT NULL AUTO_INCREMENT,
  `LAST_CHANGESET_NODE` varchar(255) COLLATE utf8mb4_bin DEFAULT NULL,
  `LAST_COMMIT_DATE` datetime DEFAULT NULL,
  `LINKED` tinyint(1) DEFAULT NULL,
  `LOGO` longtext COLLATE utf8mb4_bin,
  `NAME` varchar(255) COLLATE utf8mb4_bin DEFAULT NULL,
  `ORGANIZATION_ID` int(11) DEFAULT '0',
  `SLUG` varchar(255) COLLATE utf8mb4_bin DEFAULT NULL,
  `SMARTCOMMITS_ENABLED` tinyint(1) DEFAULT NULL,
  `UPDATE_LINK_AUTHORISED` tinyint(1) DEFAULT NULL,
  PRIMARY KEY (`ID`),
  KEY `index_ao_e8b6cc_rep702725269` (`ORGANIZATION_ID`),
  KEY `index_ao_e8b6cc_rep93578901` (`LINKED`)
) ENGINE=InnoDB DEFAULT CHARSET=utf8mb4 COLLATE=utf8mb4_bin;
/*!40101 SET character_set_client = @saved_cs_client */;

--
-- Dumping data for table `AO_E8B6CC_REPOSITORY_MAPPING`
--

LOCK TABLES `AO_E8B6CC_REPOSITORY_MAPPING` WRITE;
/*!40000 ALTER TABLE `AO_E8B6CC_REPOSITORY_MAPPING` DISABLE KEYS */;
/*!40000 ALTER TABLE `AO_E8B6CC_REPOSITORY_MAPPING` ENABLE KEYS */;
UNLOCK TABLES;

--
-- Table structure for table `AO_E8B6CC_REPO_TO_CHANGESET`
--

DROP TABLE IF EXISTS `AO_E8B6CC_REPO_TO_CHANGESET`;
/*!40101 SET @saved_cs_client     = @@character_set_client */;
/*!40101 SET character_set_client = utf8 */;
CREATE TABLE `AO_E8B6CC_REPO_TO_CHANGESET` (
  `CHANGESET_ID` int(11) DEFAULT NULL,
  `ID` int(11) NOT NULL AUTO_INCREMENT,
  `REPOSITORY_ID` int(11) DEFAULT NULL,
  PRIMARY KEY (`ID`),
  KEY `index_ao_e8b6cc_rep1082901832` (`REPOSITORY_ID`),
  KEY `index_ao_e8b6cc_rep922992576` (`CHANGESET_ID`)
) ENGINE=InnoDB DEFAULT CHARSET=utf8mb4 COLLATE=utf8mb4_bin;
/*!40101 SET character_set_client = @saved_cs_client */;

--
-- Dumping data for table `AO_E8B6CC_REPO_TO_CHANGESET`
--

LOCK TABLES `AO_E8B6CC_REPO_TO_CHANGESET` WRITE;
/*!40000 ALTER TABLE `AO_E8B6CC_REPO_TO_CHANGESET` DISABLE KEYS */;
/*!40000 ALTER TABLE `AO_E8B6CC_REPO_TO_CHANGESET` ENABLE KEYS */;
UNLOCK TABLES;

--
-- Table structure for table `AO_E8B6CC_REPO_TO_PROJECT`
--

DROP TABLE IF EXISTS `AO_E8B6CC_REPO_TO_PROJECT`;
/*!40101 SET @saved_cs_client     = @@character_set_client */;
/*!40101 SET character_set_client = utf8 */;
CREATE TABLE `AO_E8B6CC_REPO_TO_PROJECT` (
  `ID` int(11) NOT NULL AUTO_INCREMENT,
  `PROJECT_KEY` varchar(255) COLLATE utf8mb4_bin DEFAULT NULL,
  `REPOSITORY_ID` int(11) DEFAULT NULL,
  PRIMARY KEY (`ID`),
  KEY `index_ao_e8b6cc_rep1928770529` (`REPOSITORY_ID`),
  CONSTRAINT `fk_ao_e8b6cc_repo_to_project_repository_id` FOREIGN KEY (`REPOSITORY_ID`) REFERENCES `AO_E8B6CC_REPOSITORY_MAPPING` (`ID`)
) ENGINE=InnoDB DEFAULT CHARSET=utf8mb4 COLLATE=utf8mb4_bin;
/*!40101 SET character_set_client = @saved_cs_client */;

--
-- Dumping data for table `AO_E8B6CC_REPO_TO_PROJECT`
--

LOCK TABLES `AO_E8B6CC_REPO_TO_PROJECT` WRITE;
/*!40000 ALTER TABLE `AO_E8B6CC_REPO_TO_PROJECT` DISABLE KEYS */;
/*!40000 ALTER TABLE `AO_E8B6CC_REPO_TO_PROJECT` ENABLE KEYS */;
UNLOCK TABLES;

--
-- Table structure for table `AO_E8B6CC_SYNC_AUDIT_LOG`
--

DROP TABLE IF EXISTS `AO_E8B6CC_SYNC_AUDIT_LOG`;
/*!40101 SET @saved_cs_client     = @@character_set_client */;
/*!40101 SET character_set_client = utf8 */;
CREATE TABLE `AO_E8B6CC_SYNC_AUDIT_LOG` (
  `END_DATE` datetime DEFAULT NULL,
  `EXC_TRACE` longtext COLLATE utf8mb4_bin,
  `FIRST_REQUEST_DATE` datetime DEFAULT NULL,
  `FLIGHT_TIME_MS` int(11) DEFAULT '0',
  `ID` int(11) NOT NULL AUTO_INCREMENT,
  `NUM_REQUESTS` int(11) DEFAULT '0',
  `REPO_ID` int(11) DEFAULT '0',
  `START_DATE` datetime DEFAULT NULL,
  `SYNC_STATUS` varchar(255) COLLATE utf8mb4_bin DEFAULT NULL,
  `SYNC_TYPE` varchar(255) COLLATE utf8mb4_bin DEFAULT NULL,
  `TOTAL_ERRORS` int(11) DEFAULT '0',
  PRIMARY KEY (`ID`),
  KEY `index_ao_e8b6cc_syn203792807` (`REPO_ID`)
) ENGINE=InnoDB DEFAULT CHARSET=utf8mb4 COLLATE=utf8mb4_bin;
/*!40101 SET character_set_client = @saved_cs_client */;

--
-- Dumping data for table `AO_E8B6CC_SYNC_AUDIT_LOG`
--

LOCK TABLES `AO_E8B6CC_SYNC_AUDIT_LOG` WRITE;
/*!40000 ALTER TABLE `AO_E8B6CC_SYNC_AUDIT_LOG` DISABLE KEYS */;
/*!40000 ALTER TABLE `AO_E8B6CC_SYNC_AUDIT_LOG` ENABLE KEYS */;
UNLOCK TABLES;

--
-- Table structure for table `AO_E8B6CC_SYNC_EVENT`
--

DROP TABLE IF EXISTS `AO_E8B6CC_SYNC_EVENT`;
/*!40101 SET @saved_cs_client     = @@character_set_client */;
/*!40101 SET character_set_client = utf8 */;
CREATE TABLE `AO_E8B6CC_SYNC_EVENT` (
  `EVENT_CLASS` longtext COLLATE utf8mb4_bin NOT NULL,
  `EVENT_DATE` datetime NOT NULL,
  `EVENT_JSON` longtext COLLATE utf8mb4_bin NOT NULL,
  `ID` int(11) NOT NULL AUTO_INCREMENT,
  `REPO_ID` int(11) NOT NULL DEFAULT '0',
  `SCHEDULED_SYNC` tinyint(1) DEFAULT NULL,
  PRIMARY KEY (`ID`),
  KEY `index_ao_e8b6cc_syn493078035` (`REPO_ID`)
) ENGINE=InnoDB DEFAULT CHARSET=utf8mb4 COLLATE=utf8mb4_bin;
/*!40101 SET character_set_client = @saved_cs_client */;

--
-- Dumping data for table `AO_E8B6CC_SYNC_EVENT`
--

LOCK TABLES `AO_E8B6CC_SYNC_EVENT` WRITE;
/*!40000 ALTER TABLE `AO_E8B6CC_SYNC_EVENT` DISABLE KEYS */;
/*!40000 ALTER TABLE `AO_E8B6CC_SYNC_EVENT` ENABLE KEYS */;
UNLOCK TABLES;

--
-- Table structure for table `AO_ED669C_SEEN_ASSERTIONS`
--

DROP TABLE IF EXISTS `AO_ED669C_SEEN_ASSERTIONS`;
/*!40101 SET @saved_cs_client     = @@character_set_client */;
/*!40101 SET character_set_client = utf8 */;
CREATE TABLE `AO_ED669C_SEEN_ASSERTIONS` (
  `ASSERTION_ID` varchar(255) COLLATE utf8mb4_bin NOT NULL,
  `EXPIRY_TIMESTAMP` bigint(20) NOT NULL DEFAULT '0',
  `ID` int(11) NOT NULL AUTO_INCREMENT,
  PRIMARY KEY (`ID`),
  UNIQUE KEY `U_AO_ED669C_SEEN_AS1055534769` (`ASSERTION_ID`),
  KEY `index_ao_ed669c_see20117222` (`EXPIRY_TIMESTAMP`)
) ENGINE=InnoDB DEFAULT CHARSET=utf8mb4 COLLATE=utf8mb4_bin;
/*!40101 SET character_set_client = @saved_cs_client */;

--
-- Dumping data for table `AO_ED669C_SEEN_ASSERTIONS`
--

LOCK TABLES `AO_ED669C_SEEN_ASSERTIONS` WRITE;
/*!40000 ALTER TABLE `AO_ED669C_SEEN_ASSERTIONS` DISABLE KEYS */;
/*!40000 ALTER TABLE `AO_ED669C_SEEN_ASSERTIONS` ENABLE KEYS */;
UNLOCK TABLES;

--
-- Table structure for table `JQUARTZ_BLOB_TRIGGERS`
--

DROP TABLE IF EXISTS `JQUARTZ_BLOB_TRIGGERS`;
/*!40101 SET @saved_cs_client     = @@character_set_client */;
/*!40101 SET character_set_client = utf8 */;
CREATE TABLE `JQUARTZ_BLOB_TRIGGERS` (
  `SCHED_NAME` varchar(120) COLLATE utf8mb4_bin DEFAULT NULL,
  `TRIGGER_NAME` varchar(200) COLLATE utf8mb4_bin NOT NULL,
  `TRIGGER_GROUP` varchar(200) COLLATE utf8mb4_bin NOT NULL,
  `BLOB_DATA` blob,
  PRIMARY KEY (`TRIGGER_NAME`,`TRIGGER_GROUP`)
) ENGINE=InnoDB DEFAULT CHARSET=utf8mb4 COLLATE=utf8mb4_bin;
/*!40101 SET character_set_client = @saved_cs_client */;

--
-- Dumping data for table `JQUARTZ_BLOB_TRIGGERS`
--

LOCK TABLES `JQUARTZ_BLOB_TRIGGERS` WRITE;
/*!40000 ALTER TABLE `JQUARTZ_BLOB_TRIGGERS` DISABLE KEYS */;
/*!40000 ALTER TABLE `JQUARTZ_BLOB_TRIGGERS` ENABLE KEYS */;
UNLOCK TABLES;

--
-- Table structure for table `JQUARTZ_CALENDARS`
--

DROP TABLE IF EXISTS `JQUARTZ_CALENDARS`;
/*!40101 SET @saved_cs_client     = @@character_set_client */;
/*!40101 SET character_set_client = utf8 */;
CREATE TABLE `JQUARTZ_CALENDARS` (
  `SCHED_NAME` varchar(120) COLLATE utf8mb4_bin DEFAULT NULL,
  `CALENDAR_NAME` varchar(200) COLLATE utf8mb4_bin NOT NULL,
  `CALENDAR` blob,
  PRIMARY KEY (`CALENDAR_NAME`)
) ENGINE=InnoDB DEFAULT CHARSET=utf8mb4 COLLATE=utf8mb4_bin;
/*!40101 SET character_set_client = @saved_cs_client */;

--
-- Dumping data for table `JQUARTZ_CALENDARS`
--

LOCK TABLES `JQUARTZ_CALENDARS` WRITE;
/*!40000 ALTER TABLE `JQUARTZ_CALENDARS` DISABLE KEYS */;
/*!40000 ALTER TABLE `JQUARTZ_CALENDARS` ENABLE KEYS */;
UNLOCK TABLES;

--
-- Table structure for table `JQUARTZ_CRON_TRIGGERS`
--

DROP TABLE IF EXISTS `JQUARTZ_CRON_TRIGGERS`;
/*!40101 SET @saved_cs_client     = @@character_set_client */;
/*!40101 SET character_set_client = utf8 */;
CREATE TABLE `JQUARTZ_CRON_TRIGGERS` (
  `SCHED_NAME` varchar(120) COLLATE utf8mb4_bin DEFAULT NULL,
  `TRIGGER_NAME` varchar(200) COLLATE utf8mb4_bin NOT NULL,
  `TRIGGER_GROUP` varchar(200) COLLATE utf8mb4_bin NOT NULL,
  `CRON_EXPRESSION` varchar(120) COLLATE utf8mb4_bin DEFAULT NULL,
  `TIME_ZONE_ID` varchar(80) COLLATE utf8mb4_bin DEFAULT NULL,
  PRIMARY KEY (`TRIGGER_NAME`,`TRIGGER_GROUP`)
) ENGINE=InnoDB DEFAULT CHARSET=utf8mb4 COLLATE=utf8mb4_bin;
/*!40101 SET character_set_client = @saved_cs_client */;

--
-- Dumping data for table `JQUARTZ_CRON_TRIGGERS`
--

LOCK TABLES `JQUARTZ_CRON_TRIGGERS` WRITE;
/*!40000 ALTER TABLE `JQUARTZ_CRON_TRIGGERS` DISABLE KEYS */;
/*!40000 ALTER TABLE `JQUARTZ_CRON_TRIGGERS` ENABLE KEYS */;
UNLOCK TABLES;

--
-- Table structure for table `JQUARTZ_FIRED_TRIGGERS`
--

DROP TABLE IF EXISTS `JQUARTZ_FIRED_TRIGGERS`;
/*!40101 SET @saved_cs_client     = @@character_set_client */;
/*!40101 SET character_set_client = utf8 */;
CREATE TABLE `JQUARTZ_FIRED_TRIGGERS` (
  `SCHED_NAME` varchar(120) COLLATE utf8mb4_bin DEFAULT NULL,
  `ENTRY_ID` varchar(95) COLLATE utf8mb4_bin NOT NULL,
  `TRIGGER_NAME` varchar(200) COLLATE utf8mb4_bin DEFAULT NULL,
  `TRIGGER_GROUP` varchar(200) COLLATE utf8mb4_bin DEFAULT NULL,
  `IS_VOLATILE` varchar(1) COLLATE utf8mb4_bin DEFAULT NULL,
  `INSTANCE_NAME` varchar(200) COLLATE utf8mb4_bin DEFAULT NULL,
  `FIRED_TIME` bigint(20) DEFAULT NULL,
  `SCHED_TIME` bigint(20) DEFAULT NULL,
  `PRIORITY` int(11) DEFAULT NULL,
  `STATE` varchar(16) COLLATE utf8mb4_bin DEFAULT NULL,
  `JOB_NAME` varchar(200) COLLATE utf8mb4_bin DEFAULT NULL,
  `JOB_GROUP` varchar(200) COLLATE utf8mb4_bin DEFAULT NULL,
  `IS_STATEFUL` varchar(1) COLLATE utf8mb4_bin DEFAULT NULL,
  `IS_NONCONCURRENT` varchar(1) COLLATE utf8mb4_bin DEFAULT NULL,
  `IS_UPDATE_DATA` varchar(1) COLLATE utf8mb4_bin DEFAULT NULL,
  `REQUESTS_RECOVERY` varchar(1) COLLATE utf8mb4_bin DEFAULT NULL,
  PRIMARY KEY (`ENTRY_ID`),
  KEY `idx_qrtz_ft_trig_inst_name` (`SCHED_NAME`,`INSTANCE_NAME`),
  KEY `idx_qrtz_ft_inst_job_req_rcvry` (`SCHED_NAME`,`INSTANCE_NAME`,`REQUESTS_RECOVERY`),
  KEY `idx_qrtz_ft_j_g` (`SCHED_NAME`,`JOB_NAME`,`JOB_GROUP`),
  KEY `idx_qrtz_ft_jg` (`SCHED_NAME`,`JOB_GROUP`),
  KEY `idx_qrtz_ft_t_g` (`SCHED_NAME`,`TRIGGER_NAME`,`TRIGGER_GROUP`),
  KEY `idx_qrtz_ft_tg` (`SCHED_NAME`,`TRIGGER_GROUP`)
) ENGINE=InnoDB DEFAULT CHARSET=utf8mb4 COLLATE=utf8mb4_bin;
/*!40101 SET character_set_client = @saved_cs_client */;

--
-- Dumping data for table `JQUARTZ_FIRED_TRIGGERS`
--

LOCK TABLES `JQUARTZ_FIRED_TRIGGERS` WRITE;
/*!40000 ALTER TABLE `JQUARTZ_FIRED_TRIGGERS` DISABLE KEYS */;
/*!40000 ALTER TABLE `JQUARTZ_FIRED_TRIGGERS` ENABLE KEYS */;
UNLOCK TABLES;

--
-- Table structure for table `JQUARTZ_JOB_DETAILS`
--

DROP TABLE IF EXISTS `JQUARTZ_JOB_DETAILS`;
/*!40101 SET @saved_cs_client     = @@character_set_client */;
/*!40101 SET character_set_client = utf8 */;
CREATE TABLE `JQUARTZ_JOB_DETAILS` (
  `SCHED_NAME` varchar(120) COLLATE utf8mb4_bin DEFAULT NULL,
  `JOB_NAME` varchar(200) COLLATE utf8mb4_bin NOT NULL,
  `JOB_GROUP` varchar(200) COLLATE utf8mb4_bin NOT NULL,
  `DESCRIPTION` varchar(250) COLLATE utf8mb4_bin DEFAULT NULL,
  `JOB_CLASS_NAME` varchar(250) COLLATE utf8mb4_bin DEFAULT NULL,
  `IS_DURABLE` varchar(1) COLLATE utf8mb4_bin DEFAULT NULL,
  `IS_VOLATILE` varchar(1) COLLATE utf8mb4_bin DEFAULT NULL,
  `IS_STATEFUL` varchar(1) COLLATE utf8mb4_bin DEFAULT NULL,
  `IS_NONCONCURRENT` varchar(1) COLLATE utf8mb4_bin DEFAULT NULL,
  `IS_UPDATE_DATA` varchar(1) COLLATE utf8mb4_bin DEFAULT NULL,
  `REQUESTS_RECOVERY` varchar(1) COLLATE utf8mb4_bin DEFAULT NULL,
  `JOB_DATA` blob,
  PRIMARY KEY (`JOB_NAME`,`JOB_GROUP`),
  KEY `idx_qrtz_j_req_recovery` (`SCHED_NAME`,`REQUESTS_RECOVERY`),
  KEY `idx_qrtz_j_grp` (`SCHED_NAME`,`JOB_GROUP`)
) ENGINE=InnoDB DEFAULT CHARSET=utf8mb4 COLLATE=utf8mb4_bin;
/*!40101 SET character_set_client = @saved_cs_client */;

--
-- Dumping data for table `JQUARTZ_JOB_DETAILS`
--

LOCK TABLES `JQUARTZ_JOB_DETAILS` WRITE;
/*!40000 ALTER TABLE `JQUARTZ_JOB_DETAILS` DISABLE KEYS */;
/*!40000 ALTER TABLE `JQUARTZ_JOB_DETAILS` ENABLE KEYS */;
UNLOCK TABLES;

--
-- Table structure for table `JQUARTZ_JOB_LISTENERS`
--

DROP TABLE IF EXISTS `JQUARTZ_JOB_LISTENERS`;
/*!40101 SET @saved_cs_client     = @@character_set_client */;
/*!40101 SET character_set_client = utf8 */;
CREATE TABLE `JQUARTZ_JOB_LISTENERS` (
  `JOB_NAME` varchar(200) COLLATE utf8mb4_bin NOT NULL,
  `JOB_GROUP` varchar(200) COLLATE utf8mb4_bin NOT NULL,
  `JOB_LISTENER` varchar(200) COLLATE utf8mb4_bin NOT NULL,
  PRIMARY KEY (`JOB_NAME`,`JOB_GROUP`,`JOB_LISTENER`)
) ENGINE=InnoDB DEFAULT CHARSET=utf8mb4 COLLATE=utf8mb4_bin;
/*!40101 SET character_set_client = @saved_cs_client */;

--
-- Dumping data for table `JQUARTZ_JOB_LISTENERS`
--

LOCK TABLES `JQUARTZ_JOB_LISTENERS` WRITE;
/*!40000 ALTER TABLE `JQUARTZ_JOB_LISTENERS` DISABLE KEYS */;
/*!40000 ALTER TABLE `JQUARTZ_JOB_LISTENERS` ENABLE KEYS */;
UNLOCK TABLES;

--
-- Table structure for table `JQUARTZ_LOCKS`
--

DROP TABLE IF EXISTS `JQUARTZ_LOCKS`;
/*!40101 SET @saved_cs_client     = @@character_set_client */;
/*!40101 SET character_set_client = utf8 */;
CREATE TABLE `JQUARTZ_LOCKS` (
  `SCHED_NAME` varchar(120) COLLATE utf8mb4_bin DEFAULT NULL,
  `LOCK_NAME` varchar(40) COLLATE utf8mb4_bin NOT NULL,
  PRIMARY KEY (`LOCK_NAME`)
) ENGINE=InnoDB DEFAULT CHARSET=utf8mb4 COLLATE=utf8mb4_bin;
/*!40101 SET character_set_client = @saved_cs_client */;

--
-- Dumping data for table `JQUARTZ_LOCKS`
--

LOCK TABLES `JQUARTZ_LOCKS` WRITE;
/*!40000 ALTER TABLE `JQUARTZ_LOCKS` DISABLE KEYS */;
INSERT INTO `JQUARTZ_LOCKS` VALUES (NULL,'CALENDAR_ACCESS'),(NULL,'JOB_ACCESS'),(NULL,'MISFIRE_ACCESS'),(NULL,'STATE_ACCESS'),(NULL,'TRIGGER_ACCESS');
/*!40000 ALTER TABLE `JQUARTZ_LOCKS` ENABLE KEYS */;
UNLOCK TABLES;

--
-- Table structure for table `JQUARTZ_PAUSED_TRIGGER_GRPS`
--

DROP TABLE IF EXISTS `JQUARTZ_PAUSED_TRIGGER_GRPS`;
/*!40101 SET @saved_cs_client     = @@character_set_client */;
/*!40101 SET character_set_client = utf8 */;
CREATE TABLE `JQUARTZ_PAUSED_TRIGGER_GRPS` (
  `SCHED_NAME` varchar(120) COLLATE utf8mb4_bin DEFAULT NULL,
  `TRIGGER_GROUP` varchar(200) COLLATE utf8mb4_bin NOT NULL,
  PRIMARY KEY (`TRIGGER_GROUP`)
) ENGINE=InnoDB DEFAULT CHARSET=utf8mb4 COLLATE=utf8mb4_bin;
/*!40101 SET character_set_client = @saved_cs_client */;

--
-- Dumping data for table `JQUARTZ_PAUSED_TRIGGER_GRPS`
--

LOCK TABLES `JQUARTZ_PAUSED_TRIGGER_GRPS` WRITE;
/*!40000 ALTER TABLE `JQUARTZ_PAUSED_TRIGGER_GRPS` DISABLE KEYS */;
/*!40000 ALTER TABLE `JQUARTZ_PAUSED_TRIGGER_GRPS` ENABLE KEYS */;
UNLOCK TABLES;

--
-- Table structure for table `JQUARTZ_SCHEDULER_STATE`
--

DROP TABLE IF EXISTS `JQUARTZ_SCHEDULER_STATE`;
/*!40101 SET @saved_cs_client     = @@character_set_client */;
/*!40101 SET character_set_client = utf8 */;
CREATE TABLE `JQUARTZ_SCHEDULER_STATE` (
  `SCHED_NAME` varchar(120) COLLATE utf8mb4_bin DEFAULT NULL,
  `INSTANCE_NAME` varchar(200) COLLATE utf8mb4_bin NOT NULL,
  `LAST_CHECKIN_TIME` bigint(20) DEFAULT NULL,
  `CHECKIN_INTERVAL` bigint(20) DEFAULT NULL,
  PRIMARY KEY (`INSTANCE_NAME`)
) ENGINE=InnoDB DEFAULT CHARSET=utf8mb4 COLLATE=utf8mb4_bin;
/*!40101 SET character_set_client = @saved_cs_client */;

--
-- Dumping data for table `JQUARTZ_SCHEDULER_STATE`
--

LOCK TABLES `JQUARTZ_SCHEDULER_STATE` WRITE;
/*!40000 ALTER TABLE `JQUARTZ_SCHEDULER_STATE` DISABLE KEYS */;
/*!40000 ALTER TABLE `JQUARTZ_SCHEDULER_STATE` ENABLE KEYS */;
UNLOCK TABLES;

--
-- Table structure for table `JQUARTZ_SIMPLE_TRIGGERS`
--

DROP TABLE IF EXISTS `JQUARTZ_SIMPLE_TRIGGERS`;
/*!40101 SET @saved_cs_client     = @@character_set_client */;
/*!40101 SET character_set_client = utf8 */;
CREATE TABLE `JQUARTZ_SIMPLE_TRIGGERS` (
  `SCHED_NAME` varchar(120) COLLATE utf8mb4_bin DEFAULT NULL,
  `TRIGGER_NAME` varchar(200) COLLATE utf8mb4_bin NOT NULL,
  `TRIGGER_GROUP` varchar(200) COLLATE utf8mb4_bin NOT NULL,
  `REPEAT_COUNT` bigint(20) DEFAULT NULL,
  `REPEAT_INTERVAL` bigint(20) DEFAULT NULL,
  `TIMES_TRIGGERED` bigint(20) DEFAULT NULL,
  PRIMARY KEY (`TRIGGER_NAME`,`TRIGGER_GROUP`)
) ENGINE=InnoDB DEFAULT CHARSET=utf8mb4 COLLATE=utf8mb4_bin;
/*!40101 SET character_set_client = @saved_cs_client */;

--
-- Dumping data for table `JQUARTZ_SIMPLE_TRIGGERS`
--

LOCK TABLES `JQUARTZ_SIMPLE_TRIGGERS` WRITE;
/*!40000 ALTER TABLE `JQUARTZ_SIMPLE_TRIGGERS` DISABLE KEYS */;
/*!40000 ALTER TABLE `JQUARTZ_SIMPLE_TRIGGERS` ENABLE KEYS */;
UNLOCK TABLES;

--
-- Table structure for table `JQUARTZ_SIMPROP_TRIGGERS`
--

DROP TABLE IF EXISTS `JQUARTZ_SIMPROP_TRIGGERS`;
/*!40101 SET @saved_cs_client     = @@character_set_client */;
/*!40101 SET character_set_client = utf8 */;
CREATE TABLE `JQUARTZ_SIMPROP_TRIGGERS` (
  `SCHED_NAME` varchar(120) COLLATE utf8mb4_bin DEFAULT NULL,
  `TRIGGER_NAME` varchar(200) COLLATE utf8mb4_bin NOT NULL,
  `TRIGGER_GROUP` varchar(200) COLLATE utf8mb4_bin NOT NULL,
  `STR_PROP_1` varchar(512) COLLATE utf8mb4_bin DEFAULT NULL,
  `STR_PROP_2` varchar(512) COLLATE utf8mb4_bin DEFAULT NULL,
  `STR_PROP_3` varchar(512) COLLATE utf8mb4_bin DEFAULT NULL,
  `INT_PROP_1` int(11) DEFAULT NULL,
  `INT_PROP_2` int(11) DEFAULT NULL,
  `LONG_PROP_1` bigint(20) DEFAULT NULL,
  `LONG_PROP_2` bigint(20) DEFAULT NULL,
  `DEC_PROP_1` decimal(13,4) DEFAULT NULL,
  `DEC_PROP_2` decimal(13,4) DEFAULT NULL,
  `BOOL_PROP_1` varchar(1) COLLATE utf8mb4_bin DEFAULT NULL,
  `BOOL_PROP_2` varchar(1) COLLATE utf8mb4_bin DEFAULT NULL,
  PRIMARY KEY (`TRIGGER_NAME`,`TRIGGER_GROUP`)
) ENGINE=InnoDB DEFAULT CHARSET=utf8mb4 COLLATE=utf8mb4_bin;
/*!40101 SET character_set_client = @saved_cs_client */;

--
-- Dumping data for table `JQUARTZ_SIMPROP_TRIGGERS`
--

LOCK TABLES `JQUARTZ_SIMPROP_TRIGGERS` WRITE;
/*!40000 ALTER TABLE `JQUARTZ_SIMPROP_TRIGGERS` DISABLE KEYS */;
/*!40000 ALTER TABLE `JQUARTZ_SIMPROP_TRIGGERS` ENABLE KEYS */;
UNLOCK TABLES;

--
-- Table structure for table `JQUARTZ_TRIGGERS`
--

DROP TABLE IF EXISTS `JQUARTZ_TRIGGERS`;
/*!40101 SET @saved_cs_client     = @@character_set_client */;
/*!40101 SET character_set_client = utf8 */;
CREATE TABLE `JQUARTZ_TRIGGERS` (
  `SCHED_NAME` varchar(120) COLLATE utf8mb4_bin DEFAULT NULL,
  `TRIGGER_NAME` varchar(200) COLLATE utf8mb4_bin NOT NULL,
  `TRIGGER_GROUP` varchar(200) COLLATE utf8mb4_bin NOT NULL,
  `JOB_NAME` varchar(200) COLLATE utf8mb4_bin DEFAULT NULL,
  `JOB_GROUP` varchar(200) COLLATE utf8mb4_bin DEFAULT NULL,
  `IS_VOLATILE` varchar(1) COLLATE utf8mb4_bin DEFAULT NULL,
  `DESCRIPTION` varchar(250) COLLATE utf8mb4_bin DEFAULT NULL,
  `NEXT_FIRE_TIME` bigint(20) DEFAULT NULL,
  `PREV_FIRE_TIME` bigint(20) DEFAULT NULL,
  `PRIORITY` int(11) DEFAULT NULL,
  `TRIGGER_STATE` varchar(16) COLLATE utf8mb4_bin DEFAULT NULL,
  `TRIGGER_TYPE` varchar(8) COLLATE utf8mb4_bin DEFAULT NULL,
  `START_TIME` bigint(20) DEFAULT NULL,
  `END_TIME` bigint(20) DEFAULT NULL,
  `CALENDAR_NAME` varchar(200) COLLATE utf8mb4_bin DEFAULT NULL,
  `MISFIRE_INSTR` smallint(5) DEFAULT NULL,
  `JOB_DATA` blob,
  PRIMARY KEY (`TRIGGER_NAME`,`TRIGGER_GROUP`),
  KEY `idx_qrtz_t_j` (`SCHED_NAME`,`JOB_NAME`,`JOB_GROUP`),
  KEY `idx_qrtz_t_jg` (`SCHED_NAME`,`JOB_GROUP`),
  KEY `idx_qrtz_t_c` (`SCHED_NAME`,`CALENDAR_NAME`),
  KEY `idx_qrtz_j_g` (`SCHED_NAME`,`TRIGGER_GROUP`),
  KEY `idx_qrtz_j_state` (`SCHED_NAME`,`TRIGGER_STATE`),
  KEY `idx_qrtz_t_n_state` (`SCHED_NAME`,`TRIGGER_NAME`,`TRIGGER_GROUP`,`TRIGGER_STATE`),
  KEY `idx_qrtz_t_n_g_state` (`SCHED_NAME`,`TRIGGER_GROUP`,`TRIGGER_STATE`),
  KEY `idx_qrtz_t_next_fire_time` (`SCHED_NAME`,`NEXT_FIRE_TIME`),
  KEY `idx_qrtz_t_nft_st` (`SCHED_NAME`,`TRIGGER_STATE`,`NEXT_FIRE_TIME`),
  KEY `idx_qrtz_t_nft_misfire` (`SCHED_NAME`,`MISFIRE_INSTR`,`NEXT_FIRE_TIME`),
  KEY `idx_qrtz_t_nft_st_misfire` (`SCHED_NAME`,`MISFIRE_INSTR`,`NEXT_FIRE_TIME`,`TRIGGER_STATE`),
  KEY `idx_qrtz_t_nft_st_misfire_grp` (`SCHED_NAME`,`MISFIRE_INSTR`,`NEXT_FIRE_TIME`,`TRIGGER_GROUP`,`TRIGGER_STATE`)
) ENGINE=InnoDB DEFAULT CHARSET=utf8mb4 COLLATE=utf8mb4_bin;
/*!40101 SET character_set_client = @saved_cs_client */;

--
-- Dumping data for table `JQUARTZ_TRIGGERS`
--

LOCK TABLES `JQUARTZ_TRIGGERS` WRITE;
/*!40000 ALTER TABLE `JQUARTZ_TRIGGERS` DISABLE KEYS */;
/*!40000 ALTER TABLE `JQUARTZ_TRIGGERS` ENABLE KEYS */;
UNLOCK TABLES;

--
-- Table structure for table `JQUARTZ_TRIGGER_LISTENERS`
--

DROP TABLE IF EXISTS `JQUARTZ_TRIGGER_LISTENERS`;
/*!40101 SET @saved_cs_client     = @@character_set_client */;
/*!40101 SET character_set_client = utf8 */;
CREATE TABLE `JQUARTZ_TRIGGER_LISTENERS` (
  `TRIGGER_NAME` varchar(200) COLLATE utf8mb4_bin DEFAULT NULL,
  `TRIGGER_GROUP` varchar(200) COLLATE utf8mb4_bin NOT NULL,
  `TRIGGER_LISTENER` varchar(200) COLLATE utf8mb4_bin NOT NULL,
  PRIMARY KEY (`TRIGGER_GROUP`,`TRIGGER_LISTENER`)
) ENGINE=InnoDB DEFAULT CHARSET=utf8mb4 COLLATE=utf8mb4_bin;
/*!40101 SET character_set_client = @saved_cs_client */;

--
-- Dumping data for table `JQUARTZ_TRIGGER_LISTENERS`
--

LOCK TABLES `JQUARTZ_TRIGGER_LISTENERS` WRITE;
/*!40000 ALTER TABLE `JQUARTZ_TRIGGER_LISTENERS` DISABLE KEYS */;
/*!40000 ALTER TABLE `JQUARTZ_TRIGGER_LISTENERS` ENABLE KEYS */;
UNLOCK TABLES;

--
-- Table structure for table `OS_CURRENTSTEP`
--

DROP TABLE IF EXISTS `OS_CURRENTSTEP`;
/*!40101 SET @saved_cs_client     = @@character_set_client */;
/*!40101 SET character_set_client = utf8 */;
CREATE TABLE `OS_CURRENTSTEP` (
  `ID` decimal(18,0) NOT NULL,
  `ENTRY_ID` decimal(18,0) DEFAULT NULL,
  `STEP_ID` decimal(9,0) DEFAULT NULL,
  `ACTION_ID` decimal(9,0) DEFAULT NULL,
  `OWNER` varchar(255) COLLATE utf8mb4_bin DEFAULT NULL,
  `START_DATE` datetime DEFAULT NULL,
  `DUE_DATE` datetime DEFAULT NULL,
  `FINISH_DATE` datetime DEFAULT NULL,
  `STATUS` varchar(60) COLLATE utf8mb4_bin DEFAULT NULL,
  `CALLER` varchar(255) COLLATE utf8mb4_bin DEFAULT NULL,
  PRIMARY KEY (`ID`),
  KEY `wf_entryid` (`ENTRY_ID`)
) ENGINE=InnoDB DEFAULT CHARSET=utf8mb4 COLLATE=utf8mb4_bin;
/*!40101 SET character_set_client = @saved_cs_client */;

--
-- Dumping data for table `OS_CURRENTSTEP`
--

LOCK TABLES `OS_CURRENTSTEP` WRITE;
/*!40000 ALTER TABLE `OS_CURRENTSTEP` DISABLE KEYS */;
INSERT INTO `OS_CURRENTSTEP` VALUES (10000,10000,1,0,'','2022-08-30 02:40:13',NULL,NULL,'To Do',NULL),(10001,10001,1,0,'','2022-09-02 08:03:26',NULL,NULL,'To Do',NULL),(10004,10004,1,0,'','2022-09-05 05:56:05',NULL,NULL,'To Do',NULL),(10006,10006,1,0,'','2022-09-06 05:57:22',NULL,NULL,'To Do',NULL),(10008,10002,6,0,'','2022-09-08 01:06:00',NULL,NULL,'Done',NULL),(10011,10008,11,0,'','2022-09-09 02:26:43',NULL,NULL,'Done',NULL),(10012,10009,1,0,'','2022-09-09 07:58:10',NULL,NULL,'To Do',NULL),(10013,10010,1,0,'','2022-09-09 07:59:06',NULL,NULL,'To Do',NULL),(10014,10003,11,0,'','2022-09-09 07:59:27',NULL,NULL,'Done',NULL),(10015,10007,6,0,'','2022-09-13 08:33:06',NULL,NULL,'Done',NULL),(10016,10005,11,0,'','2022-09-13 08:34:08',NULL,NULL,'Done',NULL),(10017,10011,1,0,'','2022-09-13 08:41:27',NULL,NULL,'To Do',NULL),(10019,10012,6,0,'','2022-09-14 03:05:59',NULL,NULL,'Done',NULL),(10020,10013,1,0,'','2022-09-14 05:58:38',NULL,NULL,'To Do',NULL);
/*!40000 ALTER TABLE `OS_CURRENTSTEP` ENABLE KEYS */;
UNLOCK TABLES;

--
-- Table structure for table `OS_CURRENTSTEP_PREV`
--

DROP TABLE IF EXISTS `OS_CURRENTSTEP_PREV`;
/*!40101 SET @saved_cs_client     = @@character_set_client */;
/*!40101 SET character_set_client = utf8 */;
CREATE TABLE `OS_CURRENTSTEP_PREV` (
  `ID` decimal(18,0) NOT NULL,
  `PREVIOUS_ID` decimal(18,0) NOT NULL,
  PRIMARY KEY (`ID`,`PREVIOUS_ID`)
) ENGINE=InnoDB DEFAULT CHARSET=utf8mb4 COLLATE=utf8mb4_bin;
/*!40101 SET character_set_client = @saved_cs_client */;

--
-- Dumping data for table `OS_CURRENTSTEP_PREV`
--

LOCK TABLES `OS_CURRENTSTEP_PREV` WRITE;
/*!40000 ALTER TABLE `OS_CURRENTSTEP_PREV` DISABLE KEYS */;
INSERT INTO `OS_CURRENTSTEP_PREV` VALUES (10007,10002),(10008,10007),(10011,10010),(10014,10003),(10015,10009),(10016,10005),(10019,10018);
/*!40000 ALTER TABLE `OS_CURRENTSTEP_PREV` ENABLE KEYS */;
UNLOCK TABLES;

--
-- Table structure for table `OS_HISTORYSTEP`
--

DROP TABLE IF EXISTS `OS_HISTORYSTEP`;
/*!40101 SET @saved_cs_client     = @@character_set_client */;
/*!40101 SET character_set_client = utf8 */;
CREATE TABLE `OS_HISTORYSTEP` (
  `ID` decimal(18,0) NOT NULL,
  `ENTRY_ID` decimal(18,0) DEFAULT NULL,
  `STEP_ID` decimal(9,0) DEFAULT NULL,
  `ACTION_ID` decimal(9,0) DEFAULT NULL,
  `OWNER` varchar(255) COLLATE utf8mb4_bin DEFAULT NULL,
  `START_DATE` datetime DEFAULT NULL,
  `DUE_DATE` datetime DEFAULT NULL,
  `FINISH_DATE` datetime DEFAULT NULL,
  `STATUS` varchar(60) COLLATE utf8mb4_bin DEFAULT NULL,
  `CALLER` varchar(255) COLLATE utf8mb4_bin DEFAULT NULL,
  PRIMARY KEY (`ID`),
  KEY `historystep_entryid` (`ENTRY_ID`)
) ENGINE=InnoDB DEFAULT CHARSET=utf8mb4 COLLATE=utf8mb4_bin;
/*!40101 SET character_set_client = @saved_cs_client */;

--
-- Dumping data for table `OS_HISTORYSTEP`
--

LOCK TABLES `OS_HISTORYSTEP` WRITE;
/*!40000 ALTER TABLE `OS_HISTORYSTEP` DISABLE KEYS */;
INSERT INTO `OS_HISTORYSTEP` VALUES (10002,10002,1,21,'','2022-09-02 08:04:24',NULL,'2022-09-08 01:05:58','Not Done','JIRAUSER10000'),(10003,10003,1,31,'','2022-09-02 08:05:22',NULL,'2022-09-09 07:59:27','Not Done','JIRAUSER10000'),(10005,10005,1,31,'','2022-09-06 05:56:56',NULL,'2022-09-13 08:34:08','Not Done','JIRAUSER10000'),(10007,10002,6,21,'','2022-09-08 01:05:58',NULL,'2022-09-08 01:06:00','Not Done','JIRAUSER10000'),(10009,10007,1,21,'','2022-09-08 08:01:16',NULL,'2022-09-13 08:33:06','Not Done','JIRAUSER10000'),(10010,10008,1,31,'','2022-09-09 02:26:37',NULL,'2022-09-09 02:26:43','Not Done','JIRAUSER10000'),(10018,10012,1,21,'','2022-09-14 03:05:50',NULL,'2022-09-14 03:05:59','Not Done','JIRAUSER10000');
/*!40000 ALTER TABLE `OS_HISTORYSTEP` ENABLE KEYS */;
UNLOCK TABLES;

--
-- Table structure for table `OS_HISTORYSTEP_PREV`
--

DROP TABLE IF EXISTS `OS_HISTORYSTEP_PREV`;
/*!40101 SET @saved_cs_client     = @@character_set_client */;
/*!40101 SET character_set_client = utf8 */;
CREATE TABLE `OS_HISTORYSTEP_PREV` (
  `ID` decimal(18,0) NOT NULL,
  `PREVIOUS_ID` decimal(18,0) NOT NULL,
  PRIMARY KEY (`ID`,`PREVIOUS_ID`)
) ENGINE=InnoDB DEFAULT CHARSET=utf8mb4 COLLATE=utf8mb4_bin;
/*!40101 SET character_set_client = @saved_cs_client */;

--
-- Dumping data for table `OS_HISTORYSTEP_PREV`
--

LOCK TABLES `OS_HISTORYSTEP_PREV` WRITE;
/*!40000 ALTER TABLE `OS_HISTORYSTEP_PREV` DISABLE KEYS */;
INSERT INTO `OS_HISTORYSTEP_PREV` VALUES (10007,10002);
/*!40000 ALTER TABLE `OS_HISTORYSTEP_PREV` ENABLE KEYS */;
UNLOCK TABLES;

--
-- Table structure for table `OS_WFENTRY`
--

DROP TABLE IF EXISTS `OS_WFENTRY`;
/*!40101 SET @saved_cs_client     = @@character_set_client */;
/*!40101 SET character_set_client = utf8 */;
CREATE TABLE `OS_WFENTRY` (
  `ID` decimal(18,0) NOT NULL,
  `NAME` varchar(255) COLLATE utf8mb4_bin DEFAULT NULL,
  `INITIALIZED` decimal(9,0) DEFAULT NULL,
  `STATE` decimal(9,0) DEFAULT NULL,
  PRIMARY KEY (`ID`)
) ENGINE=InnoDB DEFAULT CHARSET=utf8mb4 COLLATE=utf8mb4_bin;
/*!40101 SET character_set_client = @saved_cs_client */;

--
-- Dumping data for table `OS_WFENTRY`
--

LOCK TABLES `OS_WFENTRY` WRITE;
/*!40000 ALTER TABLE `OS_WFENTRY` DISABLE KEYS */;
INSERT INTO `OS_WFENTRY` VALUES (10000,'Software Simplified Workflow for Project DDRFLAS',NULL,1),(10001,'Software Simplified Workflow for Project CPUT',NULL,1),(10002,'Software Simplified Workflow for Project CPUT',NULL,1),(10003,'Software Simplified Workflow for Project CPUT',NULL,1),(10004,'Software Simplified Workflow for Project CPUT',NULL,1),(10005,'Software Simplified Workflow for Project DDRFLAS',NULL,1),(10006,'Software Simplified Workflow for Project DDRFLAS',NULL,1),(10007,'Software Simplified Workflow for Project DDRFLAS',NULL,1),(10008,'Software Simplified Workflow for Project CPUT',NULL,1),(10009,'Software Simplified Workflow for Project CPUT',NULL,1),(10010,'Software Simplified Workflow for Project CPUT',NULL,1),(10011,'Software Simplified Workflow for Project CPUT',NULL,1),(10012,'Software Simplified Workflow for Project DDRFLAS',NULL,1),(10013,'Software Simplified Workflow for Project DDRFLAS',NULL,1);
/*!40000 ALTER TABLE `OS_WFENTRY` ENABLE KEYS */;
UNLOCK TABLES;

--
-- Table structure for table `SEQUENCE_VALUE_ITEM`
--

DROP TABLE IF EXISTS `SEQUENCE_VALUE_ITEM`;
/*!40101 SET @saved_cs_client     = @@character_set_client */;
/*!40101 SET character_set_client = utf8 */;
CREATE TABLE `SEQUENCE_VALUE_ITEM` (
  `SEQ_NAME` varchar(60) COLLATE utf8mb4_bin NOT NULL,
  `SEQ_ID` decimal(18,0) DEFAULT NULL,
  PRIMARY KEY (`SEQ_NAME`)
) ENGINE=InnoDB DEFAULT CHARSET=utf8mb4 COLLATE=utf8mb4_bin;
/*!40101 SET character_set_client = @saved_cs_client */;

--
-- Dumping data for table `SEQUENCE_VALUE_ITEM`
--

LOCK TABLES `SEQUENCE_VALUE_ITEM` WRITE;
/*!40000 ALTER TABLE `SEQUENCE_VALUE_ITEM` DISABLE KEYS */;
INSERT INTO `SEQUENCE_VALUE_ITEM` VALUES ('Action',10100),('ApplicationUser',10200),('Avatar',10600),('ChangeGroup',10100),('ChangeItem',10100),('ClusteredJob',10300),('ColumnLayout',10100),('ColumnLayoutItem',10100),('ConfigurationContext',10300),('CustomField',10200),('CustomFieldOption',10100),('EntityProperty',10100),('EntityPropertyIndexDocument',10100),('EventType',10000),('Feature',10200),('FieldConfigScheme',10300),('FieldConfigSchemeIssueType',10400),('FieldConfiguration',10300),('FieldLayout',10100),('FieldLayoutItem',10200),('FieldScreen',10100),('FieldScreenLayoutItem',10300),('FieldScreenScheme',10100),('FieldScreenSchemeItem',10200),('FieldScreenTab',10200),('FileAttachment',10100),('GadgetUserPreference',10100),('GenericConfiguration',10200),('GlobalPermissionEntry',10200),('Group',10110),('Issue',10100),('IssueLink',10100),('IssueLinkType',10300),('IssueType',10100),('IssueTypeScreenScheme',10100),('IssueTypeScreenSchemeEntity',10200),('LicenseRoleDefault',10100),('LicenseRoleGroup',10100),('ListenerConfig',10300),('ManagedConfigurationItem',10200),('Membership',10200),('Notification',10300),('NotificationScheme',10100),('OAuthConsumer',10100),('OSCurrentStep',10100),('OSPropertyEntry',10500),('OSWorkflowEntry',10100),('OptionConfiguration',10400),('PermissionScheme',10100),('PluginVersion',10300),('PortalPage',10100),('PortletConfiguration',10100),('Priority',10000),('ProductLicense',10100),('Project',10100),('ProjectKey',10100),('ProjectRole',10100),('ProjectRoleActor',10200),('ReindexComponent',10200),('ReindexRequest',10100),('RememberMeToken',10100),('Resolution',10100),('RunDetails',219000),('SchemePermissions',10500),('SearchRequest',10100),('ServiceConfig',10200),('SharePermissions',10200),('Status',10100),('TaskIdSequence',10100),('UpgradeHistory',10200),('UpgradeTaskHistory',10100),('UpgradeTaskHistoryAuditLog',10100),('UpgradeVersionHistory',10100),('User',10200),('UserAttribute',10200),('UserHistoryItem',10100),('Workflow',10200),('WorkflowScheme',10200),('WorkflowSchemeEntity',10200);
/*!40000 ALTER TABLE `SEQUENCE_VALUE_ITEM` ENABLE KEYS */;
UNLOCK TABLES;

--
-- Table structure for table `app_user`
--

DROP TABLE IF EXISTS `app_user`;
/*!40101 SET @saved_cs_client     = @@character_set_client */;
/*!40101 SET character_set_client = utf8 */;
CREATE TABLE `app_user` (
  `ID` decimal(18,0) NOT NULL,
  `user_key` varchar(255) COLLATE utf8mb4_bin DEFAULT NULL,
  `lower_user_name` varchar(255) COLLATE utf8mb4_bin DEFAULT NULL,
  PRIMARY KEY (`ID`),
  UNIQUE KEY `uk_user_key` (`user_key`),
  UNIQUE KEY `uk_lower_user_name` (`lower_user_name`)
) ENGINE=InnoDB DEFAULT CHARSET=utf8mb4 COLLATE=utf8mb4_bin;
/*!40101 SET character_set_client = @saved_cs_client */;

--
-- Dumping data for table `app_user`
--

LOCK TABLES `app_user` WRITE;
/*!40000 ALTER TABLE `app_user` DISABLE KEYS */;
INSERT INTO `app_user` VALUES (10000,'JIRAUSER10000','kmsjira'),(10100,'JIRAUSER10100','zhongxinbo');
/*!40000 ALTER TABLE `app_user` ENABLE KEYS */;
UNLOCK TABLES;

--
-- Table structure for table `audit_changed_value`
--

DROP TABLE IF EXISTS `audit_changed_value`;
/*!40101 SET @saved_cs_client     = @@character_set_client */;
/*!40101 SET character_set_client = utf8 */;
CREATE TABLE `audit_changed_value` (
  `ID` decimal(18,0) NOT NULL,
  `LOG_ID` decimal(18,0) DEFAULT NULL,
  `NAME` varchar(255) COLLATE utf8mb4_bin DEFAULT NULL,
  `DELTA_FROM` longtext COLLATE utf8mb4_bin,
  `DELTA_TO` longtext COLLATE utf8mb4_bin,
  PRIMARY KEY (`ID`),
  KEY `idx_changed_value_log_id` (`LOG_ID`)
) ENGINE=InnoDB DEFAULT CHARSET=utf8mb4 COLLATE=utf8mb4_bin;
/*!40101 SET character_set_client = @saved_cs_client */;

--
-- Dumping data for table `audit_changed_value`
--

LOCK TABLES `audit_changed_value` WRITE;
/*!40000 ALTER TABLE `audit_changed_value` DISABLE KEYS */;
/*!40000 ALTER TABLE `audit_changed_value` ENABLE KEYS */;
UNLOCK TABLES;

--
-- Table structure for table `audit_item`
--

DROP TABLE IF EXISTS `audit_item`;
/*!40101 SET @saved_cs_client     = @@character_set_client */;
/*!40101 SET character_set_client = utf8 */;
CREATE TABLE `audit_item` (
  `ID` decimal(18,0) NOT NULL,
  `LOG_ID` decimal(18,0) DEFAULT NULL,
  `OBJECT_TYPE` varchar(60) COLLATE utf8mb4_bin DEFAULT NULL,
  `OBJECT_ID` varchar(255) COLLATE utf8mb4_bin DEFAULT NULL,
  `OBJECT_NAME` varchar(255) COLLATE utf8mb4_bin DEFAULT NULL,
  `OBJECT_PARENT_ID` varchar(255) COLLATE utf8mb4_bin DEFAULT NULL,
  `OBJECT_PARENT_NAME` varchar(255) COLLATE utf8mb4_bin DEFAULT NULL,
  PRIMARY KEY (`ID`),
  KEY `idx_audit_item_log_id2` (`LOG_ID`)
) ENGINE=InnoDB DEFAULT CHARSET=utf8mb4 COLLATE=utf8mb4_bin;
/*!40101 SET character_set_client = @saved_cs_client */;

--
-- Dumping data for table `audit_item`
--

LOCK TABLES `audit_item` WRITE;
/*!40000 ALTER TABLE `audit_item` DISABLE KEYS */;
/*!40000 ALTER TABLE `audit_item` ENABLE KEYS */;
UNLOCK TABLES;

--
-- Table structure for table `audit_log`
--

DROP TABLE IF EXISTS `audit_log`;
/*!40101 SET @saved_cs_client     = @@character_set_client */;
/*!40101 SET character_set_client = utf8 */;
CREATE TABLE `audit_log` (
  `ID` decimal(18,0) NOT NULL,
  `REMOTE_ADDRESS` varchar(60) COLLATE utf8mb4_bin DEFAULT NULL,
  `CREATED` datetime DEFAULT NULL,
  `AUTHOR_KEY` varchar(255) COLLATE utf8mb4_bin DEFAULT NULL,
  `SUMMARY` varchar(255) COLLATE utf8mb4_bin DEFAULT NULL,
  `CATEGORY` varchar(255) COLLATE utf8mb4_bin DEFAULT NULL,
  `OBJECT_TYPE` varchar(60) COLLATE utf8mb4_bin DEFAULT NULL,
  `OBJECT_ID` varchar(255) COLLATE utf8mb4_bin DEFAULT NULL,
  `OBJECT_NAME` varchar(255) COLLATE utf8mb4_bin DEFAULT NULL,
  `OBJECT_PARENT_ID` varchar(255) COLLATE utf8mb4_bin DEFAULT NULL,
  `OBJECT_PARENT_NAME` varchar(255) COLLATE utf8mb4_bin DEFAULT NULL,
  `AUTHOR_TYPE` decimal(9,0) DEFAULT NULL,
  `EVENT_SOURCE_NAME` varchar(255) COLLATE utf8mb4_bin DEFAULT NULL,
  `DESCRIPTION` varchar(255) COLLATE utf8mb4_bin DEFAULT NULL,
  `LONG_DESCRIPTION` longtext COLLATE utf8mb4_bin,
  `SEARCH_FIELD` longtext COLLATE utf8mb4_bin,
  PRIMARY KEY (`ID`),
  KEY `idx_audit_log_created` (`CREATED`)
) ENGINE=InnoDB DEFAULT CHARSET=utf8mb4 COLLATE=utf8mb4_bin;
/*!40101 SET character_set_client = @saved_cs_client */;

--
-- Dumping data for table `audit_log`
--

LOCK TABLES `audit_log` WRITE;
/*!40000 ALTER TABLE `audit_log` DISABLE KEYS */;
/*!40000 ALTER TABLE `audit_log` ENABLE KEYS */;
UNLOCK TABLES;

--
-- Table structure for table `avatar`
--

DROP TABLE IF EXISTS `avatar`;
/*!40101 SET @saved_cs_client     = @@character_set_client */;
/*!40101 SET character_set_client = utf8 */;
CREATE TABLE `avatar` (
  `ID` decimal(18,0) NOT NULL,
  `filename` varchar(255) COLLATE utf8mb4_bin DEFAULT NULL,
  `contenttype` varchar(255) COLLATE utf8mb4_bin DEFAULT NULL,
  `avatartype` varchar(60) COLLATE utf8mb4_bin DEFAULT NULL,
  `owner` varchar(255) COLLATE utf8mb4_bin DEFAULT NULL,
  `systemavatar` decimal(9,0) DEFAULT NULL,
  PRIMARY KEY (`ID`),
  KEY `avatar_index` (`avatartype`,`owner`),
  KEY `avatar_filename_index` (`filename`,`avatartype`,`systemavatar`)
) ENGINE=InnoDB DEFAULT CHARSET=utf8mb4 COLLATE=utf8mb4_bin;
/*!40101 SET character_set_client = @saved_cs_client */;

--
-- Dumping data for table `avatar`
--

LOCK TABLES `avatar` WRITE;
/*!40000 ALTER TABLE `avatar` DISABLE KEYS */;
INSERT INTO `avatar` VALUES (10000,'codegeist.png','image/png','project',NULL,1),(10001,'bird.svg','image/svg+xml','project',NULL,1),(10002,'jm_black.png','image/png','project',NULL,1),(10003,'jm_brown.png','image/png','project',NULL,1),(10004,'jm_orange.png','image/png','project',NULL,1),(10005,'jm_red.png','image/png','project',NULL,1),(10006,'jm_white.png','image/png','project',NULL,1),(10007,'jm_yellow.png','image/png','project',NULL,1),(10008,'monster.png','image/png','project',NULL,1),(10009,'nature.svg','image/svg+xml','project',NULL,1),(10010,'koala.svg','image/svg+xml','project',NULL,1),(10011,'rocket.svg','image/svg+xml','project',NULL,1),(10100,'Avatar-1.png','image/png','user',NULL,1),(10101,'Avatar-2.png','image/png','user',NULL,1),(10102,'Avatar-3.png','image/png','user',NULL,1),(10103,'Avatar-4.png','image/png','user',NULL,1),(10104,'Avatar-5.png','image/png','user',NULL,1),(10105,'Avatar-6.png','image/png','user',NULL,1),(10106,'Avatar-7.png','image/png','user',NULL,1),(10107,'Avatar-8.png','image/png','user',NULL,1),(10108,'Avatar-9.png','image/png','user',NULL,1),(10109,'Avatar-10.png','image/png','user',NULL,1),(10110,'Avatar-11.png','image/png','user',NULL,1),(10111,'Avatar-12.png','image/png','user',NULL,1),(10112,'Avatar-13.png','image/png','user',NULL,1),(10113,'Avatar-14.png','image/png','user',NULL,1),(10114,'Avatar-15.png','image/png','user',NULL,1),(10115,'Avatar-16.png','image/png','user',NULL,1),(10116,'Avatar-17.png','image/png','user',NULL,1),(10117,'Avatar-18.png','image/png','user',NULL,1),(10118,'Avatar-19.png','image/png','user',NULL,1),(10119,'Avatar-20.png','image/png','user',NULL,1),(10120,'Avatar-21.png','image/png','user',NULL,1),(10121,'Avatar-22.png','image/png','user',NULL,1),(10122,'Avatar-default.svg','image/svg+xml','user',NULL,1),(10123,'Avatar-unknown.png','image/png','user',NULL,1),(10200,'cloud.svg','image/svg+xml','project',NULL,1),(10201,'spanner.svg','image/svg+xml','project',NULL,1),(10202,'cd.svg','image/svg+xml','project',NULL,1),(10203,'money.svg','image/svg+xml','project',NULL,1),(10204,'mouse-hand.svg','image/svg+xml','project',NULL,1),(10205,'yeti.svg','image/svg+xml','project',NULL,1),(10206,'power.svg','image/svg+xml','project',NULL,1),(10207,'refresh.svg','image/svg+xml','project',NULL,1),(10208,'phone.svg','image/svg+xml','project',NULL,1),(10209,'settings.svg','image/svg+xml','project',NULL,1),(10210,'storm.svg','image/svg+xml','project',NULL,1),(10211,'plane.svg','image/svg+xml','project',NULL,1),(10300,'genericissue.svg','image/svg+xml','issuetype',NULL,1),(10303,'bug.svg','image/svg+xml','issuetype',NULL,1),(10304,'defect.svg','image/svg+xml','issuetype',NULL,1),(10306,'documentation.svg','image/svg+xml','issuetype',NULL,1),(10307,'epic.svg','image/svg+xml','issuetype',NULL,1),(10308,'exclamation.svg','image/svg+xml','issuetype',NULL,1),(10309,'design_task.svg','image/svg+xml','issuetype',NULL,1),(10310,'improvement.svg','image/svg+xml','issuetype',NULL,1),(10311,'newfeature.svg','image/svg+xml','issuetype',NULL,1),(10312,'remove_feature.svg','image/svg+xml','issuetype',NULL,1),(10313,'requirement.svg','image/svg+xml','issuetype',NULL,1),(10314,'sales.svg','image/svg+xml','issuetype',NULL,1),(10315,'story.svg','image/svg+xml','issuetype',NULL,1),(10316,'subtask.svg','image/svg+xml','issuetype',NULL,1),(10318,'task.svg','image/svg+xml','issuetype',NULL,1),(10320,'question.svg','image/svg+xml','issuetype',NULL,1),(10321,'development_task.svg','image/svg+xml','issuetype',NULL,1),(10322,'feedback.svg','image/svg+xml','issuetype',NULL,1),(10323,'request_access.svg','image/svg+xml','issuetype',NULL,1),(10324,'default.svg','image/svg+xml','project',NULL,1),(10325,'code.svg','image/svg+xml','project',NULL,1),(10326,'coffee.svg','image/svg+xml','project',NULL,1),(10327,'design.svg','image/svg+xml','project',NULL,1),(10328,'drill.svg','image/svg+xml','project',NULL,1),(10329,'food.svg','image/svg+xml','project',NULL,1),(10330,'notes.svg','image/svg+xml','project',NULL,1),(10331,'red-flag.svg','image/svg+xml','project',NULL,1),(10332,'science.svg','image/svg+xml','project',NULL,1),(10333,'support.svg','image/svg+xml','project',NULL,1),(10334,'bull.svg','image/svg+xml','user',NULL,1),(10335,'cat.svg','image/svg+xml','user',NULL,1),(10336,'dog.svg','image/svg+xml','user',NULL,1),(10337,'female_1.svg','image/svg+xml','user',NULL,1),(10338,'female_2.svg','image/svg+xml','user',NULL,1),(10339,'female_3.svg','image/svg+xml','user',NULL,1),(10340,'female_4.svg','image/svg+xml','user',NULL,1),(10341,'ghost.svg','image/svg+xml','user',NULL,1),(10342,'male_1.svg','image/svg+xml','user',NULL,1),(10343,'male_2.svg','image/svg+xml','user',NULL,1),(10344,'male_3.svg','image/svg+xml','user',NULL,1),(10345,'male_4.svg','image/svg+xml','user',NULL,1),(10346,'male_5.svg','image/svg+xml','user',NULL,1),(10347,'male_6.svg','image/svg+xml','user',NULL,1),(10348,'male_8.svg','image/svg+xml','user',NULL,1),(10349,'owl.svg','image/svg+xml','user',NULL,1),(10350,'pirate.svg','image/svg+xml','user',NULL,1),(10351,'robot.svg','image/svg+xml','user',NULL,1),(10352,'vampire.svg','image/svg+xml','user',NULL,1),(10500,'female_5.svg','image/svg+xml','user',NULL,1),(10501,'female_6.svg','image/svg+xml','user',NULL,1),(10502,'female_7.svg','image/svg+xml','user',NULL,1),(10503,'female_8.svg','image/svg+xml','user',NULL,1),(10504,'female_9.svg','image/svg+xml','user',NULL,1),(10505,'male_7.svg','image/svg+xml','user',NULL,1),(10506,'male_9.svg','image/svg+xml','user',NULL,1),(10507,'pirate_female.svg','image/svg+xml','user',NULL,1),(10508,'princess.svg','image/svg+xml','user',NULL,1),(10509,'spectrum.svg','image/svg+xml','project',NULL,1);
/*!40000 ALTER TABLE `avatar` ENABLE KEYS */;
UNLOCK TABLES;

--
-- Table structure for table `board`
--

DROP TABLE IF EXISTS `board`;
/*!40101 SET @saved_cs_client     = @@character_set_client */;
/*!40101 SET character_set_client = utf8 */;
CREATE TABLE `board` (
  `ID` decimal(18,0) NOT NULL,
  `JQL` longtext COLLATE utf8mb4_bin,
  PRIMARY KEY (`ID`)
) ENGINE=InnoDB DEFAULT CHARSET=utf8mb4 COLLATE=utf8mb4_bin;
/*!40101 SET character_set_client = @saved_cs_client */;

--
-- Dumping data for table `board`
--

LOCK TABLES `board` WRITE;
/*!40000 ALTER TABLE `board` DISABLE KEYS */;
/*!40000 ALTER TABLE `board` ENABLE KEYS */;
UNLOCK TABLES;

--
-- Table structure for table `boardproject`
--

DROP TABLE IF EXISTS `boardproject`;
/*!40101 SET @saved_cs_client     = @@character_set_client */;
/*!40101 SET character_set_client = utf8 */;
CREATE TABLE `boardproject` (
  `BOARD_ID` decimal(18,0) NOT NULL,
  `PROJECT_ID` decimal(18,0) NOT NULL,
  PRIMARY KEY (`BOARD_ID`,`PROJECT_ID`),
  KEY `idx_board_project_ids` (`PROJECT_ID`),
  KEY `idx_board_board_ids` (`BOARD_ID`)
) ENGINE=InnoDB DEFAULT CHARSET=utf8mb4 COLLATE=utf8mb4_bin;
/*!40101 SET character_set_client = @saved_cs_client */;

--
-- Dumping data for table `boardproject`
--

LOCK TABLES `boardproject` WRITE;
/*!40000 ALTER TABLE `boardproject` DISABLE KEYS */;
/*!40000 ALTER TABLE `boardproject` ENABLE KEYS */;
UNLOCK TABLES;

--
-- Table structure for table `changegroup`
--

DROP TABLE IF EXISTS `changegroup`;
/*!40101 SET @saved_cs_client     = @@character_set_client */;
/*!40101 SET character_set_client = utf8 */;
CREATE TABLE `changegroup` (
  `ID` decimal(18,0) NOT NULL,
  `issueid` decimal(18,0) DEFAULT NULL,
  `AUTHOR` varchar(255) COLLATE utf8mb4_bin DEFAULT NULL,
  `CREATED` datetime DEFAULT NULL,
  PRIMARY KEY (`ID`),
  KEY `chggroup_author_created` (`AUTHOR`,`CREATED`),
  KEY `chggroup_issue_id` (`issueid`,`ID`)
) ENGINE=InnoDB DEFAULT CHARSET=utf8mb4 COLLATE=utf8mb4_bin;
/*!40101 SET character_set_client = @saved_cs_client */;

--
-- Dumping data for table `changegroup`
--

LOCK TABLES `changegroup` WRITE;
/*!40000 ALTER TABLE `changegroup` DISABLE KEYS */;
INSERT INTO `changegroup` VALUES (10000,10000,'JIRAUSER10000','2022-08-30 02:41:33'),(10001,10000,'JIRAUSER10000','2022-08-30 02:42:01'),(10002,10000,'JIRAUSER10000','2022-08-30 02:42:10'),(10003,10000,'JIRAUSER10000','2022-08-30 03:07:34'),(10004,10000,'JIRAUSER10000','2022-08-30 03:07:35'),(10005,10000,'JIRAUSER10000','2022-08-30 10:04:52'),(10006,10001,'JIRAUSER10000','2022-09-02 08:03:35'),(10007,10003,'JIRAUSER10000','2022-09-06 05:55:27'),(10008,10006,'JIRAUSER10000','2022-09-06 05:58:35'),(10009,10006,'JIRAUSER10000','2022-09-06 05:59:06'),(10010,10000,'JIRAUSER10000','2022-09-07 01:07:12'),(10011,10005,'JIRAUSER10000','2022-09-07 01:11:45'),(10012,10005,'JIRAUSER10000','2022-09-07 01:11:45'),(10013,10005,'JIRAUSER10000','2022-09-07 01:13:43'),(10014,10002,'JIRAUSER10000','2022-09-08 01:05:58'),(10015,10002,'JIRAUSER10000','2022-09-08 01:06:00'),(10016,10002,'JIRAUSER10000','2022-09-08 01:17:30'),(10017,10008,'JIRAUSER10000','2022-09-09 02:26:41'),(10018,10008,'JIRAUSER10000','2022-09-09 02:26:43'),(10019,10007,'JIRAUSER10000','2022-09-09 02:27:13'),(10020,10003,'JIRAUSER10000','2022-09-09 07:59:28'),(10021,10003,'JIRAUSER10000','2022-09-09 07:59:39'),(10022,10007,'JIRAUSER10000','2022-09-13 08:33:06'),(10023,10005,'JIRAUSER10000','2022-09-13 08:34:08'),(10024,10012,'JIRAUSER10000','2022-09-14 03:05:57'),(10025,10012,'JIRAUSER10000','2022-09-14 03:05:59'),(10026,10013,'JIRAUSER10000','2022-09-14 05:58:42'),(10027,10013,'JIRAUSER10000','2022-09-14 05:59:30');
/*!40000 ALTER TABLE `changegroup` ENABLE KEYS */;
UNLOCK TABLES;

--
-- Table structure for table `changeitem`
--

DROP TABLE IF EXISTS `changeitem`;
/*!40101 SET @saved_cs_client     = @@character_set_client */;
/*!40101 SET character_set_client = utf8 */;
CREATE TABLE `changeitem` (
  `ID` decimal(18,0) NOT NULL,
  `groupid` decimal(18,0) DEFAULT NULL,
  `FIELDTYPE` varchar(255) COLLATE utf8mb4_bin DEFAULT NULL,
  `FIELD` varchar(255) COLLATE utf8mb4_bin DEFAULT NULL,
  `OLDVALUE` longtext COLLATE utf8mb4_bin,
  `OLDSTRING` longtext COLLATE utf8mb4_bin,
  `NEWVALUE` longtext COLLATE utf8mb4_bin,
  `NEWSTRING` longtext COLLATE utf8mb4_bin,
  PRIMARY KEY (`ID`),
  KEY `chgitem_group_field` (`groupid`,`FIELD`)
) ENGINE=InnoDB DEFAULT CHARSET=utf8mb4 COLLATE=utf8mb4_bin;
/*!40101 SET character_set_client = @saved_cs_client */;

--
-- Dumping data for table `changeitem`
--

LOCK TABLES `changeitem` WRITE;
/*!40000 ALTER TABLE `changeitem` DISABLE KEYS */;
INSERT INTO `changeitem` VALUES (10000,10000,'jira','description',NULL,NULL,NULL,'100K料，做了2K整机。\r\n\r\n '),(10001,10001,'jira','description',NULL,'100K料，做了2K整机。\r\n\r\n ',NULL,'100K料，做了2K整机。\r\n\r\n 更换emmc后再次刷机故障相同，更换LPDDR故障消失'),(10002,10002,'jira','assignee',NULL,NULL,'JIRAUSER10000','kmsjira'),(10003,10003,'jira','Attachment',NULL,NULL,'10000','微信图片_20220830110636.jpg'),(10004,10004,'jira','description',NULL,'100K料，做了2K整机。\r\n\r\n 更换emmc后再次刷机故障相同，更换LPDDR故障消失',NULL,'!微信图片_20220830110636.jpg! 100K料，做了2K整机。\r\n\r\n 更换emmc后再次刷机故障相同，更换LPDDR故障消失'),(10005,10005,'jira','description',NULL,'!微信图片_20220830110636.jpg! 100K料，做了2K整机。\r\n\r\n 更换emmc后再次刷机故障相同，更换LPDDR故障消失',NULL,'!微信图片_20220830110636.jpg!\r\n\r\n100K料，做了2K整机。\r\n\r\n 更换emmc后再次刷机故障相同，更换LPDDR故障消失'),(10006,10006,'jira','assignee',NULL,NULL,'JIRAUSER10000','kmsjira'),(10007,10007,'jira','description',NULL,NULL,NULL,'1： 对比其它型号的夹具，及手机，看看是放大器问题，还是主板问题。 距离要这么近。'),(10008,10008,'jira','Attachment',NULL,NULL,'10001','EL4BXBBBB1-XOMR 批4800良率报表(1)(2)(1)(2).xlsx'),(10009,10009,'jira','description',NULL,NULL,NULL,'[^EL4BXBBBB1-XOMR 批4800良率报表(1)(2)(1)(2).xlsx]\r\n\r\n新物料每次测试仍是有失效的问题'),(10010,10010,'jira','description',NULL,'!微信图片_20220830110636.jpg!\r\n\r\n100K料，做了2K整机。\r\n\r\n 更换emmc后再次刷机故障相同，更换LPDDR故障消失',NULL,'!微信图片_20220830110636.jpg!\r\n\r\n100K料，做了2K整机。\r\n\r\n 更换emmc后再次刷机故障相同，更换LPDDR故障消失\r\n\r\n每次老化后都会有新的失效的DDR。DDR取下来验证，都是会不开始或者测试坏。'),(10011,10011,'jira','description',NULL,NULL,NULL,'[^Keymos_DA 16Gb LPDDR4x Issue Failure Report for Xiaowa(3).pptx]'),(10012,10012,'jira','Attachment',NULL,NULL,'10002','Keymos_DA 16Gb LPDDR4x Issue Failure Report for Xiaowa(3).pptx'),(10013,10013,'jira','Attachment',NULL,NULL,'10003','test_method.jpg'),(10014,10014,'jira','status','10000','To Do','3','In Progress'),(10015,10015,'jira','status','3','In Progress','3','In Progress'),(10016,10016,'jira','assignee',NULL,NULL,'JIRAUSER10000','kmsjira'),(10017,10017,'jira','assignee',NULL,NULL,'JIRAUSER10000','kmsjira'),(10018,10018,'jira','resolution',NULL,NULL,'10000','Done'),(10019,10018,'jira','status','10000','To Do','10001','Done'),(10020,10019,'jira','assignee',NULL,NULL,'JIRAUSER10000','kmsjira'),(10021,10020,'jira','resolution',NULL,NULL,'10000','Done'),(10022,10020,'jira','status','10000','To Do','10001','Done'),(10023,10021,'jira','assignee',NULL,NULL,'JIRAUSER10000','kmsjira'),(10024,10022,'jira','status','10000','To Do','3','In Progress'),(10025,10023,'jira','resolution',NULL,NULL,'10000','Done'),(10026,10023,'jira','status','10000','To Do','10001','Done'),(10027,10024,'jira','assignee',NULL,NULL,'JIRAUSER10000','kmsjira'),(10028,10025,'jira','status','10000','To Do','3','In Progress'),(10029,10026,'jira','assignee',NULL,NULL,'JIRAUSER10000','kmsjira'),(10030,10027,'jira','description',NULL,NULL,NULL,'安装TOP300 + MONKEY 3天+androbench + 填充剩余15G左右 + 启动测试 + androbench');
/*!40000 ALTER TABLE `changeitem` ENABLE KEYS */;
UNLOCK TABLES;

--
-- Table structure for table `clusteredjob`
--

DROP TABLE IF EXISTS `clusteredjob`;
/*!40101 SET @saved_cs_client     = @@character_set_client */;
/*!40101 SET character_set_client = utf8 */;
CREATE TABLE `clusteredjob` (
  `ID` decimal(18,0) NOT NULL,
  `JOB_ID` varchar(255) COLLATE utf8mb4_bin DEFAULT NULL,
  `JOB_RUNNER_KEY` varchar(255) COLLATE utf8mb4_bin DEFAULT NULL,
  `SCHED_TYPE` char(1) COLLATE utf8mb4_bin DEFAULT NULL,
  `INTERVAL_MILLIS` decimal(18,0) DEFAULT NULL,
  `FIRST_RUN` decimal(18,0) DEFAULT NULL,
  `CRON_EXPRESSION` varchar(255) COLLATE utf8mb4_bin DEFAULT NULL,
  `TIME_ZONE` varchar(60) COLLATE utf8mb4_bin DEFAULT NULL,
  `NEXT_RUN` decimal(18,0) DEFAULT NULL,
  `VERSION` decimal(18,0) DEFAULT NULL,
  `PARAMETERS` blob,
  PRIMARY KEY (`ID`),
  UNIQUE KEY `clusteredjob_jobid_idx` (`JOB_ID`),
  KEY `clusteredjob_jrk_idx` (`JOB_RUNNER_KEY`),
  KEY `clusteredjob_nextrun_idx` (`NEXT_RUN`)
) ENGINE=InnoDB DEFAULT CHARSET=utf8mb4 COLLATE=utf8mb4_bin;
/*!40101 SET character_set_client = @saved_cs_client */;

--
-- Dumping data for table `clusteredjob`
--

LOCK TABLES `clusteredjob` WRITE;
/*!40000 ALTER TABLE `clusteredjob` DISABLE KEYS */;
INSERT INTO `clusteredjob` VALUES (10012,'com.atlassian.jira.service.JiraService:10002','com.atlassian.jira.service.DefaultServiceManager','C',NULL,NULL,'0 0 0 * * ?',NULL,1663286400000,17,_binary '�\�\0sr\07com.google.common.collect.ImmutableBiMap$SerializedForm\0\0\0\0\0\0\0\0\0\0xr\05com.google.common.collect.ImmutableMap$SerializedForm\0\0\0\0\0\0\0\0\0[\0keyst\0[Ljava/lang/Object;[\0valuesq\0~\0xpur\0[Ljava.lang.Object;�\�X�s)l\0\0xp\0\0\0t\03com.atlassian.jira.service.ServiceManager:serviceIduq\0~\0\0\0\0sr\0java.lang.Long;�\�̏#\�\0J\0valuexr\0java.lang.Number����\��\0\0xp\0\0\0\0\0\0\''),(10101,'analytics-collection','com.atlassian.plugins.authentication.impl.analytics.StatisticsCollectionService','C',NULL,NULL,'0 0 23 * * ?',NULL,1663282800000,17,NULL),(10102,'assertionId-cleanup','com.atlassian.plugins.authentication.impl.web.saml.SamlAssertionValidationService','I',3600000,1661829826694,NULL,NULL,1663205026719,383,NULL),(10103,'OidcDiscoveryRefresh','com.atlassian.plugins.authentication.impl.web.oidc.OidcDiscoveryRefreshJob-refresh','C',NULL,NULL,'0 0 1 * * ?',NULL,1663290000000,17,NULL),(10104,'data-provider-poll','com.atlassian.jira.plugin.devstatus.provider.DevSummaryUpdateJob','I',300000,1661826228066,NULL,NULL,1663203837303,4593,NULL),(10105,'data-provider-cleanup','com.atlassian.jira.plugin.devstatus.provider.DataProviderCleanupJob','I',1800000,1661826228200,NULL,NULL,1663205037190,767,NULL),(10106,'com.atlassian.audit.retention.RetentionJobRunner','com.atlassian.audit.retention.RetentionJobRunner','C',NULL,NULL,'0 0 0 1/1 * ? *',NULL,1663286400000,17,NULL),(10107,'com.atlassian.audit.schedule.db.limit.DbLimiterJobRunner','com.atlassian.audit.schedule.db.limit.DbLimiterJobRunner','I',3600000,1661829830882,NULL,NULL,1663205030882,383,NULL),(10108,'com.atlassian.diagnostics.internal.analytics.DailyAlertAnalyticsJob','DailyAlertAnalyticsJob','C',NULL,NULL,'0 19 * * * ?',NULL,1663204740000,383,NULL),(10109,'HistoryFlushJob','com.atlassian.ratelimiting.internal.history.HistoryFlushJob','I',300000,1661826535991,NULL,NULL,1663203836079,4592,NULL),(10110,'HistoryCleanupJob','com.atlassian.ratelimiting.internal.history.HistoryCleanupJob','I',86400000,1661826305994,NULL,NULL,1663208705994,17,NULL),(10111,'com.atlassian.jira.web.action.issue.DefaultTemporaryWebAttachmentsMonitor','com.atlassian.jira.web.action.issue.DefaultTemporaryWebAttachmentsMonitor','I',3600000,1661829837079,NULL,NULL,1663205037079,383,NULL),(10112,'com.atlassian.jira.service.JiraService:10001','com.atlassian.jira.service.DefaultServiceManager','C',NULL,NULL,'0 20 2/12 * * ?',NULL,1663208400000,32,_binary '�\�\0sr\07com.google.common.collect.ImmutableBiMap$SerializedForm\0\0\0\0\0\0\0\0\0\0xr\05com.google.common.collect.ImmutableMap$SerializedForm\0\0\0\0\0\0\0\0\0[\0keyst\0[Ljava/lang/Object;[\0valuesq\0~\0xpur\0[Ljava.lang.Object;�\�X�s)l\0\0xp\0\0\0t\03com.atlassian.jira.service.ServiceManager:serviceIduq\0~\0\0\0\0sr\0java.lang.Long;�\�̏#\�\0J\0valuexr\0java.lang.Number����\��\0\0xp\0\0\0\0\0\0\''),(10200,'applink-status-analytics-job','com.atlassian.applinks.analytics.ApplinkStatusJob','I',86400000,NULL,NULL,NULL,1663209009569,17,NULL),(10201,'com.atlassian.jira.plugins.dvcs.scheduler.DvcsScheduler:job','com.atlassian.jira.plugins.dvcs.scheduler.DvcsScheduler','I',3600000,1661827493214,NULL,NULL,1663206293215,384,NULL),(10202,'CompatibilityPluginScheduler.JobId.hipchatUpdateGlancesDataJob','CompatibilityPluginScheduler.JobRunnerKey.com.atlassian.jira.plugins.hipchat.service.connect.UpdateGlancesDataJobHandler','I',60000,1661826634455,NULL,NULL,1663203634497,22951,NULL),(10203,'CompatibilityPluginScheduler.JobId.hipchatInstallGlancesJob','CompatibilityPluginScheduler.JobRunnerKey.com.atlassian.jira.plugins.hipchat.service.connect.InstallGlancesJobHandler','I',3600000,1661826637663,NULL,NULL,1663205437664,384,NULL),(10204,'CompatibilityPluginScheduler.JobId.hipchatRefreshConnectionStatusJob','CompatibilityPluginScheduler.JobRunnerKey.com.atlassian.jira.plugins.hipchat.service.ping.RefreshConnectionStatusJobHandler','I',3600000,1661826627263,NULL,NULL,1663205427263,384,NULL),(10205,'Service Provider Session Remover','com.atlassian.oauth.serviceprovider.internal.ExpiredSessionRemover','I',28800000,1661855409597,NULL,NULL,1663209009597,48,NULL),(10206,'CompatibilityPluginScheduler.JobId.LEXO_RANK_SCHEDULER_JOB','CompatibilityPluginScheduler.JobRunnerKey.com.atlassian.greenhopper.service.lexorank.balance.LexoRankBalancePluginJob','I',60000,1661826612732,NULL,NULL,1663203672773,22952,NULL),(10208,'LocalPluginLicenseNotificationJob-job','LocalPluginLicenseNotificationJob-runner','I',86400000,1661826614639,NULL,NULL,1663209014640,17,NULL),(10209,'PluginRequestCheckJob-job','PluginRequestCheckJob-runner','I',3600000,1661826614640,NULL,NULL,1663205414644,384,NULL),(10210,'PluginUpdateCheckJob-job','PluginUpdateCheckJob-runner','I',86400000,1661910742366,NULL,NULL,1663206742366,16,NULL),(10211,'InstanceTopologyJob-job','InstanceTopologyJob-runner','I',86400000,1661887407835,NULL,NULL,1663269807835,17,NULL),(10212,'com.atlassian.jira.plugins.inform.events.cleanup.CleanupJobScheduler','com.atlassian.jira.plugins.inform.events.cleanup.CleanupJobScheduler','C',NULL,NULL,'0 0 0 1/1 * ? *',NULL,1663286400000,17,NULL),(10213,'com.atlassian.jira.plugins.inform.batching.cron.BatchNotificationJobSchedulerImpl','com.atlassian.jira.plugins.inform.batching.cron.BatchNotificationJobSchedulerImpl','I',300000,1661826915616,NULL,NULL,1663203915628,4591,_binary '�\�\0sr\05com.google.common.collect.ImmutableMap$SerializedForm\0\0\0\0\0\0\0\0\0[\0keyst\0[Ljava/lang/Object;[\0valuesq\0~\0xpur\0[Ljava.lang.Object;�\�X�s)l\0\0xp\0\0\0t\0eventConsumerNamet\0\rclusterLockIduq\0~\0\0\0\0t\0mailEventConsumert\0Ycom.atlassian.jira.plugins.inform.batching.cron.OncePerClusterJobRunner.mailEventConsumer'),(10214,'com.atlassian.jira.plugins.inform.batching.cron.BatchNotificationJobSchedulerImpl.mentions','com.atlassian.jira.plugins.inform.batching.cron.BatchNotificationJobSchedulerImpl','I',60000,1661826675622,NULL,NULL,1663203675783,22951,_binary '�\�\0sr\05com.google.common.collect.ImmutableMap$SerializedForm\0\0\0\0\0\0\0\0\0[\0keyst\0[Ljava/lang/Object;[\0valuesq\0~\0xpur\0[Ljava.lang.Object;�\�X�s)l\0\0xp\0\0\0t\0eventConsumerNamet\0\rclusterLockIduq\0~\0\0\0\0t\0mailMentionEventConsumert\0`com.atlassian.jira.plugins.inform.batching.cron.OncePerClusterJobRunner.mailMentionEventConsumer'),(10215,'com.atlassian.whisper.plugin.fetch.FetchJob','com.atlassian.whisper.plugin.fetch.FetchJob','I',21600000,1661830215626,NULL,NULL,1663212615630,65,NULL),(10216,'TruncateAlertsJobRunner','com.atlassian.diagnostics.internal.DefaultMonitoringService$TruncateAlertsJobRunner','I',86400000,1661913015634,NULL,NULL,1663209015634,16,NULL),(10218,'com.atlassian.jira.analytics.scheduler.AnalyticsScheduler','com.atlassian.jira.analytics.scheduler.AnalyticsScheduler','I',604800000,1661913015681,NULL,NULL,1663727415681,4,NULL),(10219,'com.atlassian.jira.plugin.ext.bamboo.service.PlanStatusUpdateJob-job','com.atlassian.jira.plugin.ext.bamboo.service.PlanStatusUpdateJob','I',60000,1661826615722,NULL,NULL,1663203676453,22952,NULL);
/*!40000 ALTER TABLE `clusteredjob` ENABLE KEYS */;
UNLOCK TABLES;

--
-- Table structure for table `clusterlockstatus`
--

DROP TABLE IF EXISTS `clusterlockstatus`;
/*!40101 SET @saved_cs_client     = @@character_set_client */;
/*!40101 SET character_set_client = utf8 */;
CREATE TABLE `clusterlockstatus` (
  `ID` decimal(18,0) NOT NULL,
  `LOCK_NAME` varchar(255) COLLATE utf8mb4_bin DEFAULT NULL,
  `LOCKED_BY_NODE` varchar(60) COLLATE utf8mb4_bin DEFAULT NULL,
  `UPDATE_TIME` decimal(18,0) DEFAULT NULL,
  PRIMARY KEY (`ID`),
  UNIQUE KEY `cluster_lock_name_idx` (`LOCK_NAME`)
) ENGINE=InnoDB DEFAULT CHARSET=utf8mb4 COLLATE=utf8mb4_bin;
/*!40101 SET character_set_client = @saved_cs_client */;

--
-- Dumping data for table `clusterlockstatus`
--

LOCK TABLES `clusterlockstatus` WRITE;
/*!40000 ALTER TABLE `clusterlockstatus` DISABLE KEYS */;
/*!40000 ALTER TABLE `clusterlockstatus` ENABLE KEYS */;
UNLOCK TABLES;

--
-- Table structure for table `clustermessage`
--

DROP TABLE IF EXISTS `clustermessage`;
/*!40101 SET @saved_cs_client     = @@character_set_client */;
/*!40101 SET character_set_client = utf8 */;
CREATE TABLE `clustermessage` (
  `ID` decimal(18,0) NOT NULL,
  `SOURCE_NODE` varchar(60) COLLATE utf8mb4_bin DEFAULT NULL,
  `DESTINATION_NODE` varchar(60) COLLATE utf8mb4_bin DEFAULT NULL,
  `CLAIMED_BY_NODE` varchar(60) COLLATE utf8mb4_bin DEFAULT NULL,
  `MESSAGE` varchar(255) COLLATE utf8mb4_bin DEFAULT NULL,
  `MESSAGE_TIME` datetime DEFAULT NULL,
  PRIMARY KEY (`ID`),
  KEY `source_destination_node_idx` (`SOURCE_NODE`,`DESTINATION_NODE`)
) ENGINE=InnoDB DEFAULT CHARSET=utf8mb4 COLLATE=utf8mb4_bin;
/*!40101 SET character_set_client = @saved_cs_client */;

--
-- Dumping data for table `clustermessage`
--

LOCK TABLES `clustermessage` WRITE;
/*!40000 ALTER TABLE `clustermessage` DISABLE KEYS */;
/*!40000 ALTER TABLE `clustermessage` ENABLE KEYS */;
UNLOCK TABLES;

--
-- Table structure for table `clusternode`
--

DROP TABLE IF EXISTS `clusternode`;
/*!40101 SET @saved_cs_client     = @@character_set_client */;
/*!40101 SET character_set_client = utf8 */;
CREATE TABLE `clusternode` (
  `NODE_ID` varchar(60) COLLATE utf8mb4_bin NOT NULL,
  `NODE_STATE` varchar(60) COLLATE utf8mb4_bin DEFAULT NULL,
  `TIMESTAMP` decimal(18,0) DEFAULT NULL,
  `IP` varchar(60) COLLATE utf8mb4_bin DEFAULT NULL,
  `CACHE_LISTENER_PORT` decimal(18,0) DEFAULT NULL,
  `NODE_BUILD_NUMBER` decimal(18,0) DEFAULT NULL,
  `NODE_VERSION` varchar(60) COLLATE utf8mb4_bin DEFAULT NULL,
  PRIMARY KEY (`NODE_ID`)
) ENGINE=InnoDB DEFAULT CHARSET=utf8mb4 COLLATE=utf8mb4_bin;
/*!40101 SET character_set_client = @saved_cs_client */;

--
-- Dumping data for table `clusternode`
--

LOCK TABLES `clusternode` WRITE;
/*!40000 ALTER TABLE `clusternode` DISABLE KEYS */;
/*!40000 ALTER TABLE `clusternode` ENABLE KEYS */;
UNLOCK TABLES;

--
-- Table structure for table `clusternodeheartbeat`
--

DROP TABLE IF EXISTS `clusternodeheartbeat`;
/*!40101 SET @saved_cs_client     = @@character_set_client */;
/*!40101 SET character_set_client = utf8 */;
CREATE TABLE `clusternodeheartbeat` (
  `NODE_ID` varchar(60) COLLATE utf8mb4_bin NOT NULL,
  `HEARTBEAT_TIME` decimal(18,0) DEFAULT NULL,
  `DATABASE_TIME` decimal(18,0) DEFAULT NULL,
  PRIMARY KEY (`NODE_ID`)
) ENGINE=InnoDB DEFAULT CHARSET=utf8mb4 COLLATE=utf8mb4_bin;
/*!40101 SET character_set_client = @saved_cs_client */;

--
-- Dumping data for table `clusternodeheartbeat`
--

LOCK TABLES `clusternodeheartbeat` WRITE;
/*!40000 ALTER TABLE `clusternodeheartbeat` DISABLE KEYS */;
/*!40000 ALTER TABLE `clusternodeheartbeat` ENABLE KEYS */;
UNLOCK TABLES;

--
-- Table structure for table `clusterupgradestate`
--

DROP TABLE IF EXISTS `clusterupgradestate`;
/*!40101 SET @saved_cs_client     = @@character_set_client */;
/*!40101 SET character_set_client = utf8 */;
CREATE TABLE `clusterupgradestate` (
  `ID` decimal(18,0) NOT NULL,
  `DATABASE_TIME` decimal(18,0) DEFAULT NULL,
  `CLUSTER_BUILD_NUMBER` decimal(18,0) DEFAULT NULL,
  `CLUSTER_VERSION` varchar(60) COLLATE utf8mb4_bin DEFAULT NULL,
  `STATE` varchar(60) COLLATE utf8mb4_bin DEFAULT NULL,
  `ORDER_NUMBER` decimal(18,0) DEFAULT NULL,
  PRIMARY KEY (`ID`),
  KEY `ordernumber_idx` (`ORDER_NUMBER`)
) ENGINE=InnoDB DEFAULT CHARSET=utf8mb4 COLLATE=utf8mb4_bin;
/*!40101 SET character_set_client = @saved_cs_client */;

--
-- Dumping data for table `clusterupgradestate`
--

LOCK TABLES `clusterupgradestate` WRITE;
/*!40000 ALTER TABLE `clusterupgradestate` DISABLE KEYS */;
/*!40000 ALTER TABLE `clusterupgradestate` ENABLE KEYS */;
UNLOCK TABLES;

--
-- Table structure for table `columnlayout`
--

DROP TABLE IF EXISTS `columnlayout`;
/*!40101 SET @saved_cs_client     = @@character_set_client */;
/*!40101 SET character_set_client = utf8 */;
CREATE TABLE `columnlayout` (
  `ID` decimal(18,0) NOT NULL,
  `USERNAME` varchar(255) COLLATE utf8mb4_bin DEFAULT NULL,
  `SEARCHREQUEST` decimal(18,0) DEFAULT NULL,
  PRIMARY KEY (`ID`),
  KEY `cl_searchrequest` (`SEARCHREQUEST`),
  KEY `cl_username` (`USERNAME`)
) ENGINE=InnoDB DEFAULT CHARSET=utf8mb4 COLLATE=utf8mb4_bin;
/*!40101 SET character_set_client = @saved_cs_client */;

--
-- Dumping data for table `columnlayout`
--

LOCK TABLES `columnlayout` WRITE;
/*!40000 ALTER TABLE `columnlayout` DISABLE KEYS */;
INSERT INTO `columnlayout` VALUES (10000,NULL,NULL);
/*!40000 ALTER TABLE `columnlayout` ENABLE KEYS */;
UNLOCK TABLES;

--
-- Table structure for table `columnlayoutitem`
--

DROP TABLE IF EXISTS `columnlayoutitem`;
/*!40101 SET @saved_cs_client     = @@character_set_client */;
/*!40101 SET character_set_client = utf8 */;
CREATE TABLE `columnlayoutitem` (
  `ID` decimal(18,0) NOT NULL,
  `COLUMNLAYOUT` decimal(18,0) DEFAULT NULL,
  `FIELDIDENTIFIER` varchar(255) COLLATE utf8mb4_bin DEFAULT NULL,
  `HORIZONTALPOSITION` decimal(18,0) DEFAULT NULL,
  PRIMARY KEY (`ID`),
  KEY `idx_cli_fieldidentifier` (`FIELDIDENTIFIER`)
) ENGINE=InnoDB DEFAULT CHARSET=utf8mb4 COLLATE=utf8mb4_bin;
/*!40101 SET character_set_client = @saved_cs_client */;

--
-- Dumping data for table `columnlayoutitem`
--

LOCK TABLES `columnlayoutitem` WRITE;
/*!40000 ALTER TABLE `columnlayoutitem` DISABLE KEYS */;
INSERT INTO `columnlayoutitem` VALUES (10000,10000,'issuekey',0),(10001,10000,'status',1),(10002,10000,'created',2),(10003,10000,'updated',3),(10004,10000,'customfield_10000',4);
/*!40000 ALTER TABLE `columnlayoutitem` ENABLE KEYS */;
UNLOCK TABLES;

--
-- Table structure for table `component`
--

DROP TABLE IF EXISTS `component`;
/*!40101 SET @saved_cs_client     = @@character_set_client */;
/*!40101 SET character_set_client = utf8 */;
CREATE TABLE `component` (
  `ID` decimal(18,0) NOT NULL,
  `PROJECT` decimal(18,0) DEFAULT NULL,
  `cname` varchar(255) COLLATE utf8mb4_bin DEFAULT NULL,
  `description` text COLLATE utf8mb4_bin,
  `URL` varchar(255) COLLATE utf8mb4_bin DEFAULT NULL,
  `LEAD` varchar(255) COLLATE utf8mb4_bin DEFAULT NULL,
  `ASSIGNEETYPE` decimal(18,0) DEFAULT NULL,
  `ARCHIVED` varchar(10) COLLATE utf8mb4_bin DEFAULT NULL,
  PRIMARY KEY (`ID`),
  KEY `idx_component_project` (`PROJECT`),
  KEY `idx_component_name` (`cname`)
) ENGINE=InnoDB DEFAULT CHARSET=utf8mb4 COLLATE=utf8mb4_bin;
/*!40101 SET character_set_client = @saved_cs_client */;

--
-- Dumping data for table `component`
--

LOCK TABLES `component` WRITE;
/*!40000 ALTER TABLE `component` DISABLE KEYS */;
/*!40000 ALTER TABLE `component` ENABLE KEYS */;
UNLOCK TABLES;

--
-- Table structure for table `configurationcontext`
--

DROP TABLE IF EXISTS `configurationcontext`;
/*!40101 SET @saved_cs_client     = @@character_set_client */;
/*!40101 SET character_set_client = utf8 */;
CREATE TABLE `configurationcontext` (
  `ID` decimal(18,0) NOT NULL,
  `PROJECTCATEGORY` decimal(18,0) DEFAULT NULL,
  `PROJECT` decimal(18,0) DEFAULT NULL,
  `customfield` varchar(255) COLLATE utf8mb4_bin DEFAULT NULL,
  `FIELDCONFIGSCHEME` decimal(18,0) DEFAULT NULL,
  PRIMARY KEY (`ID`),
  KEY `confcontextkey` (`customfield`),
  KEY `confcontext` (`PROJECTCATEGORY`,`PROJECT`,`customfield`),
  KEY `confcontextprojectkey` (`PROJECT`,`customfield`),
  KEY `confcontextfieldconfigscheme` (`FIELDCONFIGSCHEME`)
) ENGINE=InnoDB DEFAULT CHARSET=utf8mb4 COLLATE=utf8mb4_bin;
/*!40101 SET character_set_client = @saved_cs_client */;

--
-- Dumping data for table `configurationcontext`
--

LOCK TABLES `configurationcontext` WRITE;
/*!40000 ALTER TABLE `configurationcontext` DISABLE KEYS */;
INSERT INTO `configurationcontext` VALUES (10000,NULL,NULL,'issuetype',10000),(10100,NULL,NULL,'customfield_10000',10100),(10101,NULL,NULL,'priority',10101),(10200,NULL,NULL,'customfield_10100',10200),(10201,NULL,NULL,'customfield_10101',10201),(10202,NULL,NULL,'customfield_10102',10202),(10203,NULL,NULL,'customfield_10104',10203),(10204,NULL,NULL,'customfield_10103',10204),(10205,NULL,NULL,'customfield_10105',10205),(10206,NULL,NULL,'customfield_10106',10206),(10207,NULL,10000,'issuetype',10207),(10208,NULL,10001,'issuetype',10208);
/*!40000 ALTER TABLE `configurationcontext` ENABLE KEYS */;
UNLOCK TABLES;

--
-- Table structure for table `customfield`
--

DROP TABLE IF EXISTS `customfield`;
/*!40101 SET @saved_cs_client     = @@character_set_client */;
/*!40101 SET character_set_client = utf8 */;
CREATE TABLE `customfield` (
  `ID` decimal(18,0) NOT NULL,
  `cfkey` varchar(255) COLLATE utf8mb4_bin DEFAULT NULL,
  `CUSTOMFIELDTYPEKEY` varchar(255) COLLATE utf8mb4_bin DEFAULT NULL,
  `CUSTOMFIELDSEARCHERKEY` varchar(255) COLLATE utf8mb4_bin DEFAULT NULL,
  `cfname` varchar(255) COLLATE utf8mb4_bin DEFAULT NULL,
  `DESCRIPTION` text COLLATE utf8mb4_bin,
  `defaultvalue` varchar(255) COLLATE utf8mb4_bin DEFAULT NULL,
  `FIELDTYPE` decimal(18,0) DEFAULT NULL,
  `PROJECT` decimal(18,0) DEFAULT NULL,
  `ISSUETYPE` varchar(255) COLLATE utf8mb4_bin DEFAULT NULL,
  PRIMARY KEY (`ID`)
) ENGINE=InnoDB DEFAULT CHARSET=utf8mb4 COLLATE=utf8mb4_bin;
/*!40101 SET character_set_client = @saved_cs_client */;

--
-- Dumping data for table `customfield`
--

LOCK TABLES `customfield` WRITE;
/*!40000 ALTER TABLE `customfield` DISABLE KEYS */;
INSERT INTO `customfield` VALUES (10000,NULL,'com.atlassian.jira.plugins.jira-development-integration-plugin:devsummary','com.atlassian.jira.plugins.jira-development-integration-plugin:devsummarysearcher','Development','Development Summary Field for Jira Software use only.',NULL,NULL,NULL,NULL),(10100,NULL,'com.pyxis.greenhopper.jira:gh-lexo-rank','com.pyxis.greenhopper.jira:gh-lexo-rank-searcher','Rank','Global rank field for Jira Software use only.',NULL,NULL,NULL,NULL),(10101,NULL,'com.pyxis.greenhopper.jira:gh-sprint','com.pyxis.greenhopper.jira:gh-sprint-searcher','Sprint','Jira Software sprint field',NULL,NULL,NULL,NULL),(10102,NULL,'com.pyxis.greenhopper.jira:gh-epic-link','com.pyxis.greenhopper.jira:gh-epic-link-searcher','Epic Link','Choose an epic to assign this issue to.',NULL,NULL,NULL,NULL),(10103,NULL,'com.pyxis.greenhopper.jira:gh-epic-status','com.pyxis.greenhopper.jira:gh-epic-status-searcher','Epic Status','Epic Status field for Jira Software use only.',NULL,NULL,NULL,NULL),(10104,NULL,'com.pyxis.greenhopper.jira:gh-epic-label','com.pyxis.greenhopper.jira:gh-epic-label-searcher','Epic Name','Provide a short name to identify this epic.',NULL,NULL,NULL,NULL),(10105,NULL,'com.pyxis.greenhopper.jira:gh-epic-color','com.pyxis.greenhopper.jira:gh-epic-color-searcher','Epic Color','Epic Colour field for Jira Software use only.',NULL,NULL,NULL,NULL),(10106,NULL,'com.atlassian.jira.plugin.system.customfieldtypes:float','com.atlassian.jira.plugin.system.customfieldtypes:exactnumber','Story Points','Measurement of complexity and/or size of a requirement.',NULL,NULL,NULL,NULL);
/*!40000 ALTER TABLE `customfield` ENABLE KEYS */;
UNLOCK TABLES;

--
-- Table structure for table `customfieldoption`
--

DROP TABLE IF EXISTS `customfieldoption`;
/*!40101 SET @saved_cs_client     = @@character_set_client */;
/*!40101 SET character_set_client = utf8 */;
CREATE TABLE `customfieldoption` (
  `ID` decimal(18,0) NOT NULL,
  `CUSTOMFIELD` decimal(18,0) DEFAULT NULL,
  `CUSTOMFIELDCONFIG` decimal(18,0) DEFAULT NULL,
  `PARENTOPTIONID` decimal(18,0) DEFAULT NULL,
  `SEQUENCE` decimal(18,0) DEFAULT NULL,
  `customvalue` varchar(255) COLLATE utf8mb4_bin DEFAULT NULL,
  `optiontype` varchar(60) COLLATE utf8mb4_bin DEFAULT NULL,
  `disabled` varchar(60) COLLATE utf8mb4_bin DEFAULT NULL,
  PRIMARY KEY (`ID`),
  KEY `cf_cfoption` (`CUSTOMFIELD`)
) ENGINE=InnoDB DEFAULT CHARSET=utf8mb4 COLLATE=utf8mb4_bin;
/*!40101 SET character_set_client = @saved_cs_client */;

--
-- Dumping data for table `customfieldoption`
--

LOCK TABLES `customfieldoption` WRITE;
/*!40000 ALTER TABLE `customfieldoption` DISABLE KEYS */;
INSERT INTO `customfieldoption` VALUES (10000,10103,10204,NULL,0,'To Do',NULL,'N'),(10001,10103,10204,NULL,1,'In Progress',NULL,'N'),(10002,10103,10204,NULL,2,'Done',NULL,'N');
/*!40000 ALTER TABLE `customfieldoption` ENABLE KEYS */;
UNLOCK TABLES;

--
-- Table structure for table `customfieldvalue`
--

DROP TABLE IF EXISTS `customfieldvalue`;
/*!40101 SET @saved_cs_client     = @@character_set_client */;
/*!40101 SET character_set_client = utf8 */;
CREATE TABLE `customfieldvalue` (
  `ID` decimal(18,0) NOT NULL,
  `ISSUE` decimal(18,0) DEFAULT NULL,
  `CUSTOMFIELD` decimal(18,0) DEFAULT NULL,
  `UPDATED` decimal(18,0) DEFAULT NULL,
  `PARENTKEY` varchar(255) COLLATE utf8mb4_bin DEFAULT NULL,
  `STRINGVALUE` varchar(255) COLLATE utf8mb4_bin DEFAULT NULL,
  `NUMBERVALUE` decimal(18,6) DEFAULT NULL,
  `TEXTVALUE` longtext COLLATE utf8mb4_bin,
  `DATEVALUE` datetime DEFAULT NULL,
  `VALUETYPE` varchar(255) COLLATE utf8mb4_bin DEFAULT NULL,
  PRIMARY KEY (`ID`),
  KEY `cfvalue_issue` (`ISSUE`,`CUSTOMFIELD`)
) ENGINE=InnoDB DEFAULT CHARSET=utf8mb4 COLLATE=utf8mb4_bin;
/*!40101 SET character_set_client = @saved_cs_client */;

--
-- Dumping data for table `customfieldvalue`
--

LOCK TABLES `customfieldvalue` WRITE;
/*!40000 ALTER TABLE `customfieldvalue` DISABLE KEYS */;
/*!40000 ALTER TABLE `customfieldvalue` ENABLE KEYS */;
UNLOCK TABLES;

--
-- Table structure for table `cwd_application`
--

DROP TABLE IF EXISTS `cwd_application`;
/*!40101 SET @saved_cs_client     = @@character_set_client */;
/*!40101 SET character_set_client = utf8 */;
CREATE TABLE `cwd_application` (
  `ID` decimal(18,0) NOT NULL,
  `application_name` varchar(255) COLLATE utf8mb4_bin DEFAULT NULL,
  `lower_application_name` varchar(255) COLLATE utf8mb4_bin DEFAULT NULL,
  `created_date` datetime DEFAULT NULL,
  `updated_date` datetime DEFAULT NULL,
  `active` decimal(9,0) DEFAULT NULL,
  `description` varchar(255) COLLATE utf8mb4_bin DEFAULT NULL,
  `application_type` varchar(255) COLLATE utf8mb4_bin DEFAULT NULL,
  `credential` varchar(255) COLLATE utf8mb4_bin DEFAULT NULL,
  PRIMARY KEY (`ID`),
  UNIQUE KEY `uk_application_name` (`lower_application_name`)
) ENGINE=InnoDB DEFAULT CHARSET=utf8mb4 COLLATE=utf8mb4_bin;
/*!40101 SET character_set_client = @saved_cs_client */;

--
-- Dumping data for table `cwd_application`
--

LOCK TABLES `cwd_application` WRITE;
/*!40000 ALTER TABLE `cwd_application` DISABLE KEYS */;
INSERT INTO `cwd_application` VALUES (1,'crowd-embedded','crowd-embedded','2013-02-28 11:57:51','2013-02-28 11:57:51',1,'','CROWD','X');
/*!40000 ALTER TABLE `cwd_application` ENABLE KEYS */;
UNLOCK TABLES;

--
-- Table structure for table `cwd_application_address`
--

DROP TABLE IF EXISTS `cwd_application_address`;
/*!40101 SET @saved_cs_client     = @@character_set_client */;
/*!40101 SET character_set_client = utf8 */;
CREATE TABLE `cwd_application_address` (
  `application_id` decimal(18,0) NOT NULL,
  `remote_address` varchar(255) COLLATE utf8mb4_bin NOT NULL,
  `encoded_address_binary` varchar(255) COLLATE utf8mb4_bin DEFAULT NULL,
  `remote_address_mask` decimal(9,0) DEFAULT NULL,
  PRIMARY KEY (`application_id`,`remote_address`)
) ENGINE=InnoDB DEFAULT CHARSET=utf8mb4 COLLATE=utf8mb4_bin;
/*!40101 SET character_set_client = @saved_cs_client */;

--
-- Dumping data for table `cwd_application_address`
--

LOCK TABLES `cwd_application_address` WRITE;
/*!40000 ALTER TABLE `cwd_application_address` DISABLE KEYS */;
/*!40000 ALTER TABLE `cwd_application_address` ENABLE KEYS */;
UNLOCK TABLES;

--
-- Table structure for table `cwd_directory`
--

DROP TABLE IF EXISTS `cwd_directory`;
/*!40101 SET @saved_cs_client     = @@character_set_client */;
/*!40101 SET character_set_client = utf8 */;
CREATE TABLE `cwd_directory` (
  `ID` decimal(18,0) NOT NULL,
  `directory_name` varchar(255) COLLATE utf8mb4_bin DEFAULT NULL,
  `lower_directory_name` varchar(255) COLLATE utf8mb4_bin DEFAULT NULL,
  `created_date` datetime DEFAULT NULL,
  `updated_date` datetime DEFAULT NULL,
  `active` decimal(9,0) DEFAULT NULL,
  `description` varchar(255) COLLATE utf8mb4_bin DEFAULT NULL,
  `impl_class` varchar(255) COLLATE utf8mb4_bin DEFAULT NULL,
  `lower_impl_class` varchar(255) COLLATE utf8mb4_bin DEFAULT NULL,
  `directory_type` varchar(60) COLLATE utf8mb4_bin DEFAULT NULL,
  `directory_position` decimal(18,0) DEFAULT NULL,
  PRIMARY KEY (`ID`),
  KEY `uk_directory_name` (`lower_directory_name`),
  KEY `idx_directory_active` (`active`),
  KEY `idx_directory_impl` (`lower_impl_class`),
  KEY `idx_directory_type` (`directory_type`)
) ENGINE=InnoDB DEFAULT CHARSET=utf8mb4 COLLATE=utf8mb4_bin;
/*!40101 SET character_set_client = @saved_cs_client */;

--
-- Dumping data for table `cwd_directory`
--

LOCK TABLES `cwd_directory` WRITE;
/*!40000 ALTER TABLE `cwd_directory` DISABLE KEYS */;
INSERT INTO `cwd_directory` VALUES (1,'Jira Internal Directory','jira internal directory','2013-02-28 11:57:51','2013-02-28 11:57:51',1,'Jira default internal directory','com.atlassian.crowd.directory.InternalDirectory','com.atlassian.crowd.directory.internaldirectory','INTERNAL',0);
/*!40000 ALTER TABLE `cwd_directory` ENABLE KEYS */;
UNLOCK TABLES;

--
-- Table structure for table `cwd_directory_attribute`
--

DROP TABLE IF EXISTS `cwd_directory_attribute`;
/*!40101 SET @saved_cs_client     = @@character_set_client */;
/*!40101 SET character_set_client = utf8 */;
CREATE TABLE `cwd_directory_attribute` (
  `directory_id` decimal(18,0) NOT NULL,
  `attribute_name` varchar(255) COLLATE utf8mb4_bin NOT NULL,
  `attribute_value` varchar(4000) COLLATE utf8mb4_bin DEFAULT NULL,
  PRIMARY KEY (`directory_id`,`attribute_name`)
) ENGINE=InnoDB DEFAULT CHARSET=utf8mb4 COLLATE=utf8mb4_bin;
/*!40101 SET character_set_client = @saved_cs_client */;

--
-- Dumping data for table `cwd_directory_attribute`
--

LOCK TABLES `cwd_directory_attribute` WRITE;
/*!40000 ALTER TABLE `cwd_directory_attribute` DISABLE KEYS */;
INSERT INTO `cwd_directory_attribute` VALUES (1,'user_encryption_method','atlassian-security');
/*!40000 ALTER TABLE `cwd_directory_attribute` ENABLE KEYS */;
UNLOCK TABLES;

--
-- Table structure for table `cwd_directory_operation`
--

DROP TABLE IF EXISTS `cwd_directory_operation`;
/*!40101 SET @saved_cs_client     = @@character_set_client */;
/*!40101 SET character_set_client = utf8 */;
CREATE TABLE `cwd_directory_operation` (
  `directory_id` decimal(18,0) NOT NULL,
  `operation_type` varchar(60) COLLATE utf8mb4_bin NOT NULL,
  PRIMARY KEY (`directory_id`,`operation_type`)
) ENGINE=InnoDB DEFAULT CHARSET=utf8mb4 COLLATE=utf8mb4_bin;
/*!40101 SET character_set_client = @saved_cs_client */;

--
-- Dumping data for table `cwd_directory_operation`
--

LOCK TABLES `cwd_directory_operation` WRITE;
/*!40000 ALTER TABLE `cwd_directory_operation` DISABLE KEYS */;
INSERT INTO `cwd_directory_operation` VALUES (1,'CREATE_GROUP'),(1,'CREATE_ROLE'),(1,'CREATE_USER'),(1,'DELETE_GROUP'),(1,'DELETE_ROLE'),(1,'DELETE_USER'),(1,'UPDATE_GROUP'),(1,'UPDATE_GROUP_ATTRIBUTE'),(1,'UPDATE_ROLE'),(1,'UPDATE_ROLE_ATTRIBUTE'),(1,'UPDATE_USER'),(1,'UPDATE_USER_ATTRIBUTE');
/*!40000 ALTER TABLE `cwd_directory_operation` ENABLE KEYS */;
UNLOCK TABLES;

--
-- Table structure for table `cwd_group`
--

DROP TABLE IF EXISTS `cwd_group`;
/*!40101 SET @saved_cs_client     = @@character_set_client */;
/*!40101 SET character_set_client = utf8 */;
CREATE TABLE `cwd_group` (
  `ID` decimal(18,0) NOT NULL,
  `group_name` varchar(255) COLLATE utf8mb4_bin DEFAULT NULL,
  `lower_group_name` varchar(255) COLLATE utf8mb4_bin DEFAULT NULL,
  `active` decimal(9,0) DEFAULT NULL,
  `local` decimal(9,0) DEFAULT NULL,
  `created_date` datetime DEFAULT NULL,
  `updated_date` datetime DEFAULT NULL,
  `description` varchar(255) COLLATE utf8mb4_bin DEFAULT NULL,
  `lower_description` varchar(255) COLLATE utf8mb4_bin DEFAULT NULL,
  `group_type` varchar(60) COLLATE utf8mb4_bin DEFAULT NULL,
  `directory_id` decimal(18,0) DEFAULT NULL,
  PRIMARY KEY (`ID`),
  UNIQUE KEY `uk_group_name_dir_id` (`lower_group_name`,`directory_id`),
  KEY `idx_group_active` (`lower_group_name`,`active`),
  KEY `idx_group_dir_id` (`directory_id`)
) ENGINE=InnoDB DEFAULT CHARSET=utf8mb4 COLLATE=utf8mb4_bin;
/*!40101 SET character_set_client = @saved_cs_client */;

--
-- Dumping data for table `cwd_group`
--

LOCK TABLES `cwd_group` WRITE;
/*!40000 ALTER TABLE `cwd_group` DISABLE KEYS */;
INSERT INTO `cwd_group` VALUES (10000,'jira-administrators','jira-administrators',1,0,'2013-02-28 11:57:51','2013-02-28 11:57:51','',NULL,'GROUP',1),(10010,'jira-software-users','jira-software-users',1,0,'2022-08-30 02:23:14','2022-08-30 02:23:14',NULL,NULL,'GROUP',1);
/*!40000 ALTER TABLE `cwd_group` ENABLE KEYS */;
UNLOCK TABLES;

--
-- Table structure for table `cwd_group_attributes`
--

DROP TABLE IF EXISTS `cwd_group_attributes`;
/*!40101 SET @saved_cs_client     = @@character_set_client */;
/*!40101 SET character_set_client = utf8 */;
CREATE TABLE `cwd_group_attributes` (
  `ID` decimal(18,0) NOT NULL,
  `group_id` decimal(18,0) DEFAULT NULL,
  `directory_id` decimal(18,0) DEFAULT NULL,
  `attribute_name` varchar(255) COLLATE utf8mb4_bin DEFAULT NULL,
  `attribute_value` varchar(255) COLLATE utf8mb4_bin DEFAULT NULL,
  `lower_attribute_value` varchar(255) COLLATE utf8mb4_bin DEFAULT NULL,
  PRIMARY KEY (`ID`),
  UNIQUE KEY `uk_group_attr_name_lval` (`group_id`,`attribute_name`,`lower_attribute_value`),
  KEY `idx_group_attr_dir_name_lval` (`directory_id`,`attribute_name`,`lower_attribute_value`)
) ENGINE=InnoDB DEFAULT CHARSET=utf8mb4 COLLATE=utf8mb4_bin;
/*!40101 SET character_set_client = @saved_cs_client */;

--
-- Dumping data for table `cwd_group_attributes`
--

LOCK TABLES `cwd_group_attributes` WRITE;
/*!40000 ALTER TABLE `cwd_group_attributes` DISABLE KEYS */;
/*!40000 ALTER TABLE `cwd_group_attributes` ENABLE KEYS */;
UNLOCK TABLES;

--
-- Table structure for table `cwd_membership`
--

DROP TABLE IF EXISTS `cwd_membership`;
/*!40101 SET @saved_cs_client     = @@character_set_client */;
/*!40101 SET character_set_client = utf8 */;
CREATE TABLE `cwd_membership` (
  `ID` decimal(18,0) NOT NULL,
  `parent_id` decimal(18,0) DEFAULT NULL,
  `child_id` decimal(18,0) DEFAULT NULL,
  `membership_type` varchar(60) COLLATE utf8mb4_bin DEFAULT NULL,
  `group_type` varchar(60) COLLATE utf8mb4_bin DEFAULT NULL,
  `parent_name` varchar(255) COLLATE utf8mb4_bin DEFAULT NULL,
  `lower_parent_name` varchar(255) COLLATE utf8mb4_bin DEFAULT NULL,
  `child_name` varchar(255) COLLATE utf8mb4_bin DEFAULT NULL,
  `lower_child_name` varchar(255) COLLATE utf8mb4_bin DEFAULT NULL,
  `directory_id` decimal(18,0) DEFAULT NULL,
  PRIMARY KEY (`ID`),
  UNIQUE KEY `uk_mem_parent_child_type` (`parent_id`,`child_id`,`membership_type`),
  KEY `idx_mem_dir_parent_child` (`lower_parent_name`,`lower_child_name`,`membership_type`,`directory_id`),
  KEY `idx_mem_dir_parent` (`lower_parent_name`,`membership_type`,`directory_id`),
  KEY `idx_mem_dir_child` (`lower_child_name`,`membership_type`,`directory_id`)
) ENGINE=InnoDB DEFAULT CHARSET=utf8mb4 COLLATE=utf8mb4_bin;
/*!40101 SET character_set_client = @saved_cs_client */;

--
-- Dumping data for table `cwd_membership`
--

LOCK TABLES `cwd_membership` WRITE;
/*!40000 ALTER TABLE `cwd_membership` DISABLE KEYS */;
INSERT INTO `cwd_membership` VALUES (10000,10000,10000,'GROUP_USER',NULL,'jira-administrators','jira-administrators','kmsjira','kmsjira',1),(10001,10010,10000,'GROUP_USER',NULL,'jira-software-users','jira-software-users','kmsjira','kmsjira',1),(10101,10010,10100,'GROUP_USER',NULL,'jira-software-users','jira-software-users','zhongxinbo','zhongxinbo',1);
/*!40000 ALTER TABLE `cwd_membership` ENABLE KEYS */;
UNLOCK TABLES;

--
-- Table structure for table `cwd_user`
--

DROP TABLE IF EXISTS `cwd_user`;
/*!40101 SET @saved_cs_client     = @@character_set_client */;
/*!40101 SET character_set_client = utf8 */;
CREATE TABLE `cwd_user` (
  `ID` decimal(18,0) NOT NULL,
  `directory_id` decimal(18,0) DEFAULT NULL,
  `user_name` varchar(255) COLLATE utf8mb4_bin DEFAULT NULL,
  `lower_user_name` varchar(255) COLLATE utf8mb4_bin DEFAULT NULL,
  `active` decimal(9,0) DEFAULT NULL,
  `created_date` datetime DEFAULT NULL,
  `updated_date` datetime DEFAULT NULL,
  `first_name` varchar(255) COLLATE utf8mb4_bin DEFAULT NULL,
  `lower_first_name` varchar(255) COLLATE utf8mb4_bin DEFAULT NULL,
  `last_name` varchar(255) COLLATE utf8mb4_bin DEFAULT NULL,
  `lower_last_name` varchar(255) COLLATE utf8mb4_bin DEFAULT NULL,
  `display_name` varchar(255) COLLATE utf8mb4_bin DEFAULT NULL,
  `lower_display_name` varchar(255) COLLATE utf8mb4_bin DEFAULT NULL,
  `email_address` varchar(255) COLLATE utf8mb4_bin DEFAULT NULL,
  `lower_email_address` varchar(255) COLLATE utf8mb4_bin DEFAULT NULL,
  `CREDENTIAL` varchar(255) COLLATE utf8mb4_bin DEFAULT NULL,
  `deleted_externally` decimal(9,0) DEFAULT NULL,
  `EXTERNAL_ID` varchar(255) COLLATE utf8mb4_bin DEFAULT NULL,
  PRIMARY KEY (`ID`),
  UNIQUE KEY `uk_user_name_dir_id` (`lower_user_name`,`directory_id`),
  KEY `uk_user_externalid_dir_id` (`EXTERNAL_ID`,`directory_id`),
  KEY `idx_first_name` (`lower_first_name`),
  KEY `idx_last_name` (`lower_last_name`),
  KEY `idx_display_name` (`lower_display_name`),
  KEY `idx_email_address` (`lower_email_address`)
) ENGINE=InnoDB DEFAULT CHARSET=utf8mb4 COLLATE=utf8mb4_bin;
/*!40101 SET character_set_client = @saved_cs_client */;

--
-- Dumping data for table `cwd_user`
--

LOCK TABLES `cwd_user` WRITE;
/*!40000 ALTER TABLE `cwd_user` DISABLE KEYS */;
INSERT INTO `cwd_user` VALUES (10000,1,'kmsjira','kmsjira',1,'2022-08-30 02:30:00','2022-08-30 02:30:00','','','kmsjira','kmsjira','kmsjira','kmsjira','297017831@qq.com','297017831@qq.com','{PKCS5S2}pUfZFxUtG8UTw5VBjFP+vm9yyRmi7gA6E6qTZBJruKKpHdxLvnCHG+DvepL6ce5f',NULL,'012d9fd8-a2f1-4dac-adf3-55ea9a106903'),(10100,1,'zhongxinbo','zhongxinbo',1,'2022-09-13 07:07:52','2022-09-13 07:07:52','','','zhongxinbo','zhongxinbo','zhongxinbo','zhongxinbo','zhongxinbo@keymos.cn','zhongxinbo@keymos.cn','{PKCS5S2}TJDBz/NhaxYi7U1a8Nsf3QFQi/6Lm9M2l9zcGMEzE1PJO5DVsaCVfGrYchaLNx2n',NULL,'b2013c30-cc01-433f-b8d2-f7819b58071b');
/*!40000 ALTER TABLE `cwd_user` ENABLE KEYS */;
UNLOCK TABLES;

--
-- Table structure for table `cwd_user_attributes`
--

DROP TABLE IF EXISTS `cwd_user_attributes`;
/*!40101 SET @saved_cs_client     = @@character_set_client */;
/*!40101 SET character_set_client = utf8 */;
CREATE TABLE `cwd_user_attributes` (
  `ID` decimal(18,0) NOT NULL,
  `user_id` decimal(18,0) DEFAULT NULL,
  `directory_id` decimal(18,0) DEFAULT NULL,
  `attribute_name` varchar(255) COLLATE utf8mb4_bin DEFAULT NULL,
  `attribute_value` varchar(255) COLLATE utf8mb4_bin DEFAULT NULL,
  `lower_attribute_value` varchar(255) COLLATE utf8mb4_bin DEFAULT NULL,
  PRIMARY KEY (`ID`),
  KEY `idx_user_attr_dir_name_lval` (`directory_id`,`attribute_name`,`lower_attribute_value`),
  KEY `uk_user_attr_name_lval` (`user_id`,`attribute_name`)
) ENGINE=InnoDB DEFAULT CHARSET=utf8mb4 COLLATE=utf8mb4_bin;
/*!40101 SET character_set_client = @saved_cs_client */;

--
-- Dumping data for table `cwd_user_attributes`
--

LOCK TABLES `cwd_user_attributes` WRITE;
/*!40000 ALTER TABLE `cwd_user_attributes` DISABLE KEYS */;
INSERT INTO `cwd_user_attributes` VALUES (10000,10000,1,'requiresPasswordChange','false','false'),(10001,10000,1,'invalidPasswordAttempts','0','0'),(10002,10000,1,'passwordLastChanged','1661826600696','1661826600696'),(10003,10000,1,'password.reset.request.expiry','1661913001355','1661913001355'),(10004,10000,1,'password.reset.request.token','a1579f75973204f18febb05ed57ea93ad7ddd66f','a1579f75973204f18febb05ed57ea93ad7ddd66f'),(10100,10000,1,'login.currentFailedCount','0','0'),(10101,10000,1,'login.lastLoginMillis','1663165901380','1663165901380'),(10102,10000,1,'login.count','18','18'),(10103,10000,1,'lastAuthenticated','1663165901306','1663165901306'),(10104,10000,1,'login.previousLoginMillis','1663124720311','1663124720311'),(10105,10100,1,'requiresPasswordChange','false','false'),(10106,10100,1,'invalidPasswordAttempts','0','0'),(10107,10100,1,'passwordLastChanged','1663052871611','1663052871611'),(10108,10100,1,'password.reset.request.expiry','1663139271643','1663139271643'),(10109,10100,1,'password.reset.request.token','1191377611cabbd370485e01b7d3dcf0848c1605','1191377611cabbd370485e01b7d3dcf0848c1605'),(10110,10100,1,'com.atlassian.jira.dvcs.invite.groups',' ',' '),(10111,10100,1,'lastAuthenticated','1663053050105','1663053050105'),(10112,10100,1,'login.currentFailedCount','0','0'),(10113,10100,1,'login.lastLoginMillis','1663053050114','1663053050114'),(10114,10100,1,'login.count','2','2'),(10115,10100,1,'login.previousLoginMillis','1663052908775','1663052908775');
/*!40000 ALTER TABLE `cwd_user_attributes` ENABLE KEYS */;
UNLOCK TABLES;

--
-- Table structure for table `deadletter`
--

DROP TABLE IF EXISTS `deadletter`;
/*!40101 SET @saved_cs_client     = @@character_set_client */;
/*!40101 SET character_set_client = utf8 */;
CREATE TABLE `deadletter` (
  `ID` decimal(18,0) NOT NULL,
  `MESSAGE_ID` varchar(255) COLLATE utf8mb4_bin DEFAULT NULL,
  `LAST_SEEN` decimal(18,0) DEFAULT NULL,
  `MAIL_SERVER_ID` decimal(18,0) DEFAULT NULL,
  `FOLDER_NAME` varchar(255) COLLATE utf8mb4_bin DEFAULT NULL,
  PRIMARY KEY (`ID`),
  KEY `deadletter_msg_server_folder` (`MESSAGE_ID`,`MAIL_SERVER_ID`,`FOLDER_NAME`),
  KEY `deadletter_lastSeen` (`LAST_SEEN`)
) ENGINE=InnoDB DEFAULT CHARSET=utf8mb4 COLLATE=utf8mb4_bin;
/*!40101 SET character_set_client = @saved_cs_client */;

--
-- Dumping data for table `deadletter`
--

LOCK TABLES `deadletter` WRITE;
/*!40000 ALTER TABLE `deadletter` DISABLE KEYS */;
/*!40000 ALTER TABLE `deadletter` ENABLE KEYS */;
UNLOCK TABLES;

--
-- Table structure for table `draftworkflowscheme`
--

DROP TABLE IF EXISTS `draftworkflowscheme`;
/*!40101 SET @saved_cs_client     = @@character_set_client */;
/*!40101 SET character_set_client = utf8 */;
CREATE TABLE `draftworkflowscheme` (
  `ID` decimal(18,0) NOT NULL,
  `NAME` varchar(255) COLLATE utf8mb4_bin DEFAULT NULL,
  `DESCRIPTION` text COLLATE utf8mb4_bin,
  `WORKFLOW_SCHEME_ID` decimal(18,0) DEFAULT NULL,
  `LAST_MODIFIED_DATE` datetime DEFAULT NULL,
  `LAST_MODIFIED_USER` varchar(255) COLLATE utf8mb4_bin DEFAULT NULL,
  PRIMARY KEY (`ID`),
  UNIQUE KEY `draft_workflow_scheme_parent` (`WORKFLOW_SCHEME_ID`)
) ENGINE=InnoDB DEFAULT CHARSET=utf8mb4 COLLATE=utf8mb4_bin;
/*!40101 SET character_set_client = @saved_cs_client */;

--
-- Dumping data for table `draftworkflowscheme`
--

LOCK TABLES `draftworkflowscheme` WRITE;
/*!40000 ALTER TABLE `draftworkflowscheme` DISABLE KEYS */;
/*!40000 ALTER TABLE `draftworkflowscheme` ENABLE KEYS */;
UNLOCK TABLES;

--
-- Table structure for table `draftworkflowschemeentity`
--

DROP TABLE IF EXISTS `draftworkflowschemeentity`;
/*!40101 SET @saved_cs_client     = @@character_set_client */;
/*!40101 SET character_set_client = utf8 */;
CREATE TABLE `draftworkflowschemeentity` (
  `ID` decimal(18,0) NOT NULL,
  `SCHEME` decimal(18,0) DEFAULT NULL,
  `WORKFLOW` varchar(255) COLLATE utf8mb4_bin DEFAULT NULL,
  `issuetype` varchar(255) COLLATE utf8mb4_bin DEFAULT NULL,
  PRIMARY KEY (`ID`),
  KEY `draft_workflow_scheme` (`SCHEME`)
) ENGINE=InnoDB DEFAULT CHARSET=utf8mb4 COLLATE=utf8mb4_bin;
/*!40101 SET character_set_client = @saved_cs_client */;

--
-- Dumping data for table `draftworkflowschemeentity`
--

LOCK TABLES `draftworkflowschemeentity` WRITE;
/*!40000 ALTER TABLE `draftworkflowschemeentity` DISABLE KEYS */;
/*!40000 ALTER TABLE `draftworkflowschemeentity` ENABLE KEYS */;
UNLOCK TABLES;

--
-- Table structure for table `entity_property`
--

DROP TABLE IF EXISTS `entity_property`;
/*!40101 SET @saved_cs_client     = @@character_set_client */;
/*!40101 SET character_set_client = utf8 */;
CREATE TABLE `entity_property` (
  `ID` decimal(18,0) NOT NULL,
  `ENTITY_NAME` varchar(255) COLLATE utf8mb4_bin DEFAULT NULL,
  `ENTITY_ID` decimal(18,0) DEFAULT NULL,
  `PROPERTY_KEY` varchar(255) COLLATE utf8mb4_bin DEFAULT NULL,
  `CREATED` datetime DEFAULT NULL,
  `UPDATED` datetime DEFAULT NULL,
  `json_value` longtext COLLATE utf8mb4_bin,
  PRIMARY KEY (`ID`),
  KEY `entityproperty_id_name_key` (`ENTITY_ID`,`ENTITY_NAME`,`PROPERTY_KEY`),
  KEY `entityproperty_key_name` (`PROPERTY_KEY`,`ENTITY_NAME`)
) ENGINE=InnoDB DEFAULT CHARSET=utf8mb4 COLLATE=utf8mb4_bin;
/*!40101 SET character_set_client = @saved_cs_client */;

--
-- Dumping data for table `entity_property`
--

LOCK TABLES `entity_property` WRITE;
/*!40000 ALTER TABLE `entity_property` DISABLE KEYS */;
INSERT INTO `entity_property` VALUES (10000,'ProjectProperty',10000,'searchRequests','2022-08-30 02:39:31','2022-08-30 02:39:31','{\"ids\":[]}'),(10001,'ProjectProperty',10001,'searchRequests','2022-09-02 08:03:01','2022-09-02 08:03:01','{\"ids\":[]}');
/*!40000 ALTER TABLE `entity_property` ENABLE KEYS */;
UNLOCK TABLES;

--
-- Table structure for table `entity_property_index_document`
--

DROP TABLE IF EXISTS `entity_property_index_document`;
/*!40101 SET @saved_cs_client     = @@character_set_client */;
/*!40101 SET character_set_client = utf8 */;
CREATE TABLE `entity_property_index_document` (
  `ID` decimal(18,0) NOT NULL,
  `PLUGIN_KEY` varchar(255) COLLATE utf8mb4_bin DEFAULT NULL,
  `MODULE_KEY` varchar(255) COLLATE utf8mb4_bin DEFAULT NULL,
  `ENTITY_KEY` varchar(255) COLLATE utf8mb4_bin DEFAULT NULL,
  `UPDATED` datetime DEFAULT NULL,
  `DOCUMENT` longtext COLLATE utf8mb4_bin,
  PRIMARY KEY (`ID`),
  UNIQUE KEY `entpropindexdoc_module` (`PLUGIN_KEY`,`MODULE_KEY`)
) ENGINE=InnoDB DEFAULT CHARSET=utf8mb4 COLLATE=utf8mb4_bin;
/*!40101 SET character_set_client = @saved_cs_client */;

--
-- Dumping data for table `entity_property_index_document`
--

LOCK TABLES `entity_property_index_document` WRITE;
/*!40000 ALTER TABLE `entity_property_index_document` DISABLE KEYS */;
INSERT INTO `entity_property_index_document` VALUES (10000,'com.atlassian.jira.plugins.jira-development-integration-plugin','jira-issue-fusion-jql','IssueProperty','2022-08-30 02:10:23','<?xml version=\"1.0\" encoding=\"UTF-8\"?>\n<index-document-configuration entity-key=\"IssueProperty\"><key property-key=\"development\"><extract path=\"totalBuilds\" type=\"NUMBER\"/><extract path=\"failingbuilds\" type=\"NUMBER\"/><extract path=\"passedbuilds\" type=\"NUMBER\"/><extract path=\"buildstatus\" type=\"STRING\"/><extract path=\"openprs\" type=\"NUMBER\"/><extract path=\"mergedprs\" type=\"NUMBER\"/><extract path=\"declinedprs\" type=\"NUMBER\"/><extract path=\"prs\" type=\"NUMBER\"/><extract path=\"prstatus\" type=\"STRING\"/><extract path=\"reviews\" type=\"NUMBER\"/><extract path=\"openreviews\" type=\"NUMBER\"/><extract path=\"commits\" type=\"NUMBER\"/><extract path=\"totalDeployments\" type=\"NUMBER\"/><extract path=\"deployed\" type=\"NUMBER\"/><extract path=\"notDeployed\" type=\"NUMBER\"/><extract path=\"environment\" type=\"STRING\"/><extract path=\"totalBranches\" type=\"NUMBER\"/></key></index-document-configuration>');
/*!40000 ALTER TABLE `entity_property_index_document` ENABLE KEYS */;
UNLOCK TABLES;

--
-- Table structure for table `entity_translation`
--

DROP TABLE IF EXISTS `entity_translation`;
/*!40101 SET @saved_cs_client     = @@character_set_client */;
/*!40101 SET character_set_client = utf8 */;
CREATE TABLE `entity_translation` (
  `ID` decimal(18,0) NOT NULL,
  `ENTITY_NAME` varchar(255) COLLATE utf8mb4_bin DEFAULT NULL,
  `ENTITY_ID` decimal(18,0) DEFAULT NULL,
  `LOCALE` varchar(60) COLLATE utf8mb4_bin DEFAULT NULL,
  `TRANS_NAME` varchar(255) COLLATE utf8mb4_bin DEFAULT NULL,
  `TRANS_DESC` varchar(255) COLLATE utf8mb4_bin DEFAULT NULL,
  PRIMARY KEY (`ID`),
  UNIQUE KEY `uk_entitytranslation` (`ENTITY_NAME`,`ENTITY_ID`,`LOCALE`),
  KEY `entitytranslation_locale` (`LOCALE`)
) ENGINE=InnoDB DEFAULT CHARSET=utf8mb4 COLLATE=utf8mb4_bin;
/*!40101 SET character_set_client = @saved_cs_client */;

--
-- Dumping data for table `entity_translation`
--

LOCK TABLES `entity_translation` WRITE;
/*!40000 ALTER TABLE `entity_translation` DISABLE KEYS */;
/*!40000 ALTER TABLE `entity_translation` ENABLE KEYS */;
UNLOCK TABLES;

--
-- Table structure for table `external_entities`
--

DROP TABLE IF EXISTS `external_entities`;
/*!40101 SET @saved_cs_client     = @@character_set_client */;
/*!40101 SET character_set_client = utf8 */;
CREATE TABLE `external_entities` (
  `ID` decimal(18,0) NOT NULL,
  `NAME` varchar(255) COLLATE utf8mb4_bin DEFAULT NULL,
  `entitytype` varchar(255) COLLATE utf8mb4_bin DEFAULT NULL,
  PRIMARY KEY (`ID`),
  KEY `ext_entity_name` (`NAME`)
) ENGINE=InnoDB DEFAULT CHARSET=utf8mb4 COLLATE=utf8mb4_bin;
/*!40101 SET character_set_client = @saved_cs_client */;

--
-- Dumping data for table `external_entities`
--

LOCK TABLES `external_entities` WRITE;
/*!40000 ALTER TABLE `external_entities` DISABLE KEYS */;
/*!40000 ALTER TABLE `external_entities` ENABLE KEYS */;
UNLOCK TABLES;

--
-- Table structure for table `externalgadget`
--

DROP TABLE IF EXISTS `externalgadget`;
/*!40101 SET @saved_cs_client     = @@character_set_client */;
/*!40101 SET character_set_client = utf8 */;
CREATE TABLE `externalgadget` (
  `ID` decimal(18,0) NOT NULL,
  `GADGET_XML` text COLLATE utf8mb4_bin,
  PRIMARY KEY (`ID`)
) ENGINE=InnoDB DEFAULT CHARSET=utf8mb4 COLLATE=utf8mb4_bin;
/*!40101 SET character_set_client = @saved_cs_client */;

--
-- Dumping data for table `externalgadget`
--

LOCK TABLES `externalgadget` WRITE;
/*!40000 ALTER TABLE `externalgadget` DISABLE KEYS */;
/*!40000 ALTER TABLE `externalgadget` ENABLE KEYS */;
UNLOCK TABLES;

--
-- Table structure for table `favouriteassociations`
--

DROP TABLE IF EXISTS `favouriteassociations`;
/*!40101 SET @saved_cs_client     = @@character_set_client */;
/*!40101 SET character_set_client = utf8 */;
CREATE TABLE `favouriteassociations` (
  `ID` decimal(18,0) NOT NULL,
  `USERNAME` varchar(255) COLLATE utf8mb4_bin DEFAULT NULL,
  `entitytype` varchar(60) COLLATE utf8mb4_bin DEFAULT NULL,
  `entityid` decimal(18,0) DEFAULT NULL,
  `SEQUENCE` decimal(18,0) DEFAULT NULL,
  PRIMARY KEY (`ID`),
  UNIQUE KEY `favourite_index` (`USERNAME`,`entitytype`,`entityid`)
) ENGINE=InnoDB DEFAULT CHARSET=utf8mb4 COLLATE=utf8mb4_bin;
/*!40101 SET character_set_client = @saved_cs_client */;

--
-- Dumping data for table `favouriteassociations`
--

LOCK TABLES `favouriteassociations` WRITE;
/*!40000 ALTER TABLE `favouriteassociations` DISABLE KEYS */;
/*!40000 ALTER TABLE `favouriteassociations` ENABLE KEYS */;
UNLOCK TABLES;

--
-- Table structure for table `feature`
--

DROP TABLE IF EXISTS `feature`;
/*!40101 SET @saved_cs_client     = @@character_set_client */;
/*!40101 SET character_set_client = utf8 */;
CREATE TABLE `feature` (
  `ID` decimal(18,0) NOT NULL,
  `FEATURE_NAME` varchar(255) COLLATE utf8mb4_bin DEFAULT NULL,
  `FEATURE_TYPE` varchar(10) COLLATE utf8mb4_bin DEFAULT NULL,
  `USER_KEY` varchar(255) COLLATE utf8mb4_bin DEFAULT NULL,
  PRIMARY KEY (`ID`),
  KEY `feature_id_userkey` (`ID`,`USER_KEY`)
) ENGINE=InnoDB DEFAULT CHARSET=utf8mb4 COLLATE=utf8mb4_bin;
/*!40101 SET character_set_client = @saved_cs_client */;

--
-- Dumping data for table `feature`
--

LOCK TABLES `feature` WRITE;
/*!40000 ALTER TABLE `feature` DISABLE KEYS */;
INSERT INTO `feature` VALUES (10000,'com.atlassian.jira.projects.ProjectCentricNavigation.Switch','site',''),(10001,'com.atlassian.jira.projects.issuenavigator','site',''),(10100,'mail.batching.enabled','site',NULL),(10101,'com.atlassian.jira.agile.darkfeature.kanplan.enabled','site',''),(10102,'com.atlassian.jira.agile.darkfeature.kanplan.epics.and.versions.enabled','site',''),(10103,'com.atlassian.jira.agile.darkfeature.sprint.goal.enabled','site',''),(10104,'com.atlassian.jira.agile.darkfeature.edit.closed.sprint.enabled','site',''),(10105,'com.atlassian.jira.agile.darkfeature.splitissue','site','');
/*!40000 ALTER TABLE `feature` ENABLE KEYS */;
UNLOCK TABLES;

--
-- Table structure for table `fieldconfigscheme`
--

DROP TABLE IF EXISTS `fieldconfigscheme`;
/*!40101 SET @saved_cs_client     = @@character_set_client */;
/*!40101 SET character_set_client = utf8 */;
CREATE TABLE `fieldconfigscheme` (
  `ID` decimal(18,0) NOT NULL,
  `configname` varchar(255) COLLATE utf8mb4_bin DEFAULT NULL,
  `DESCRIPTION` text COLLATE utf8mb4_bin,
  `FIELDID` varchar(60) COLLATE utf8mb4_bin DEFAULT NULL,
  `CUSTOMFIELD` decimal(18,0) DEFAULT NULL,
  PRIMARY KEY (`ID`),
  KEY `fcs_fieldid` (`FIELDID`)
) ENGINE=InnoDB DEFAULT CHARSET=utf8mb4 COLLATE=utf8mb4_bin;
/*!40101 SET character_set_client = @saved_cs_client */;

--
-- Dumping data for table `fieldconfigscheme`
--

LOCK TABLES `fieldconfigscheme` WRITE;
/*!40000 ALTER TABLE `fieldconfigscheme` DISABLE KEYS */;
INSERT INTO `fieldconfigscheme` VALUES (10000,'Default Issue Type Scheme','Default issue type scheme is the list of global issue types. All newly created issue types will automatically be added to this scheme.','issuetype',NULL),(10100,'Default Configuration Scheme for Development','Default configuration scheme generated by Jira','customfield_10000',NULL),(10101,'Default priority scheme','This is default priority scheme used by all projects without any other scheme assigned','priority',NULL),(10200,'Default Configuration Scheme for Rank','Default configuration scheme generated by Jira','customfield_10100',NULL),(10201,'Default Configuration Scheme for Sprint','Default configuration scheme generated by Jira','customfield_10101',NULL),(10202,'Default Configuration Scheme for Epic Link','Default configuration scheme generated by Jira','customfield_10102',NULL),(10203,'Default Configuration Scheme for Epic Name','Default configuration scheme generated by Jira','customfield_10104',NULL),(10204,'Default Configuration Scheme for Epic Status','Default configuration scheme generated by Jira','customfield_10103',NULL),(10205,'Default Configuration Scheme for Epic Color','Default configuration scheme generated by Jira','customfield_10105',NULL),(10206,'Default Configuration Scheme for Story Points','Default configuration scheme generated by Jira','customfield_10106',NULL),(10207,'DDRFLAS: Scrum Issue Type Scheme',NULL,'issuetype',NULL),(10208,'CPUT: Scrum Issue Type Scheme',NULL,'issuetype',NULL);
/*!40000 ALTER TABLE `fieldconfigscheme` ENABLE KEYS */;
UNLOCK TABLES;

--
-- Table structure for table `fieldconfigschemeissuetype`
--

DROP TABLE IF EXISTS `fieldconfigschemeissuetype`;
/*!40101 SET @saved_cs_client     = @@character_set_client */;
/*!40101 SET character_set_client = utf8 */;
CREATE TABLE `fieldconfigschemeissuetype` (
  `ID` decimal(18,0) NOT NULL,
  `ISSUETYPE` varchar(255) COLLATE utf8mb4_bin DEFAULT NULL,
  `FIELDCONFIGSCHEME` decimal(18,0) DEFAULT NULL,
  `FIELDCONFIGURATION` decimal(18,0) DEFAULT NULL,
  PRIMARY KEY (`ID`),
  KEY `fcs_issuetype` (`ISSUETYPE`),
  KEY `fcs_scheme` (`FIELDCONFIGSCHEME`)
) ENGINE=InnoDB DEFAULT CHARSET=utf8mb4 COLLATE=utf8mb4_bin;
/*!40101 SET character_set_client = @saved_cs_client */;

--
-- Dumping data for table `fieldconfigschemeissuetype`
--

LOCK TABLES `fieldconfigschemeissuetype` WRITE;
/*!40000 ALTER TABLE `fieldconfigschemeissuetype` DISABLE KEYS */;
INSERT INTO `fieldconfigschemeissuetype` VALUES (10100,NULL,10000,10000),(10200,NULL,10100,10100),(10201,NULL,10101,10101),(10300,NULL,10200,10200),(10301,NULL,10201,10201),(10302,NULL,10202,10202),(10303,'10000',10203,10203),(10304,'10000',10204,10204),(10305,'10000',10205,10205),(10306,'10000',10206,10206),(10307,'10001',10206,10206),(10310,NULL,10207,10207),(10313,NULL,10208,10208);
/*!40000 ALTER TABLE `fieldconfigschemeissuetype` ENABLE KEYS */;
UNLOCK TABLES;

--
-- Table structure for table `fieldconfiguration`
--

DROP TABLE IF EXISTS `fieldconfiguration`;
/*!40101 SET @saved_cs_client     = @@character_set_client */;
/*!40101 SET character_set_client = utf8 */;
CREATE TABLE `fieldconfiguration` (
  `ID` decimal(18,0) NOT NULL,
  `configname` varchar(255) COLLATE utf8mb4_bin DEFAULT NULL,
  `DESCRIPTION` text COLLATE utf8mb4_bin,
  `FIELDID` varchar(60) COLLATE utf8mb4_bin DEFAULT NULL,
  `CUSTOMFIELD` decimal(18,0) DEFAULT NULL,
  PRIMARY KEY (`ID`),
  KEY `fc_fieldid` (`FIELDID`)
) ENGINE=InnoDB DEFAULT CHARSET=utf8mb4 COLLATE=utf8mb4_bin;
/*!40101 SET character_set_client = @saved_cs_client */;

--
-- Dumping data for table `fieldconfiguration`
--

LOCK TABLES `fieldconfiguration` WRITE;
/*!40000 ALTER TABLE `fieldconfiguration` DISABLE KEYS */;
INSERT INTO `fieldconfiguration` VALUES (10000,'Default Configuration for Issue Type','Default configuration generated by Jira','issuetype',NULL),(10100,'Default Configuration for Development','Default configuration generated by Jira','customfield_10000',NULL),(10101,'Default configuration for priority','Default configuration generated by Jira','priority',NULL),(10200,'Default Configuration for Rank','Default configuration generated by JIRA','customfield_10100',NULL),(10201,'Default Configuration for Sprint','Default configuration generated by JIRA','customfield_10101',NULL),(10202,'Default Configuration for Epic Link','Default configuration generated by JIRA','customfield_10102',NULL),(10203,'Default Configuration for Epic Name','Default configuration generated by JIRA','customfield_10104',NULL),(10204,'Default Configuration for Epic Status','Default configuration generated by JIRA','customfield_10103',NULL),(10205,'Default Configuration for Epic Color','Default configuration generated by JIRA','customfield_10105',NULL),(10206,'Default Configuration for Story Points','Default configuration generated by JIRA','customfield_10106',NULL),(10207,'Default Configuration for Issue Type','Default configuration generated by JIRA','issuetype',NULL),(10208,'Default Configuration for Issue Type','Default configuration generated by JIRA','issuetype',NULL);
/*!40000 ALTER TABLE `fieldconfiguration` ENABLE KEYS */;
UNLOCK TABLES;

--
-- Table structure for table `fieldlayout`
--

DROP TABLE IF EXISTS `fieldlayout`;
/*!40101 SET @saved_cs_client     = @@character_set_client */;
/*!40101 SET character_set_client = utf8 */;
CREATE TABLE `fieldlayout` (
  `ID` decimal(18,0) NOT NULL,
  `NAME` varchar(255) COLLATE utf8mb4_bin DEFAULT NULL,
  `DESCRIPTION` varchar(255) COLLATE utf8mb4_bin DEFAULT NULL,
  `layout_type` varchar(255) COLLATE utf8mb4_bin DEFAULT NULL,
  `LAYOUTSCHEME` decimal(18,0) DEFAULT NULL,
  PRIMARY KEY (`ID`)
) ENGINE=InnoDB DEFAULT CHARSET=utf8mb4 COLLATE=utf8mb4_bin;
/*!40101 SET character_set_client = @saved_cs_client */;

--
-- Dumping data for table `fieldlayout`
--

LOCK TABLES `fieldlayout` WRITE;
/*!40000 ALTER TABLE `fieldlayout` DISABLE KEYS */;
INSERT INTO `fieldlayout` VALUES (10000,'Default Field Configuration','The default field configuration','default',NULL);
/*!40000 ALTER TABLE `fieldlayout` ENABLE KEYS */;
UNLOCK TABLES;

--
-- Table structure for table `fieldlayoutitem`
--

DROP TABLE IF EXISTS `fieldlayoutitem`;
/*!40101 SET @saved_cs_client     = @@character_set_client */;
/*!40101 SET character_set_client = utf8 */;
CREATE TABLE `fieldlayoutitem` (
  `ID` decimal(18,0) NOT NULL,
  `FIELDLAYOUT` decimal(18,0) DEFAULT NULL,
  `FIELDIDENTIFIER` varchar(255) COLLATE utf8mb4_bin DEFAULT NULL,
  `DESCRIPTION` text COLLATE utf8mb4_bin,
  `VERTICALPOSITION` decimal(18,0) DEFAULT NULL,
  `ISHIDDEN` varchar(60) COLLATE utf8mb4_bin DEFAULT NULL,
  `ISREQUIRED` varchar(60) COLLATE utf8mb4_bin DEFAULT NULL,
  `RENDERERTYPE` varchar(255) COLLATE utf8mb4_bin DEFAULT NULL,
  PRIMARY KEY (`ID`),
  KEY `idx_fli_fieldidentifier` (`FIELDIDENTIFIER`),
  KEY `idx_fli_fieldlayout` (`FIELDLAYOUT`)
) ENGINE=InnoDB DEFAULT CHARSET=utf8mb4 COLLATE=utf8mb4_bin;
/*!40101 SET character_set_client = @saved_cs_client */;

--
-- Dumping data for table `fieldlayoutitem`
--

LOCK TABLES `fieldlayoutitem` WRITE;
/*!40000 ALTER TABLE `fieldlayoutitem` DISABLE KEYS */;
INSERT INTO `fieldlayoutitem` VALUES (10122,10000,'summary',NULL,NULL,'false','true','jira-text-renderer'),(10123,10000,'issuetype',NULL,NULL,'false','true','jira-text-renderer'),(10124,10000,'security',NULL,NULL,'false','false','jira-text-renderer'),(10125,10000,'priority',NULL,NULL,'false','false','jira-text-renderer'),(10126,10000,'duedate',NULL,NULL,'false','false','jira-text-renderer'),(10127,10000,'components',NULL,NULL,'false','false','frother-control-renderer'),(10128,10000,'versions',NULL,NULL,'false','false','frother-control-renderer'),(10129,10000,'fixVersions',NULL,NULL,'false','false','frother-control-renderer'),(10130,10000,'assignee',NULL,NULL,'false','false','jira-text-renderer'),(10131,10000,'reporter',NULL,NULL,'false','true','jira-text-renderer'),(10132,10000,'environment','For example operating system, software platform and/or hardware specifications (include as appropriate for the issue).',NULL,'false','false','atlassian-wiki-renderer'),(10133,10000,'description',NULL,NULL,'false','false','atlassian-wiki-renderer'),(10134,10000,'timetracking','An estimate of how much work remains until this issue will be resolved.<br>The format of this is \' *w *d *h *m \' (representing weeks, days, hours and minutes - where * can be any number)<br>Examples: 4d, 5h 30m, 60m and 3w.<br>',NULL,'false','false','jira-text-renderer'),(10135,10000,'resolution',NULL,NULL,'false','false','jira-text-renderer'),(10136,10000,'attachment',NULL,NULL,'false','false','jira-text-renderer'),(10137,10000,'comment',NULL,NULL,'false','false','atlassian-wiki-renderer'),(10138,10000,'labels',NULL,NULL,'false','false','jira-text-renderer'),(10139,10000,'worklog','Allows work to be logged whilst creating, editing or transitioning issues.',NULL,'false','false','atlassian-wiki-renderer'),(10140,10000,'issuelinks',NULL,NULL,'false','false','jira-text-renderer'),(10141,10000,'customfield_10000','Development Summary Field for Jira Software use only.',NULL,'false','false','jira-text-renderer'),(10142,10000,'archiveddate',NULL,NULL,'false','false','jira-text-renderer'),(10143,10000,'archivedby',NULL,NULL,'false','false','jira-text-renderer'),(10144,10000,'customfield_10104','Provide a short name to identify this epic.',NULL,'false','true','jira-text-renderer'),(10145,10000,'customfield_10100','Global rank field for Jira Software use only.',NULL,'false','false','jira-text-renderer'),(10146,10000,'customfield_10101','Jira Software sprint field',NULL,'false','false','jira-text-renderer'),(10147,10000,'customfield_10102','Choose an epic to assign this issue to.',NULL,'false','false','jira-text-renderer'),(10148,10000,'customfield_10103','Epic Status field for Jira Software use only.',NULL,'false','false','jira-text-renderer');
/*!40000 ALTER TABLE `fieldlayoutitem` ENABLE KEYS */;
UNLOCK TABLES;

--
-- Table structure for table `fieldlayoutscheme`
--

DROP TABLE IF EXISTS `fieldlayoutscheme`;
/*!40101 SET @saved_cs_client     = @@character_set_client */;
/*!40101 SET character_set_client = utf8 */;
CREATE TABLE `fieldlayoutscheme` (
  `ID` decimal(18,0) NOT NULL,
  `NAME` varchar(255) COLLATE utf8mb4_bin DEFAULT NULL,
  `DESCRIPTION` text COLLATE utf8mb4_bin,
  PRIMARY KEY (`ID`)
) ENGINE=InnoDB DEFAULT CHARSET=utf8mb4 COLLATE=utf8mb4_bin;
/*!40101 SET character_set_client = @saved_cs_client */;

--
-- Dumping data for table `fieldlayoutscheme`
--

LOCK TABLES `fieldlayoutscheme` WRITE;
/*!40000 ALTER TABLE `fieldlayoutscheme` DISABLE KEYS */;
/*!40000 ALTER TABLE `fieldlayoutscheme` ENABLE KEYS */;
UNLOCK TABLES;

--
-- Table structure for table `fieldlayoutschemeassociation`
--

DROP TABLE IF EXISTS `fieldlayoutschemeassociation`;
/*!40101 SET @saved_cs_client     = @@character_set_client */;
/*!40101 SET character_set_client = utf8 */;
CREATE TABLE `fieldlayoutschemeassociation` (
  `ID` decimal(18,0) NOT NULL,
  `ISSUETYPE` varchar(255) COLLATE utf8mb4_bin DEFAULT NULL,
  `PROJECT` decimal(18,0) DEFAULT NULL,
  `FIELDLAYOUTSCHEME` decimal(18,0) DEFAULT NULL,
  PRIMARY KEY (`ID`),
  KEY `fl_scheme_assoc` (`PROJECT`,`ISSUETYPE`)
) ENGINE=InnoDB DEFAULT CHARSET=utf8mb4 COLLATE=utf8mb4_bin;
/*!40101 SET character_set_client = @saved_cs_client */;

--
-- Dumping data for table `fieldlayoutschemeassociation`
--

LOCK TABLES `fieldlayoutschemeassociation` WRITE;
/*!40000 ALTER TABLE `fieldlayoutschemeassociation` DISABLE KEYS */;
/*!40000 ALTER TABLE `fieldlayoutschemeassociation` ENABLE KEYS */;
UNLOCK TABLES;

--
-- Table structure for table `fieldlayoutschemeentity`
--

DROP TABLE IF EXISTS `fieldlayoutschemeentity`;
/*!40101 SET @saved_cs_client     = @@character_set_client */;
/*!40101 SET character_set_client = utf8 */;
CREATE TABLE `fieldlayoutschemeentity` (
  `ID` decimal(18,0) NOT NULL,
  `SCHEME` decimal(18,0) DEFAULT NULL,
  `issuetype` varchar(255) COLLATE utf8mb4_bin DEFAULT NULL,
  `FIELDLAYOUT` decimal(18,0) DEFAULT NULL,
  PRIMARY KEY (`ID`),
  KEY `fieldlayout_scheme` (`SCHEME`),
  KEY `fieldlayout_layout` (`FIELDLAYOUT`)
) ENGINE=InnoDB DEFAULT CHARSET=utf8mb4 COLLATE=utf8mb4_bin;
/*!40101 SET character_set_client = @saved_cs_client */;

--
-- Dumping data for table `fieldlayoutschemeentity`
--

LOCK TABLES `fieldlayoutschemeentity` WRITE;
/*!40000 ALTER TABLE `fieldlayoutschemeentity` DISABLE KEYS */;
/*!40000 ALTER TABLE `fieldlayoutschemeentity` ENABLE KEYS */;
UNLOCK TABLES;

--
-- Table structure for table `fieldscreen`
--

DROP TABLE IF EXISTS `fieldscreen`;
/*!40101 SET @saved_cs_client     = @@character_set_client */;
/*!40101 SET character_set_client = utf8 */;
CREATE TABLE `fieldscreen` (
  `ID` decimal(18,0) NOT NULL,
  `NAME` varchar(255) COLLATE utf8mb4_bin DEFAULT NULL,
  `DESCRIPTION` varchar(255) COLLATE utf8mb4_bin DEFAULT NULL,
  PRIMARY KEY (`ID`)
) ENGINE=InnoDB DEFAULT CHARSET=utf8mb4 COLLATE=utf8mb4_bin;
/*!40101 SET character_set_client = @saved_cs_client */;

--
-- Dumping data for table `fieldscreen`
--

LOCK TABLES `fieldscreen` WRITE;
/*!40000 ALTER TABLE `fieldscreen` DISABLE KEYS */;
INSERT INTO `fieldscreen` VALUES (1,'Default Screen','Allows to update all system fields.'),(2,'Workflow Screen','This screen is used in the workflow and enables you to assign issues'),(3,'Resolve Issue Screen','Allows to set resolution, change fix versions and assign an issue.'),(10000,'DDRFLAS: Scrum Default Issue Screen',''),(10001,'DDRFLAS: Scrum Bug Screen',''),(10002,'CPUT: Scrum Default Issue Screen',''),(10003,'CPUT: Scrum Bug Screen','');
/*!40000 ALTER TABLE `fieldscreen` ENABLE KEYS */;
UNLOCK TABLES;

--
-- Table structure for table `fieldscreenlayoutitem`
--

DROP TABLE IF EXISTS `fieldscreenlayoutitem`;
/*!40101 SET @saved_cs_client     = @@character_set_client */;
/*!40101 SET character_set_client = utf8 */;
CREATE TABLE `fieldscreenlayoutitem` (
  `ID` decimal(18,0) NOT NULL,
  `FIELDIDENTIFIER` varchar(255) COLLATE utf8mb4_bin DEFAULT NULL,
  `SEQUENCE` decimal(18,0) DEFAULT NULL,
  `FIELDSCREENTAB` decimal(18,0) DEFAULT NULL,
  PRIMARY KEY (`ID`),
  KEY `fieldscitem_tab` (`FIELDSCREENTAB`),
  KEY `fieldscreen_field` (`FIELDIDENTIFIER`)
) ENGINE=InnoDB DEFAULT CHARSET=utf8mb4 COLLATE=utf8mb4_bin;
/*!40101 SET character_set_client = @saved_cs_client */;

--
-- Dumping data for table `fieldscreenlayoutitem`
--

LOCK TABLES `fieldscreenlayoutitem` WRITE;
/*!40000 ALTER TABLE `fieldscreenlayoutitem` DISABLE KEYS */;
INSERT INTO `fieldscreenlayoutitem` VALUES (10000,'summary',0,10000),(10001,'issuetype',1,10000),(10002,'security',2,10000),(10003,'priority',3,10000),(10004,'duedate',4,10000),(10005,'components',5,10000),(10006,'versions',6,10000),(10007,'fixVersions',7,10000),(10008,'assignee',8,10000),(10009,'reporter',9,10000),(10010,'environment',10,10000),(10011,'description',11,10000),(10012,'timetracking',12,10000),(10013,'attachment',13,10000),(10014,'assignee',0,10001),(10015,'resolution',0,10002),(10016,'fixVersions',1,10002),(10017,'assignee',2,10002),(10018,'worklog',3,10002),(10100,'labels',14,10000),(10200,'summary',1,10100),(10201,'issuetype',2,10100),(10202,'reporter',3,10100),(10203,'components',4,10100),(10204,'description',5,10100),(10205,'fixVersions',6,10100),(10206,'priority',7,10100),(10207,'labels',8,10100),(10208,'security',9,10100),(10209,'attachment',10,10100),(10210,'issuelinks',11,10100),(10211,'assignee',12,10100),(10212,'summary',0,10101),(10213,'issuetype',1,10101),(10214,'reporter',2,10101),(10215,'components',3,10101),(10216,'description',4,10101),(10217,'fixVersions',5,10101),(10218,'priority',6,10101),(10219,'labels',7,10101),(10220,'security',8,10101),(10221,'environment',9,10101),(10222,'attachment',10,10101),(10223,'versions',11,10101),(10224,'issuelinks',12,10101),(10225,'assignee',13,10101),(10226,'customfield_10104',0,10100),(10227,'customfield_10102',13,10100),(10228,'customfield_10102',14,10101),(10229,'customfield_10101',14,10100),(10230,'customfield_10101',15,10101),(10231,'summary',1,10102),(10232,'issuetype',2,10102),(10233,'reporter',3,10102),(10234,'components',4,10102),(10235,'description',5,10102),(10236,'fixVersions',6,10102),(10237,'priority',7,10102),(10238,'labels',8,10102),(10239,'security',9,10102),(10240,'attachment',10,10102),(10241,'issuelinks',11,10102),(10242,'assignee',12,10102),(10243,'summary',0,10103),(10244,'issuetype',1,10103),(10245,'reporter',2,10103),(10246,'components',3,10103),(10247,'description',4,10103),(10248,'fixVersions',5,10103),(10249,'priority',6,10103),(10250,'labels',7,10103),(10251,'security',8,10103),(10252,'environment',9,10103),(10253,'attachment',10,10103),(10254,'versions',11,10103),(10255,'issuelinks',12,10103),(10256,'assignee',13,10103),(10257,'customfield_10104',0,10102),(10258,'customfield_10102',13,10102),(10259,'customfield_10102',14,10103),(10260,'customfield_10101',14,10102),(10261,'customfield_10101',15,10103);
/*!40000 ALTER TABLE `fieldscreenlayoutitem` ENABLE KEYS */;
UNLOCK TABLES;

--
-- Table structure for table `fieldscreenscheme`
--

DROP TABLE IF EXISTS `fieldscreenscheme`;
/*!40101 SET @saved_cs_client     = @@character_set_client */;
/*!40101 SET character_set_client = utf8 */;
CREATE TABLE `fieldscreenscheme` (
  `ID` decimal(18,0) NOT NULL,
  `NAME` varchar(255) COLLATE utf8mb4_bin DEFAULT NULL,
  `DESCRIPTION` varchar(255) COLLATE utf8mb4_bin DEFAULT NULL,
  PRIMARY KEY (`ID`)
) ENGINE=InnoDB DEFAULT CHARSET=utf8mb4 COLLATE=utf8mb4_bin;
/*!40101 SET character_set_client = @saved_cs_client */;

--
-- Dumping data for table `fieldscreenscheme`
--

LOCK TABLES `fieldscreenscheme` WRITE;
/*!40000 ALTER TABLE `fieldscreenscheme` DISABLE KEYS */;
INSERT INTO `fieldscreenscheme` VALUES (1,'Default Screen Scheme','Default Screen Scheme'),(10000,'DDRFLAS: Scrum Default Screen Scheme',''),(10001,'DDRFLAS: Scrum Bug Screen Scheme',''),(10002,'CPUT: Scrum Default Screen Scheme',''),(10003,'CPUT: Scrum Bug Screen Scheme','');
/*!40000 ALTER TABLE `fieldscreenscheme` ENABLE KEYS */;
UNLOCK TABLES;

--
-- Table structure for table `fieldscreenschemeitem`
--

DROP TABLE IF EXISTS `fieldscreenschemeitem`;
/*!40101 SET @saved_cs_client     = @@character_set_client */;
/*!40101 SET character_set_client = utf8 */;
CREATE TABLE `fieldscreenschemeitem` (
  `ID` decimal(18,0) NOT NULL,
  `OPERATION` decimal(18,0) DEFAULT NULL,
  `FIELDSCREEN` decimal(18,0) DEFAULT NULL,
  `FIELDSCREENSCHEME` decimal(18,0) DEFAULT NULL,
  PRIMARY KEY (`ID`),
  KEY `screenitem_scheme` (`FIELDSCREENSCHEME`)
) ENGINE=InnoDB DEFAULT CHARSET=utf8mb4 COLLATE=utf8mb4_bin;
/*!40101 SET character_set_client = @saved_cs_client */;

--
-- Dumping data for table `fieldscreenschemeitem`
--

LOCK TABLES `fieldscreenschemeitem` WRITE;
/*!40000 ALTER TABLE `fieldscreenschemeitem` DISABLE KEYS */;
INSERT INTO `fieldscreenschemeitem` VALUES (10000,NULL,1,1),(10100,NULL,10000,10000),(10101,NULL,10001,10001),(10102,NULL,10002,10002),(10103,NULL,10003,10003);
/*!40000 ALTER TABLE `fieldscreenschemeitem` ENABLE KEYS */;
UNLOCK TABLES;

--
-- Table structure for table `fieldscreentab`
--

DROP TABLE IF EXISTS `fieldscreentab`;
/*!40101 SET @saved_cs_client     = @@character_set_client */;
/*!40101 SET character_set_client = utf8 */;
CREATE TABLE `fieldscreentab` (
  `ID` decimal(18,0) NOT NULL,
  `NAME` varchar(255) COLLATE utf8mb4_bin DEFAULT NULL,
  `DESCRIPTION` varchar(255) COLLATE utf8mb4_bin DEFAULT NULL,
  `SEQUENCE` decimal(18,0) DEFAULT NULL,
  `FIELDSCREEN` decimal(18,0) DEFAULT NULL,
  PRIMARY KEY (`ID`),
  KEY `fieldscreen_tab` (`FIELDSCREEN`)
) ENGINE=InnoDB DEFAULT CHARSET=utf8mb4 COLLATE=utf8mb4_bin;
/*!40101 SET character_set_client = @saved_cs_client */;

--
-- Dumping data for table `fieldscreentab`
--

LOCK TABLES `fieldscreentab` WRITE;
/*!40000 ALTER TABLE `fieldscreentab` DISABLE KEYS */;
INSERT INTO `fieldscreentab` VALUES (10000,'Field Tab',NULL,0,1),(10001,'Field Tab',NULL,0,2),(10002,'Field Tab',NULL,0,3),(10100,'Field Tab',NULL,0,10000),(10101,'Field Tab',NULL,0,10001),(10102,'Field Tab',NULL,0,10002),(10103,'Field Tab',NULL,0,10003);
/*!40000 ALTER TABLE `fieldscreentab` ENABLE KEYS */;
UNLOCK TABLES;

--
-- Table structure for table `fileattachment`
--

DROP TABLE IF EXISTS `fileattachment`;
/*!40101 SET @saved_cs_client     = @@character_set_client */;
/*!40101 SET character_set_client = utf8 */;
CREATE TABLE `fileattachment` (
  `ID` decimal(18,0) NOT NULL,
  `issueid` decimal(18,0) DEFAULT NULL,
  `MIMETYPE` varchar(255) COLLATE utf8mb4_bin DEFAULT NULL,
  `FILENAME` varchar(255) COLLATE utf8mb4_bin DEFAULT NULL,
  `CREATED` datetime DEFAULT NULL,
  `FILESIZE` decimal(18,0) DEFAULT NULL,
  `AUTHOR` varchar(255) COLLATE utf8mb4_bin DEFAULT NULL,
  `zip` decimal(9,0) DEFAULT NULL,
  `thumbnailable` decimal(9,0) DEFAULT NULL,
  PRIMARY KEY (`ID`),
  KEY `attach_issue` (`issueid`)
) ENGINE=InnoDB DEFAULT CHARSET=utf8mb4 COLLATE=utf8mb4_bin;
/*!40101 SET character_set_client = @saved_cs_client */;

--
-- Dumping data for table `fileattachment`
--

LOCK TABLES `fileattachment` WRITE;
/*!40000 ALTER TABLE `fileattachment` DISABLE KEYS */;
INSERT INTO `fileattachment` VALUES (10000,10000,'image/jpeg','微信图片_20220830110636.jpg','2022-08-30 03:07:34',265756,'JIRAUSER10000',NULL,1),(10001,10006,'application/wps-office.xlsx','EL4BXBBBB1-XOMR 批4800良率报表(1)(2)(1)(2).xlsx','2022-09-06 05:58:35',14379,'JIRAUSER10000',NULL,0),(10002,10005,'application/wps-office.pptx','Keymos_DA 16Gb LPDDR4x Issue Failure Report for Xiaowa(3).pptx','2022-09-07 01:11:45',2726191,'JIRAUSER10000',NULL,0),(10003,10005,'image/jpeg','test_method.jpg','2022-09-07 01:13:43',199040,'JIRAUSER10000',NULL,1);
/*!40000 ALTER TABLE `fileattachment` ENABLE KEYS */;
UNLOCK TABLES;

--
-- Table structure for table `filtersubscription`
--

DROP TABLE IF EXISTS `filtersubscription`;
/*!40101 SET @saved_cs_client     = @@character_set_client */;
/*!40101 SET character_set_client = utf8 */;
CREATE TABLE `filtersubscription` (
  `ID` decimal(18,0) NOT NULL,
  `FILTER_I_D` decimal(18,0) DEFAULT NULL,
  `USERNAME` varchar(60) COLLATE utf8mb4_bin DEFAULT NULL,
  `groupname` varchar(60) COLLATE utf8mb4_bin DEFAULT NULL,
  `LAST_RUN` datetime DEFAULT NULL,
  `EMAIL_ON_EMPTY` varchar(10) COLLATE utf8mb4_bin DEFAULT NULL,
  PRIMARY KEY (`ID`),
  KEY `subscrpt_user` (`FILTER_I_D`,`USERNAME`),
  KEY `subscrptn_group` (`FILTER_I_D`,`groupname`)
) ENGINE=InnoDB DEFAULT CHARSET=utf8mb4 COLLATE=utf8mb4_bin;
/*!40101 SET character_set_client = @saved_cs_client */;

--
-- Dumping data for table `filtersubscription`
--

LOCK TABLES `filtersubscription` WRITE;
/*!40000 ALTER TABLE `filtersubscription` DISABLE KEYS */;
/*!40000 ALTER TABLE `filtersubscription` ENABLE KEYS */;
UNLOCK TABLES;

--
-- Table structure for table `gadgetuserpreference`
--

DROP TABLE IF EXISTS `gadgetuserpreference`;
/*!40101 SET @saved_cs_client     = @@character_set_client */;
/*!40101 SET character_set_client = utf8 */;
CREATE TABLE `gadgetuserpreference` (
  `ID` decimal(18,0) NOT NULL,
  `PORTLETCONFIGURATION` decimal(18,0) DEFAULT NULL,
  `USERPREFKEY` varchar(255) COLLATE utf8mb4_bin DEFAULT NULL,
  `USERPREFVALUE` longtext COLLATE utf8mb4_bin,
  PRIMARY KEY (`ID`),
  KEY `userpref_portletconfiguration` (`PORTLETCONFIGURATION`)
) ENGINE=InnoDB DEFAULT CHARSET=utf8mb4 COLLATE=utf8mb4_bin;
/*!40101 SET character_set_client = @saved_cs_client */;

--
-- Dumping data for table `gadgetuserpreference`
--

LOCK TABLES `gadgetuserpreference` WRITE;
/*!40000 ALTER TABLE `gadgetuserpreference` DISABLE KEYS */;
INSERT INTO `gadgetuserpreference` VALUES (10000,10002,'isConfigured','true'),(10001,10003,'keys','__all_projects__'),(10002,10003,'isConfigured','true'),(10003,10003,'title','Your Company Jira'),(10004,10003,'numofentries','5');
/*!40000 ALTER TABLE `gadgetuserpreference` ENABLE KEYS */;
UNLOCK TABLES;

--
-- Table structure for table `genericconfiguration`
--

DROP TABLE IF EXISTS `genericconfiguration`;
/*!40101 SET @saved_cs_client     = @@character_set_client */;
/*!40101 SET character_set_client = utf8 */;
CREATE TABLE `genericconfiguration` (
  `ID` decimal(18,0) NOT NULL,
  `DATATYPE` varchar(60) COLLATE utf8mb4_bin DEFAULT NULL,
  `DATAKEY` varchar(60) COLLATE utf8mb4_bin DEFAULT NULL,
  `XMLVALUE` text COLLATE utf8mb4_bin,
  PRIMARY KEY (`ID`),
  UNIQUE KEY `type_key` (`DATATYPE`,`DATAKEY`)
) ENGINE=InnoDB DEFAULT CHARSET=utf8mb4 COLLATE=utf8mb4_bin;
/*!40101 SET character_set_client = @saved_cs_client */;

--
-- Dumping data for table `genericconfiguration`
--

LOCK TABLES `genericconfiguration` WRITE;
/*!40000 ALTER TABLE `genericconfiguration` DISABLE KEYS */;
INSERT INTO `genericconfiguration` VALUES (10000,'DefaultValue','10000','<string>1</string>'),(10100,'DefaultValue','10207','<string>10001</string>'),(10101,'DefaultValue','10204','<long>10000</long>'),(10102,'DefaultValue','10208','<string>10001</string>');
/*!40000 ALTER TABLE `genericconfiguration` ENABLE KEYS */;
UNLOCK TABLES;

--
-- Table structure for table `globalpermissionentry`
--

DROP TABLE IF EXISTS `globalpermissionentry`;
/*!40101 SET @saved_cs_client     = @@character_set_client */;
/*!40101 SET character_set_client = utf8 */;
CREATE TABLE `globalpermissionentry` (
  `ID` decimal(18,0) NOT NULL,
  `PERMISSION` varchar(255) COLLATE utf8mb4_bin DEFAULT NULL,
  `GROUP_ID` varchar(255) COLLATE utf8mb4_bin DEFAULT NULL,
  PRIMARY KEY (`ID`)
) ENGINE=InnoDB DEFAULT CHARSET=utf8mb4 COLLATE=utf8mb4_bin;
/*!40101 SET character_set_client = @saved_cs_client */;

--
-- Dumping data for table `globalpermissionentry`
--

LOCK TABLES `globalpermissionentry` WRITE;
/*!40000 ALTER TABLE `globalpermissionentry` DISABLE KEYS */;
INSERT INTO `globalpermissionentry` VALUES (10000,'ADMINISTER','jira-administrators'),(10006,'SYSTEM_ADMIN','jira-administrators'),(10100,'MANAGE_GROUP_FILTER_SUBSCRIPTIONS','jira-software-users'),(10101,'BULK_CHANGE','jira-software-users'),(10102,'USER_PICKER','jira-software-users'),(10103,'CREATE_SHARED_OBJECTS','jira-software-users'),(10104,'USER_PICKER','jira-administrators'),(10105,'BULK_CHANGE','jira-administrators'),(10106,'CREATE_SHARED_OBJECTS','jira-administrators'),(10107,'MANAGE_GROUP_FILTER_SUBSCRIPTIONS','jira-administrators');
/*!40000 ALTER TABLE `globalpermissionentry` ENABLE KEYS */;
UNLOCK TABLES;

--
-- Table structure for table `groupbase`
--

DROP TABLE IF EXISTS `groupbase`;
/*!40101 SET @saved_cs_client     = @@character_set_client */;
/*!40101 SET character_set_client = utf8 */;
CREATE TABLE `groupbase` (
  `ID` decimal(18,0) NOT NULL,
  `groupname` varchar(255) COLLATE utf8mb4_bin DEFAULT NULL,
  PRIMARY KEY (`ID`),
  KEY `osgroup_name` (`groupname`)
) ENGINE=InnoDB DEFAULT CHARSET=utf8mb4 COLLATE=utf8mb4_bin;
/*!40101 SET character_set_client = @saved_cs_client */;

--
-- Dumping data for table `groupbase`
--

LOCK TABLES `groupbase` WRITE;
/*!40000 ALTER TABLE `groupbase` DISABLE KEYS */;
/*!40000 ALTER TABLE `groupbase` ENABLE KEYS */;
UNLOCK TABLES;

--
-- Table structure for table `issue_field_option`
--

DROP TABLE IF EXISTS `issue_field_option`;
/*!40101 SET @saved_cs_client     = @@character_set_client */;
/*!40101 SET character_set_client = utf8 */;
CREATE TABLE `issue_field_option` (
  `ID` decimal(18,0) NOT NULL,
  `OPTION_ID` decimal(18,0) DEFAULT NULL,
  `FIELD_KEY` varchar(255) COLLATE utf8mb4_bin DEFAULT NULL,
  `option_value` varchar(255) COLLATE utf8mb4_bin DEFAULT NULL,
  `PROPERTIES` text COLLATE utf8mb4_bin,
  PRIMARY KEY (`ID`)
) ENGINE=InnoDB DEFAULT CHARSET=utf8mb4 COLLATE=utf8mb4_bin;
/*!40101 SET character_set_client = @saved_cs_client */;

--
-- Dumping data for table `issue_field_option`
--

LOCK TABLES `issue_field_option` WRITE;
/*!40000 ALTER TABLE `issue_field_option` DISABLE KEYS */;
/*!40000 ALTER TABLE `issue_field_option` ENABLE KEYS */;
UNLOCK TABLES;

--
-- Table structure for table `issue_field_option_scope`
--

DROP TABLE IF EXISTS `issue_field_option_scope`;
/*!40101 SET @saved_cs_client     = @@character_set_client */;
/*!40101 SET character_set_client = utf8 */;
CREATE TABLE `issue_field_option_scope` (
  `ID` decimal(18,0) NOT NULL,
  `OPTION_ID` decimal(18,0) DEFAULT NULL,
  `ENTITY_ID` varchar(255) COLLATE utf8mb4_bin DEFAULT NULL,
  `SCOPE_TYPE` varchar(255) COLLATE utf8mb4_bin DEFAULT NULL,
  PRIMARY KEY (`ID`)
) ENGINE=InnoDB DEFAULT CHARSET=utf8mb4 COLLATE=utf8mb4_bin;
/*!40101 SET character_set_client = @saved_cs_client */;

--
-- Dumping data for table `issue_field_option_scope`
--

LOCK TABLES `issue_field_option_scope` WRITE;
/*!40000 ALTER TABLE `issue_field_option_scope` DISABLE KEYS */;
/*!40000 ALTER TABLE `issue_field_option_scope` ENABLE KEYS */;
UNLOCK TABLES;

--
-- Table structure for table `issuelink`
--

DROP TABLE IF EXISTS `issuelink`;
/*!40101 SET @saved_cs_client     = @@character_set_client */;
/*!40101 SET character_set_client = utf8 */;
CREATE TABLE `issuelink` (
  `ID` decimal(18,0) NOT NULL,
  `LINKTYPE` decimal(18,0) DEFAULT NULL,
  `SOURCE` decimal(18,0) DEFAULT NULL,
  `DESTINATION` decimal(18,0) DEFAULT NULL,
  `SEQUENCE` decimal(18,0) DEFAULT NULL,
  PRIMARY KEY (`ID`),
  KEY `issuelink_src` (`SOURCE`),
  KEY `issuelink_dest` (`DESTINATION`),
  KEY `issuelink_type` (`LINKTYPE`)
) ENGINE=InnoDB DEFAULT CHARSET=utf8mb4 COLLATE=utf8mb4_bin;
/*!40101 SET character_set_client = @saved_cs_client */;

--
-- Dumping data for table `issuelink`
--

LOCK TABLES `issuelink` WRITE;
/*!40000 ALTER TABLE `issuelink` DISABLE KEYS */;
INSERT INTO `issuelink` VALUES (10000,10100,10001,10002,0),(10001,10100,10001,10003,1),(10002,10100,10001,10004,2),(10003,10100,10000,10005,0),(10004,10100,10000,10006,1),(10005,10100,10001,10009,3),(10006,10100,10001,10010,4),(10007,10100,10001,10011,5);
/*!40000 ALTER TABLE `issuelink` ENABLE KEYS */;
UNLOCK TABLES;

--
-- Table structure for table `issuelinktype`
--

DROP TABLE IF EXISTS `issuelinktype`;
/*!40101 SET @saved_cs_client     = @@character_set_client */;
/*!40101 SET character_set_client = utf8 */;
CREATE TABLE `issuelinktype` (
  `ID` decimal(18,0) NOT NULL,
  `LINKNAME` varchar(255) COLLATE utf8mb4_bin DEFAULT NULL,
  `INWARD` varchar(255) COLLATE utf8mb4_bin DEFAULT NULL,
  `OUTWARD` varchar(255) COLLATE utf8mb4_bin DEFAULT NULL,
  `pstyle` varchar(60) COLLATE utf8mb4_bin DEFAULT NULL,
  PRIMARY KEY (`ID`),
  KEY `linktypename` (`LINKNAME`),
  KEY `linktypestyle` (`pstyle`)
) ENGINE=InnoDB DEFAULT CHARSET=utf8mb4 COLLATE=utf8mb4_bin;
/*!40101 SET character_set_client = @saved_cs_client */;

--
-- Dumping data for table `issuelinktype`
--

LOCK TABLES `issuelinktype` WRITE;
/*!40000 ALTER TABLE `issuelinktype` DISABLE KEYS */;
INSERT INTO `issuelinktype` VALUES (10000,'Blocks','is blocked by','blocks',NULL),(10001,'Cloners','is cloned by','clones',NULL),(10002,'Duplicate','is duplicated by','duplicates',NULL),(10003,'Relates','relates to','relates to',NULL),(10100,'jira_subtask_link','jira_subtask_inward','jira_subtask_outward','jira_subtask'),(10200,'Epic-Story Link','has Epic','is Epic of','jira_gh_epic_story');
/*!40000 ALTER TABLE `issuelinktype` ENABLE KEYS */;
UNLOCK TABLES;

--
-- Table structure for table `issuesecurityscheme`
--

DROP TABLE IF EXISTS `issuesecurityscheme`;
/*!40101 SET @saved_cs_client     = @@character_set_client */;
/*!40101 SET character_set_client = utf8 */;
CREATE TABLE `issuesecurityscheme` (
  `ID` decimal(18,0) NOT NULL,
  `NAME` varchar(255) COLLATE utf8mb4_bin DEFAULT NULL,
  `DESCRIPTION` text COLLATE utf8mb4_bin,
  `DEFAULTLEVEL` decimal(18,0) DEFAULT NULL,
  PRIMARY KEY (`ID`)
) ENGINE=InnoDB DEFAULT CHARSET=utf8mb4 COLLATE=utf8mb4_bin;
/*!40101 SET character_set_client = @saved_cs_client */;

--
-- Dumping data for table `issuesecurityscheme`
--

LOCK TABLES `issuesecurityscheme` WRITE;
/*!40000 ALTER TABLE `issuesecurityscheme` DISABLE KEYS */;
/*!40000 ALTER TABLE `issuesecurityscheme` ENABLE KEYS */;
UNLOCK TABLES;

--
-- Table structure for table `issuestatus`
--

DROP TABLE IF EXISTS `issuestatus`;
/*!40101 SET @saved_cs_client     = @@character_set_client */;
/*!40101 SET character_set_client = utf8 */;
CREATE TABLE `issuestatus` (
  `ID` varchar(60) COLLATE utf8mb4_bin NOT NULL,
  `SEQUENCE` decimal(18,0) DEFAULT NULL,
  `pname` varchar(60) COLLATE utf8mb4_bin DEFAULT NULL,
  `DESCRIPTION` text COLLATE utf8mb4_bin,
  `ICONURL` varchar(255) COLLATE utf8mb4_bin DEFAULT NULL,
  `STATUSCATEGORY` decimal(18,0) DEFAULT NULL,
  PRIMARY KEY (`ID`)
) ENGINE=InnoDB DEFAULT CHARSET=utf8mb4 COLLATE=utf8mb4_bin;
/*!40101 SET character_set_client = @saved_cs_client */;

--
-- Dumping data for table `issuestatus`
--

LOCK TABLES `issuestatus` WRITE;
/*!40000 ALTER TABLE `issuestatus` DISABLE KEYS */;
INSERT INTO `issuestatus` VALUES ('1',1,'Open','The issue is open and ready for the assignee to start work on it.','/images/icons/statuses/open.png',2),('10000',7,'To Do','','/',2),('10001',8,'Done','','/',3),('3',3,'In Progress','This issue is being actively worked on at the moment by the assignee.','/images/icons/statuses/inprogress.png',4),('4',4,'Reopened','This issue was once resolved, but the resolution was deemed incorrect. From here issues are either marked assigned or resolved.','/images/icons/statuses/reopened.png',2),('5',5,'Resolved','A resolution has been taken, and it is awaiting verification by reporter. From here issues are either reopened, or are closed.','/images/icons/statuses/resolved.png',3),('6',6,'Closed','The issue is considered finished, the resolution is correct. Issues which are closed can be reopened.','/images/icons/statuses/closed.png',3);
/*!40000 ALTER TABLE `issuestatus` ENABLE KEYS */;
UNLOCK TABLES;

--
-- Table structure for table `issuetype`
--

DROP TABLE IF EXISTS `issuetype`;
/*!40101 SET @saved_cs_client     = @@character_set_client */;
/*!40101 SET character_set_client = utf8 */;
CREATE TABLE `issuetype` (
  `ID` varchar(60) COLLATE utf8mb4_bin NOT NULL,
  `SEQUENCE` decimal(18,0) DEFAULT NULL,
  `pname` varchar(60) COLLATE utf8mb4_bin DEFAULT NULL,
  `pstyle` varchar(60) COLLATE utf8mb4_bin DEFAULT NULL,
  `DESCRIPTION` text COLLATE utf8mb4_bin,
  `ICONURL` varchar(255) COLLATE utf8mb4_bin DEFAULT NULL,
  `AVATAR` decimal(18,0) DEFAULT NULL,
  PRIMARY KEY (`ID`)
) ENGINE=InnoDB DEFAULT CHARSET=utf8mb4 COLLATE=utf8mb4_bin;
/*!40101 SET character_set_client = @saved_cs_client */;

--
-- Dumping data for table `issuetype`
--

LOCK TABLES `issuetype` WRITE;
/*!40000 ALTER TABLE `issuetype` DISABLE KEYS */;
INSERT INTO `issuetype` VALUES ('10000',NULL,'Epic',NULL,'Created by Jira Software - do not edit or delete. Issue type for a big user story that needs to be broken down.','/images/icons/issuetypes/epic.svg',NULL),('10001',NULL,'Story',NULL,'Created by Jira Software - do not edit or delete. Issue type for a user story.','/images/icons/issuetypes/story.svg',NULL),('10002',NULL,'Task','','A task that needs to be done.',NULL,10318),('10003',NULL,'Sub-task','jira_subtask','The sub-task of the issue',NULL,10316),('10004',NULL,'Bug','','A problem which impairs or prevents the functions of the product.',NULL,10303);
/*!40000 ALTER TABLE `issuetype` ENABLE KEYS */;
UNLOCK TABLES;

--
-- Table structure for table `issuetypescreenscheme`
--

DROP TABLE IF EXISTS `issuetypescreenscheme`;
/*!40101 SET @saved_cs_client     = @@character_set_client */;
/*!40101 SET character_set_client = utf8 */;
CREATE TABLE `issuetypescreenscheme` (
  `ID` decimal(18,0) NOT NULL,
  `NAME` varchar(255) COLLATE utf8mb4_bin DEFAULT NULL,
  `DESCRIPTION` varchar(255) COLLATE utf8mb4_bin DEFAULT NULL,
  PRIMARY KEY (`ID`)
) ENGINE=InnoDB DEFAULT CHARSET=utf8mb4 COLLATE=utf8mb4_bin;
/*!40101 SET character_set_client = @saved_cs_client */;

--
-- Dumping data for table `issuetypescreenscheme`
--

LOCK TABLES `issuetypescreenscheme` WRITE;
/*!40000 ALTER TABLE `issuetypescreenscheme` DISABLE KEYS */;
INSERT INTO `issuetypescreenscheme` VALUES (1,'Default Issue Type Screen Scheme','The default issue type screen scheme'),(10000,'DDRFLAS: Scrum Issue Type Screen Scheme',''),(10001,'CPUT: Scrum Issue Type Screen Scheme','');
/*!40000 ALTER TABLE `issuetypescreenscheme` ENABLE KEYS */;
UNLOCK TABLES;

--
-- Table structure for table `issuetypescreenschemeentity`
--

DROP TABLE IF EXISTS `issuetypescreenschemeentity`;
/*!40101 SET @saved_cs_client     = @@character_set_client */;
/*!40101 SET character_set_client = utf8 */;
CREATE TABLE `issuetypescreenschemeentity` (
  `ID` decimal(18,0) NOT NULL,
  `ISSUETYPE` varchar(255) COLLATE utf8mb4_bin DEFAULT NULL,
  `SCHEME` decimal(18,0) DEFAULT NULL,
  `FIELDSCREENSCHEME` decimal(18,0) DEFAULT NULL,
  PRIMARY KEY (`ID`),
  KEY `fieldscreen_scheme` (`FIELDSCREENSCHEME`)
) ENGINE=InnoDB DEFAULT CHARSET=utf8mb4 COLLATE=utf8mb4_bin;
/*!40101 SET character_set_client = @saved_cs_client */;

--
-- Dumping data for table `issuetypescreenschemeentity`
--

LOCK TABLES `issuetypescreenschemeentity` WRITE;
/*!40000 ALTER TABLE `issuetypescreenschemeentity` DISABLE KEYS */;
INSERT INTO `issuetypescreenschemeentity` VALUES (10000,NULL,1,1),(10100,NULL,10000,10000),(10101,'10004',10000,10001),(10102,NULL,10001,10002),(10103,'10004',10001,10003);
/*!40000 ALTER TABLE `issuetypescreenschemeentity` ENABLE KEYS */;
UNLOCK TABLES;

--
-- Table structure for table `jiraaction`
--

DROP TABLE IF EXISTS `jiraaction`;
/*!40101 SET @saved_cs_client     = @@character_set_client */;
/*!40101 SET character_set_client = utf8 */;
CREATE TABLE `jiraaction` (
  `ID` decimal(18,0) NOT NULL,
  `issueid` decimal(18,0) DEFAULT NULL,
  `AUTHOR` varchar(255) COLLATE utf8mb4_bin DEFAULT NULL,
  `actiontype` varchar(255) COLLATE utf8mb4_bin DEFAULT NULL,
  `actionlevel` varchar(255) COLLATE utf8mb4_bin DEFAULT NULL,
  `rolelevel` decimal(18,0) DEFAULT NULL,
  `actionbody` longtext COLLATE utf8mb4_bin,
  `CREATED` datetime DEFAULT NULL,
  `UPDATEAUTHOR` varchar(255) COLLATE utf8mb4_bin DEFAULT NULL,
  `UPDATED` datetime DEFAULT NULL,
  `actionnum` decimal(18,0) DEFAULT NULL,
  PRIMARY KEY (`ID`),
  KEY `action_author_created` (`AUTHOR`,`CREATED`),
  KEY `action_issue` (`issueid`)
) ENGINE=InnoDB DEFAULT CHARSET=utf8mb4 COLLATE=utf8mb4_bin;
/*!40101 SET character_set_client = @saved_cs_client */;

--
-- Dumping data for table `jiraaction`
--

LOCK TABLES `jiraaction` WRITE;
/*!40000 ALTER TABLE `jiraaction` DISABLE KEYS */;
INSERT INTO `jiraaction` VALUES (10000,10004,'JIRAUSER10000','comment',NULL,NULL,'从LOG及录音分析 看，是连续4次打电话录音都没有声音，可能是没有打出去。增加重试次数到8次。\r\n\r\n ','2022-09-06 05:45:39','JIRAUSER10000','2022-09-06 05:45:39',NULL),(10001,10002,'JIRAUSER10000','comment',NULL,NULL,'增加每台机器可以指定连接不同热点。看速度会不会下降。 用PC测试，服务器2台PC同时下载有110M的总速度。','2022-09-06 05:49:39','JIRAUSER10000','2022-09-06 05:49:39',NULL),(10002,10005,'JIRAUSER10000','comment',NULL,NULL,'!test_method.jpg!','2022-09-07 01:13:46','JIRAUSER10000','2022-09-07 01:13:46',NULL),(10003,10002,'JIRAUSER10000','comment',NULL,NULL,'改用FTP下载，目前速度能跑满10M， 多台测试不会影响速度，待产线验证。','2022-09-07 11:41:53','JIRAUSER10000','2022-09-07 11:41:53',NULL),(10004,10003,'JIRAUSER10000','comment',NULL,NULL,'代码问题，已修改','2022-09-09 07:59:25','JIRAUSER10000','2022-09-09 07:59:25',NULL),(10005,10007,'JIRAUSER10000','comment',NULL,NULL,'可以自动跑测试，但版本的USB ADB不通，需要排查分析','2022-09-13 08:33:37','JIRAUSER10000','2022-09-13 08:33:37',NULL),(10006,10009,'JIRAUSER10000','comment',NULL,NULL,'有概率扫不全，重测OKAY','2022-09-13 09:01:35','JIRAUSER10000','2022-09-13 09:01:35',NULL);
/*!40000 ALTER TABLE `jiraaction` ENABLE KEYS */;
UNLOCK TABLES;

--
-- Table structure for table `jiradraftworkflows`
--

DROP TABLE IF EXISTS `jiradraftworkflows`;
/*!40101 SET @saved_cs_client     = @@character_set_client */;
/*!40101 SET character_set_client = utf8 */;
CREATE TABLE `jiradraftworkflows` (
  `ID` decimal(18,0) NOT NULL,
  `PARENTNAME` varchar(255) COLLATE utf8mb4_bin DEFAULT NULL,
  `DESCRIPTOR` longtext COLLATE utf8mb4_bin,
  PRIMARY KEY (`ID`)
) ENGINE=InnoDB DEFAULT CHARSET=utf8mb4 COLLATE=utf8mb4_bin;
/*!40101 SET character_set_client = @saved_cs_client */;

--
-- Dumping data for table `jiradraftworkflows`
--

LOCK TABLES `jiradraftworkflows` WRITE;
/*!40000 ALTER TABLE `jiradraftworkflows` DISABLE KEYS */;
/*!40000 ALTER TABLE `jiradraftworkflows` ENABLE KEYS */;
UNLOCK TABLES;

--
-- Table structure for table `jiraeventtype`
--

DROP TABLE IF EXISTS `jiraeventtype`;
/*!40101 SET @saved_cs_client     = @@character_set_client */;
/*!40101 SET character_set_client = utf8 */;
CREATE TABLE `jiraeventtype` (
  `ID` decimal(18,0) NOT NULL,
  `TEMPLATE_ID` decimal(18,0) DEFAULT NULL,
  `NAME` varchar(255) COLLATE utf8mb4_bin DEFAULT NULL,
  `DESCRIPTION` text COLLATE utf8mb4_bin,
  `event_type` varchar(60) COLLATE utf8mb4_bin DEFAULT NULL,
  PRIMARY KEY (`ID`)
) ENGINE=InnoDB DEFAULT CHARSET=utf8mb4 COLLATE=utf8mb4_bin;
/*!40101 SET character_set_client = @saved_cs_client */;

--
-- Dumping data for table `jiraeventtype`
--

LOCK TABLES `jiraeventtype` WRITE;
/*!40000 ALTER TABLE `jiraeventtype` DISABLE KEYS */;
INSERT INTO `jiraeventtype` VALUES (1,NULL,'Issue Created','This is the \'issue created\' event.','jira.system.event.type'),(2,NULL,'Issue Updated','This is the \'issue updated\' event.','jira.system.event.type'),(3,NULL,'Issue Assigned','This is the \'issue assigned\' event.','jira.system.event.type'),(4,NULL,'Issue Resolved','This is the \'issue resolved\' event.','jira.system.event.type'),(5,NULL,'Issue Closed','This is the \'issue closed\' event.','jira.system.event.type'),(6,NULL,'Issue Commented','This is the \'issue commented\' event.','jira.system.event.type'),(7,NULL,'Issue Reopened','This is the \'issue reopened\' event.','jira.system.event.type'),(8,NULL,'Issue Deleted','This is the \'issue deleted\' event.','jira.system.event.type'),(9,NULL,'Issue Moved','This is the \'issue moved\' event.','jira.system.event.type'),(10,NULL,'Work Logged On Issue','This is the \'work logged on issue\' event.','jira.system.event.type'),(11,NULL,'Work Started On Issue','This is the \'work started on issue\' event.','jira.system.event.type'),(12,NULL,'Work Stopped On Issue','This is the \'work stopped on issue\' event.','jira.system.event.type'),(13,NULL,'Generic Event','This is the \'generic event\' event.','jira.system.event.type'),(14,NULL,'Issue Comment Edited','This is the \'issue comment edited\' event.','jira.system.event.type'),(15,NULL,'Issue Worklog Updated','This is the \'issue worklog updated\' event.','jira.system.event.type'),(16,NULL,'Issue Worklog Deleted','This is the \'issue worklog deleted\' event.','jira.system.event.type'),(17,NULL,'Issue Comment Deleted','This is the \'issue comment deleted\' event.','jira.system.event.type'),(18,NULL,'Issue Archived','This is the \'issue archived\' event','jira.system.event.type'),(19,NULL,'Issue Restored','This is the \'issue restored\' event','jira.system.event.type');
/*!40000 ALTER TABLE `jiraeventtype` ENABLE KEYS */;
UNLOCK TABLES;

--
-- Table structure for table `jiraissue`
--

DROP TABLE IF EXISTS `jiraissue`;
/*!40101 SET @saved_cs_client     = @@character_set_client */;
/*!40101 SET character_set_client = utf8 */;
CREATE TABLE `jiraissue` (
  `ID` decimal(18,0) NOT NULL,
  `pkey` varchar(255) COLLATE utf8mb4_bin DEFAULT NULL,
  `issuenum` decimal(18,0) DEFAULT NULL,
  `PROJECT` decimal(18,0) DEFAULT NULL,
  `REPORTER` varchar(255) COLLATE utf8mb4_bin DEFAULT NULL,
  `ASSIGNEE` varchar(255) COLLATE utf8mb4_bin DEFAULT NULL,
  `CREATOR` varchar(255) COLLATE utf8mb4_bin DEFAULT NULL,
  `issuetype` varchar(255) COLLATE utf8mb4_bin DEFAULT NULL,
  `SUMMARY` varchar(255) COLLATE utf8mb4_bin DEFAULT NULL,
  `DESCRIPTION` longtext COLLATE utf8mb4_bin,
  `ENVIRONMENT` longtext COLLATE utf8mb4_bin,
  `PRIORITY` varchar(255) COLLATE utf8mb4_bin DEFAULT NULL,
  `RESOLUTION` varchar(255) COLLATE utf8mb4_bin DEFAULT NULL,
  `issuestatus` varchar(255) COLLATE utf8mb4_bin DEFAULT NULL,
  `CREATED` datetime DEFAULT NULL,
  `UPDATED` datetime DEFAULT NULL,
  `DUEDATE` datetime DEFAULT NULL,
  `RESOLUTIONDATE` datetime DEFAULT NULL,
  `VOTES` decimal(18,0) DEFAULT NULL,
  `WATCHES` decimal(18,0) DEFAULT NULL,
  `TIMEORIGINALESTIMATE` decimal(18,0) DEFAULT NULL,
  `TIMEESTIMATE` decimal(18,0) DEFAULT NULL,
  `TIMESPENT` decimal(18,0) DEFAULT NULL,
  `WORKFLOW_ID` decimal(18,0) DEFAULT NULL,
  `SECURITY` decimal(18,0) DEFAULT NULL,
  `FIXFOR` decimal(18,0) DEFAULT NULL,
  `COMPONENT` decimal(18,0) DEFAULT NULL,
  `ARCHIVED` char(1) COLLATE utf8mb4_bin DEFAULT NULL,
  `ARCHIVEDBY` varchar(255) COLLATE utf8mb4_bin DEFAULT NULL,
  `ARCHIVEDDATE` datetime DEFAULT NULL,
  PRIMARY KEY (`ID`),
  KEY `issue_proj_num` (`issuenum`,`PROJECT`),
  KEY `issue_proj_status` (`PROJECT`,`issuestatus`),
  KEY `issue_created` (`CREATED`),
  KEY `issue_updated` (`UPDATED`),
  KEY `issue_duedate` (`DUEDATE`),
  KEY `issue_resolutiondate` (`RESOLUTIONDATE`),
  KEY `issue_assignee` (`ASSIGNEE`),
  KEY `issue_reporter` (`REPORTER`),
  KEY `issue_workflow` (`WORKFLOW_ID`),
  KEY `issue_votes` (`VOTES`),
  KEY `issue_watches` (`WATCHES`)
) ENGINE=InnoDB DEFAULT CHARSET=utf8mb4 COLLATE=utf8mb4_bin;
/*!40101 SET character_set_client = @saved_cs_client */;

--
-- Dumping data for table `jiraissue`
--

LOCK TABLES `jiraissue` WRITE;
/*!40000 ALTER TABLE `jiraissue` DISABLE KEYS */;
INSERT INTO `jiraissue` VALUES (10000,NULL,1,10000,'JIRAUSER10000','JIRAUSER10000','JIRAUSER10000','10002','MTK6761 2G lpddr4x 整机老化一段时间后，一直重启','!微信图片_20220830110636.jpg!\r\n\r\n100K料，做了2K整机。\r\n\r\n 更换emmc后再次刷机故障相同，更换LPDDR故障消失\r\n\r\n每次老化后都会有新的失效的DDR。DDR取下来验证，都是会不开始或者测试坏。',NULL,'3',NULL,'10000','2022-08-30 02:40:13','2022-09-07 01:07:12',NULL,NULL,0,1,NULL,NULL,NULL,10000,NULL,NULL,NULL,'N',NULL,NULL),(10001,NULL,1,10001,'JIRAUSER10000','JIRAUSER10000','JIRAUSER10000','10001','G2030 6771自动化测试',NULL,NULL,'3',NULL,'10000','2022-09-02 08:03:26','2022-09-02 08:03:35',NULL,NULL,0,1,NULL,NULL,NULL,10001,NULL,NULL,NULL,'N',NULL,NULL),(10002,NULL,2,10001,'JIRAUSER10000','JIRAUSER10000','JIRAUSER10000','10003','多台机器 WIFI测试速度会变慢',NULL,NULL,'3',NULL,'3','2022-09-02 08:04:24','2022-09-08 01:17:30',NULL,NULL,0,1,NULL,NULL,NULL,10002,NULL,NULL,NULL,'N',NULL,NULL),(10003,NULL,3,10001,'JIRAUSER10000','JIRAUSER10000','JIRAUSER10000','10003','GPS测试时要放大器拿很近，接天线无效','1： 对比其它型号的夹具，及手机，看看是放大器问题，还是主板问题。 距离要这么近。',NULL,'3','10000','10001','2022-09-02 08:05:22','2022-09-09 07:59:39',NULL,'2022-09-09 07:59:27',0,1,NULL,NULL,NULL,10003,NULL,NULL,NULL,'N',NULL,NULL),(10004,NULL,4,10001,'JIRAUSER10000',NULL,'JIRAUSER10000','10003','电话还是有概率FAILED',NULL,NULL,'3',NULL,'10000','2022-09-05 05:56:05','2022-09-06 05:45:39',NULL,NULL,0,1,NULL,NULL,NULL,10004,NULL,NULL,NULL,'N',NULL,NULL),(10005,NULL,2,10000,'JIRAUSER10000',NULL,'JIRAUSER10000','10003','供应商提供测试报告','[^Keymos_DA 16Gb LPDDR4x Issue Failure Report for Xiaowa(3).pptx]',NULL,'3','10000','10001','2022-09-06 05:56:56','2022-09-13 08:34:08',NULL,'2022-09-13 08:34:08',0,1,NULL,NULL,NULL,10005,NULL,NULL,NULL,'N',NULL,NULL),(10006,NULL,3,10000,'JIRAUSER10000',NULL,'JIRAUSER10000','10003','新批次的2G D4X物料验证','[^EL4BXBBBB1-XOMR 批4800良率报表(1)(2)(1)(2).xlsx]\r\n\r\n新物料每次测试仍是有失效的问题',NULL,'3',NULL,'10000','2022-09-06 05:57:22','2022-09-06 05:59:06',NULL,NULL,0,1,NULL,NULL,NULL,10006,NULL,NULL,NULL,'N',NULL,NULL),(10007,NULL,4,10000,'JIRAUSER10000','JIRAUSER10000','JIRAUSER10000','10002','MT6875 主板内存自动测试',NULL,NULL,'3',NULL,'3','2022-09-08 08:01:16','2022-09-13 08:33:37',NULL,NULL,0,1,NULL,NULL,NULL,10007,NULL,NULL,NULL,'N',NULL,NULL),(10008,NULL,5,10001,'JIRAUSER10000','JIRAUSER10000','JIRAUSER10000','10002','62套片王者荣耀海外版也是黑的',NULL,NULL,'3','10000','10001','2022-09-09 02:26:37','2022-09-09 02:26:43',NULL,'2022-09-09 02:26:43',0,1,NULL,NULL,NULL,10008,NULL,NULL,NULL,'N',NULL,NULL),(10009,NULL,6,10001,'JIRAUSER10000',NULL,'JIRAUSER10000','10003','WIFI信号有误浿',NULL,NULL,'3',NULL,'10000','2022-09-09 07:58:10','2022-09-13 09:01:35',NULL,NULL,0,1,NULL,NULL,NULL,10009,NULL,NULL,NULL,'N',NULL,NULL),(10010,NULL,7,10001,'JIRAUSER10000',NULL,'JIRAUSER10000','10003','CPU 的测试去掉WIFI下载验证，6631测试下加上下载测试。',NULL,NULL,'3',NULL,'10000','2022-09-09 07:59:06','2022-09-09 07:59:06',NULL,NULL,0,1,NULL,NULL,NULL,10010,NULL,NULL,NULL,'N',NULL,NULL),(10011,NULL,8,10001,'JIRAUSER10000',NULL,'JIRAUSER10000','10003','FM有误测',NULL,NULL,'3',NULL,'10000','2022-09-13 08:41:27','2022-09-13 08:41:27',NULL,NULL,0,1,NULL,NULL,NULL,10011,NULL,NULL,NULL,'N',NULL,NULL),(10012,NULL,5,10000,'JIRAUSER10000','JIRAUSER10000','JIRAUSER10000','10002','178 1G 7731e 异常物料分析',NULL,NULL,'3',NULL,'3','2022-09-14 03:05:50','2022-09-14 03:05:59',NULL,NULL,0,1,NULL,NULL,NULL,10012,NULL,NULL,NULL,'N',NULL,NULL),(10013,NULL,6,10000,'JIRAUSER10000','JIRAUSER10000','JIRAUSER10000','10002','8+256 ADAR 老化前后性能衰退太严重','安装TOP300 + MONKEY 3天+androbench + 填充剩余15G左右 + 启动测试 + androbench',NULL,'3',NULL,'10000','2022-09-14 05:58:38','2022-09-14 05:59:30',NULL,NULL,0,1,NULL,NULL,NULL,10013,NULL,NULL,NULL,'N',NULL,NULL);
/*!40000 ALTER TABLE `jiraissue` ENABLE KEYS */;
UNLOCK TABLES;

--
-- Table structure for table `jiraperms`
--

DROP TABLE IF EXISTS `jiraperms`;
/*!40101 SET @saved_cs_client     = @@character_set_client */;
/*!40101 SET character_set_client = utf8 */;
CREATE TABLE `jiraperms` (
  `ID` decimal(18,0) NOT NULL,
  `permtype` decimal(18,0) DEFAULT NULL,
  `projectid` decimal(18,0) DEFAULT NULL,
  `groupname` varchar(255) COLLATE utf8mb4_bin DEFAULT NULL,
  PRIMARY KEY (`ID`)
) ENGINE=InnoDB DEFAULT CHARSET=utf8mb4 COLLATE=utf8mb4_bin;
/*!40101 SET character_set_client = @saved_cs_client */;

--
-- Dumping data for table `jiraperms`
--

LOCK TABLES `jiraperms` WRITE;
/*!40000 ALTER TABLE `jiraperms` DISABLE KEYS */;
/*!40000 ALTER TABLE `jiraperms` ENABLE KEYS */;
UNLOCK TABLES;

--
-- Table structure for table `jiraworkflows`
--

DROP TABLE IF EXISTS `jiraworkflows`;
/*!40101 SET @saved_cs_client     = @@character_set_client */;
/*!40101 SET character_set_client = utf8 */;
CREATE TABLE `jiraworkflows` (
  `ID` decimal(18,0) NOT NULL,
  `workflowname` varchar(255) COLLATE utf8mb4_bin DEFAULT NULL,
  `creatorname` varchar(255) COLLATE utf8mb4_bin DEFAULT NULL,
  `DESCRIPTOR` longtext COLLATE utf8mb4_bin,
  `ISLOCKED` varchar(60) COLLATE utf8mb4_bin DEFAULT NULL,
  PRIMARY KEY (`ID`)
) ENGINE=InnoDB DEFAULT CHARSET=utf8mb4 COLLATE=utf8mb4_bin;
/*!40101 SET character_set_client = @saved_cs_client */;

--
-- Dumping data for table `jiraworkflows`
--

LOCK TABLES `jiraworkflows` WRITE;
/*!40000 ALTER TABLE `jiraworkflows` DISABLE KEYS */;
INSERT INTO `jiraworkflows` VALUES (10000,'classic default workflow',NULL,'<?xml version=\"1.0\" encoding=\"UTF-8\"?>\n<!DOCTYPE workflow PUBLIC \"-//OpenSymphony Group//DTD OSWorkflow 2.8//EN\" \"http://www.opensymphony.com/osworkflow/workflow_2_8.dtd\">\n<workflow>\n  <meta name=\"jira.description\">The classic Jira default workflow</meta>\n  <initial-actions>\n    <action id=\"1\" name=\"Create Issue\">\n      <meta name=\"opsbar-sequence\">0</meta>\n      <meta name=\"jira.i18n.title\">common.forms.create</meta>\n      <validators>\n        <validator name=\"\" type=\"class\">\n          <arg name=\"class.name\">com.atlassian.jira.workflow.validator.PermissionValidator</arg>\n          <arg name=\"permission\">Create Issue</arg>\n        </validator>\n      </validators>\n      <results>\n        <unconditional-result old-status=\"Finished\" status=\"Open\" step=\"1\">\n          <post-functions>\n            <function type=\"class\">\n              <arg name=\"class.name\">com.atlassian.jira.workflow.function.issue.IssueCreateFunction</arg>\n            </function>\n            <function type=\"class\">\n              <arg name=\"class.name\">com.atlassian.jira.workflow.function.event.FireIssueEventFunction</arg>\n              <arg name=\"eventTypeId\">1</arg>\n            </function>\n          </post-functions>\n        </unconditional-result>\n      </results>\n    </action>\n  </initial-actions>\n  <common-actions>\n    <action id=\"2\" name=\"Close Issue\" view=\"resolveissue\">\n      <meta name=\"opsbar-sequence\">60</meta>\n      <meta name=\"jira.i18n.submit\">closeissue.close</meta>\n      <meta name=\"jira.i18n.description\">closeissue.desc</meta>\n      <meta name=\"jira.i18n.title\">closeissue.title</meta>\n      <restrict-to>\n        <conditions type=\"AND\">\n          <condition type=\"class\">\n            <arg name=\"class.name\">com.atlassian.jira.workflow.condition.PermissionCondition</arg>\n            <arg name=\"permission\">Resolve Issue</arg>\n          </condition>\n          <condition type=\"class\">\n            <arg name=\"class.name\">com.atlassian.jira.workflow.condition.PermissionCondition</arg>\n            <arg name=\"permission\">Close Issue</arg>\n          </condition>\n        </conditions>\n      </restrict-to>\n      <results>\n        <unconditional-result old-status=\"Finished\" status=\"Closed\" step=\"6\">\n          <post-functions>\n            <function type=\"class\">\n              <arg name=\"class.name\">com.atlassian.jira.workflow.function.issue.UpdateIssueStatusFunction</arg>\n            </function>\n            <function type=\"class\">\n              <arg name=\"class.name\">com.atlassian.jira.workflow.function.misc.CreateCommentFunction</arg>\n            </function>\n            <function type=\"class\">\n              <arg name=\"class.name\">com.atlassian.jira.workflow.function.issue.GenerateChangeHistoryFunction</arg>\n            </function>\n            <function type=\"class\">\n              <arg name=\"class.name\">com.atlassian.jira.workflow.function.issue.IssueReindexFunction</arg>\n            </function>\n            <function type=\"class\">\n              <arg name=\"class.name\">com.atlassian.jira.workflow.function.event.FireIssueEventFunction</arg>\n              <arg name=\"eventTypeId\">5</arg>\n            </function>\n          </post-functions>\n        </unconditional-result>\n      </results>\n    </action>\n    <action id=\"3\" name=\"Reopen Issue\" view=\"commentassign\">\n      <meta name=\"opsbar-sequence\">80</meta>\n      <meta name=\"jira.i18n.submit\">issue.operations.reopen.issue</meta>\n      <meta name=\"jira.i18n.description\">issue.operations.reopen.description</meta>\n      <meta name=\"jira.i18n.title\">issue.operations.reopen.issue</meta>\n      <restrict-to>\n        <conditions>\n          <condition type=\"class\">\n            <arg name=\"class.name\">com.atlassian.jira.workflow.condition.PermissionCondition</arg>\n            <arg name=\"permission\">Resolve Issue</arg>\n          </condition>\n        </conditions>\n      </restrict-to>\n      <results>\n        <unconditional-result old-status=\"Finished\" status=\"Reopened\" step=\"5\">\n          <post-functions>\n            <function type=\"class\">\n              <arg name=\"class.name\">com.atlassian.jira.workflow.function.issue.UpdateIssueFieldFunction</arg>\n              <arg name=\"field.value\"></arg>\n              <arg name=\"field.name\">resolution</arg>\n            </function>\n            <function type=\"class\">\n              <arg name=\"class.name\">com.atlassian.jira.workflow.function.issue.UpdateIssueStatusFunction</arg>\n            </function>\n            <function type=\"class\">\n              <arg name=\"class.name\">com.atlassian.jira.workflow.function.misc.CreateCommentFunction</arg>\n            </function>\n            <function type=\"class\">\n              <arg name=\"class.name\">com.atlassian.jira.workflow.function.issue.GenerateChangeHistoryFunction</arg>\n            </function>\n            <function type=\"class\">\n              <arg name=\"class.name\">com.atlassian.jira.workflow.function.issue.IssueReindexFunction</arg>\n            </function>\n            <function type=\"class\">\n              <arg name=\"class.name\">com.atlassian.jira.workflow.function.event.FireIssueEventFunction</arg>\n              <arg name=\"eventTypeId\">7</arg>\n            </function>\n          </post-functions>\n        </unconditional-result>\n      </results>\n    </action>\n    <action id=\"4\" name=\"Start Progress\">\n      <meta name=\"opsbar-sequence\">20</meta>\n      <meta name=\"jira.i18n.title\">startprogress.title</meta>\n      <restrict-to>\n        <conditions>\n          <condition type=\"class\">\n            <arg name=\"class.name\">com.atlassian.jira.workflow.condition.AllowOnlyAssignee</arg>\n          </condition>\n        </conditions>\n      </restrict-to>\n      <results>\n        <unconditional-result old-status=\"Finished\" status=\"Underway\" step=\"3\">\n          <post-functions>\n            <function type=\"class\">\n              <arg name=\"class.name\">com.atlassian.jira.workflow.function.issue.UpdateIssueFieldFunction</arg>\n              <arg name=\"field.value\"></arg>\n              <arg name=\"field.name\">resolution</arg>\n            </function>\n            <function type=\"class\">\n              <arg name=\"class.name\">com.atlassian.jira.workflow.function.issue.UpdateIssueStatusFunction</arg>\n            </function>\n            <function type=\"class\">\n              <arg name=\"class.name\">com.atlassian.jira.workflow.function.misc.CreateCommentFunction</arg>\n            </function>\n            <function type=\"class\">\n              <arg name=\"class.name\">com.atlassian.jira.workflow.function.issue.GenerateChangeHistoryFunction</arg>\n            </function>\n            <function type=\"class\">\n              <arg name=\"class.name\">com.atlassian.jira.workflow.function.issue.IssueReindexFunction</arg>\n            </function>\n            <function type=\"class\">\n              <arg name=\"class.name\">com.atlassian.jira.workflow.function.event.FireIssueEventFunction</arg>\n              <arg name=\"eventTypeId\">11</arg>\n            </function>\n          </post-functions>\n        </unconditional-result>\n      </results>\n    </action>\n    <action id=\"5\" name=\"Resolve Issue\" view=\"resolveissue\">\n      <meta name=\"opsbar-sequence\">40</meta>\n      <meta name=\"jira.i18n.submit\">resolveissue.resolve</meta>\n      <meta name=\"jira.i18n.description\">resolveissue.desc.line1</meta>\n      <meta name=\"jira.i18n.title\">resolveissue.title</meta>\n      <restrict-to>\n        <conditions>\n          <condition type=\"class\">\n            <arg name=\"class.name\">com.atlassian.jira.workflow.condition.PermissionCondition</arg>\n            <arg name=\"permission\">Resolve Issue</arg>\n          </condition>\n        </conditions>\n      </restrict-to>\n      <results>\n        <unconditional-result old-status=\"Finished\" status=\"Resolved\" step=\"4\">\n          <post-functions>\n            <function type=\"class\">\n              <arg name=\"class.name\">com.atlassian.jira.workflow.function.issue.UpdateIssueStatusFunction</arg>\n            </function>\n            <function type=\"class\">\n              <arg name=\"class.name\">com.atlassian.jira.workflow.function.misc.CreateCommentFunction</arg>\n            </function>\n            <function type=\"class\">\n              <arg name=\"class.name\">com.atlassian.jira.workflow.function.issue.GenerateChangeHistoryFunction</arg>\n            </function>\n            <function type=\"class\">\n              <arg name=\"class.name\">com.atlassian.jira.workflow.function.issue.IssueReindexFunction</arg>\n            </function>\n            <function type=\"class\">\n              <arg name=\"class.name\">com.atlassian.jira.workflow.function.event.FireIssueEventFunction</arg>\n              <arg name=\"eventTypeId\">4</arg>\n            </function>\n          </post-functions>\n        </unconditional-result>\n      </results>\n    </action>\n  </common-actions>\n  <steps>\n    <step id=\"1\" name=\"Open\">\n      <meta name=\"jira.status.id\">1</meta>\n      <actions>\n<common-action id=\"4\" />\n<common-action id=\"5\" />\n<common-action id=\"2\" />\n      </actions>\n    </step>\n    <step id=\"3\" name=\"In Progress\">\n      <meta name=\"jira.status.id\">3</meta>\n      <actions>\n<common-action id=\"5\" />\n<common-action id=\"2\" />\n        <action id=\"301\" name=\"Stop Progress\">\n          <meta name=\"opsbar-sequence\">20</meta>\n          <meta name=\"jira.i18n.title\">stopprogress.title</meta>\n          <restrict-to>\n            <conditions>\n              <condition type=\"class\">\n                <arg name=\"class.name\">com.atlassian.jira.workflow.condition.AllowOnlyAssignee</arg>\n              </condition>\n            </conditions>\n          </restrict-to>\n          <results>\n            <unconditional-result old-status=\"Finished\" status=\"Assigned\" step=\"1\">\n              <post-functions>\n                <function type=\"class\">\n                  <arg name=\"class.name\">com.atlassian.jira.workflow.function.issue.UpdateIssueFieldFunction</arg>\n                  <arg name=\"field.value\"></arg>\n                  <arg name=\"field.name\">resolution</arg>\n                </function>\n                <function type=\"class\">\n                  <arg name=\"class.name\">com.atlassian.jira.workflow.function.issue.UpdateIssueStatusFunction</arg>\n                </function>\n                <function type=\"class\">\n                  <arg name=\"class.name\">com.atlassian.jira.workflow.function.misc.CreateCommentFunction</arg>\n                </function>\n                <function type=\"class\">\n                  <arg name=\"class.name\">com.atlassian.jira.workflow.function.issue.GenerateChangeHistoryFunction</arg>\n                </function>\n                <function type=\"class\">\n                  <arg name=\"class.name\">com.atlassian.jira.workflow.function.issue.IssueReindexFunction</arg>\n                </function>\n                <function type=\"class\">\n                  <arg name=\"class.name\">com.atlassian.jira.workflow.function.event.FireIssueEventFunction</arg>\n                  <arg name=\"eventTypeId\">12</arg>\n                </function>\n              </post-functions>\n            </unconditional-result>\n          </results>\n        </action>\n      </actions>\n    </step>\n    <step id=\"4\" name=\"Resolved\">\n      <meta name=\"jira.status.id\">5</meta>\n      <actions>\n<common-action id=\"3\" />\n        <action id=\"701\" name=\"Close Issue\" view=\"commentassign\">\n          <meta name=\"opsbar-sequence\">60</meta>\n          <meta name=\"jira.i18n.submit\">closeissue.close</meta>\n          <meta name=\"jira.i18n.description\">closeissue.desc</meta>\n          <meta name=\"jira.i18n.title\">closeissue.title</meta>\n          <meta name=\"jira.description\">Closing an issue indicates there is no more work to be done on it, and it has been verified as complete.</meta>\n          <restrict-to>\n            <conditions>\n              <condition type=\"class\">\n                <arg name=\"class.name\">com.atlassian.jira.workflow.condition.PermissionCondition</arg>\n                <arg name=\"permission\">Close Issue</arg>\n              </condition>\n            </conditions>\n          </restrict-to>\n          <results>\n            <unconditional-result old-status=\"Finished\" status=\"Closed\" step=\"6\">\n              <post-functions>\n                <function type=\"class\">\n                  <arg name=\"class.name\">com.atlassian.jira.workflow.function.issue.UpdateIssueStatusFunction</arg>\n                </function>\n                <function type=\"class\">\n                  <arg name=\"class.name\">com.atlassian.jira.workflow.function.misc.CreateCommentFunction</arg>\n                </function>\n                <function type=\"class\">\n                  <arg name=\"class.name\">com.atlassian.jira.workflow.function.issue.GenerateChangeHistoryFunction</arg>\n                </function>\n                <function type=\"class\">\n                  <arg name=\"class.name\">com.atlassian.jira.workflow.function.issue.IssueReindexFunction</arg>\n                </function>\n                <function type=\"class\">\n                  <arg name=\"class.name\">com.atlassian.jira.workflow.function.event.FireIssueEventFunction</arg>\n                  <arg name=\"eventTypeId\">5</arg>\n                </function>\n              </post-functions>\n            </unconditional-result>\n          </results>\n        </action>\n      </actions>\n    </step>\n    <step id=\"5\" name=\"Reopened\">\n      <meta name=\"jira.status.id\">4</meta>\n      <actions>\n<common-action id=\"5\" />\n<common-action id=\"2\" />\n<common-action id=\"4\" />\n      </actions>\n    </step>\n    <step id=\"6\" name=\"Closed\">\n      <meta name=\"jira.status.id\">6</meta>\n      <meta name=\"jira.issue.editable\">false</meta>\n      <actions>\n<common-action id=\"3\" />\n      </actions>\n    </step>\n  </steps>\n</workflow>\n',NULL),(10100,'Software Simplified Workflow for Project DDRFLAS',NULL,'<?xml version=\"1.0\" encoding=\"UTF-8\"?>\n<!DOCTYPE workflow PUBLIC \"-//OpenSymphony Group//DTD OSWorkflow 2.8//EN\" \"http://www.opensymphony.com/osworkflow/workflow_2_8.dtd\">\n<workflow>\n  <meta name=\"jira.description\">Generated by JIRA Software version 8.8.1. This workflow is managed internally by Jira Software. Do not manually modify this workflow.</meta>\n  <meta name=\"jira.update.author.key\">JIRAUSER10000</meta>\n  <meta name=\"jira.updated.date\">1661827170406</meta>\n  <meta name=\"jira.update.author.name\">admin</meta>\n  <meta name=\"gh.version\">8.8.1</meta>\n  <initial-actions>\n    <action id=\"1\" name=\"Create\">\n      <meta name=\"jira.i18n.title\">common.forms.create</meta>\n      <validators>\n        <validator name=\"\" type=\"class\">\n          <arg name=\"permission\">Create Issue</arg>\n          <arg name=\"class.name\">com.atlassian.jira.workflow.validator.PermissionValidator</arg>\n        </validator>\n      </validators>\n      <results>\n        <unconditional-result old-status=\"null\" status=\"To Do\" step=\"1\">\n          <post-functions>\n            <function type=\"class\">\n              <arg name=\"class.name\">com.atlassian.jira.workflow.function.issue.IssueCreateFunction</arg>\n            </function>\n            <function type=\"class\">\n              <arg name=\"class.name\">com.atlassian.jira.workflow.function.issue.IssueReindexFunction</arg>\n            </function>\n            <function type=\"class\">\n              <arg name=\"eventTypeId\">1</arg>\n              <arg name=\"class.name\">com.atlassian.jira.workflow.function.event.FireIssueEventFunction\n                            </arg>\n            </function>\n          </post-functions>\n        </unconditional-result>\n      </results>\n    </action>\n  </initial-actions>\n  <global-actions>\n    <action id=\"11\" name=\"To Do\">\n      <meta name=\"jira.description\"></meta>\n      <meta name=\"jira.i18n.title\">gh.workflow.preset.todo</meta>\n      <results>\n        <unconditional-result old-status=\"Not Done\" status=\"Done\" step=\"1\">\n          <post-functions>\n            <function type=\"class\">\n              <arg name=\"field.name\">resolution</arg>\n              <arg name=\"field.value\"></arg>\n              <arg name=\"class.name\">com.atlassian.jira.workflow.function.issue.UpdateIssueFieldFunction\n                            </arg>\n            </function>\n            <function type=\"class\">\n              <arg name=\"class.name\">com.atlassian.jira.workflow.function.issue.UpdateIssueStatusFunction\n                            </arg>\n            </function>\n            <function type=\"class\">\n              <arg name=\"class.name\">com.atlassian.jira.workflow.function.misc.CreateCommentFunction</arg>\n            </function>\n            <function type=\"class\">\n              <arg name=\"class.name\">\n                                com.atlassian.jira.workflow.function.issue.GenerateChangeHistoryFunction\n                            </arg>\n            </function>\n            <function type=\"class\">\n              <arg name=\"class.name\">com.atlassian.jira.workflow.function.issue.IssueReindexFunction</arg>\n            </function>\n            <function type=\"class\">\n              <arg name=\"eventTypeId\">13</arg>\n              <arg name=\"class.name\">com.atlassian.jira.workflow.function.event.FireIssueEventFunction\n                            </arg>\n            </function>\n          </post-functions>\n        </unconditional-result>\n      </results>\n    </action>\n    <action id=\"21\" name=\"In Progress\">\n      <meta name=\"jira.description\"></meta>\n      <meta name=\"jira.i18n.title\">gh.workflow.preset.inprogress</meta>\n      <results>\n        <unconditional-result old-status=\"Not Done\" status=\"Done\" step=\"6\">\n          <post-functions>\n            <function type=\"class\">\n              <arg name=\"field.name\">resolution</arg>\n              <arg name=\"field.value\"></arg>\n              <arg name=\"class.name\">com.atlassian.jira.workflow.function.issue.UpdateIssueFieldFunction\n                            </arg>\n            </function>\n            <function type=\"class\">\n              <arg name=\"class.name\">com.atlassian.jira.workflow.function.issue.UpdateIssueStatusFunction\n                            </arg>\n            </function>\n            <function type=\"class\">\n              <arg name=\"class.name\">com.atlassian.jira.workflow.function.misc.CreateCommentFunction</arg>\n            </function>\n            <function type=\"class\">\n              <arg name=\"class.name\">\n                                com.atlassian.jira.workflow.function.issue.GenerateChangeHistoryFunction\n                            </arg>\n            </function>\n            <function type=\"class\">\n              <arg name=\"class.name\">com.atlassian.jira.workflow.function.issue.IssueReindexFunction</arg>\n            </function>\n            <function type=\"class\">\n              <arg name=\"eventTypeId\">13</arg>\n              <arg name=\"class.name\">com.atlassian.jira.workflow.function.event.FireIssueEventFunction\n                            </arg>\n            </function>\n          </post-functions>\n        </unconditional-result>\n      </results>\n    </action>\n    <action id=\"31\" name=\"Done\">\n      <meta name=\"jira.description\"></meta>\n      <meta name=\"jira.i18n.title\">gh.workflow.preset.done</meta>\n      <results>\n        <unconditional-result old-status=\"Not Done\" status=\"Done\" step=\"11\">\n          <post-functions>\n            <function type=\"class\">\n              <arg name=\"field.name\">resolution</arg>\n              <arg name=\"field.value\">10000</arg>\n              <arg name=\"class.name\">com.atlassian.jira.workflow.function.issue.UpdateIssueFieldFunction\n                            </arg>\n            </function>\n            <function type=\"class\">\n              <arg name=\"class.name\">com.atlassian.jira.workflow.function.issue.UpdateIssueStatusFunction\n                            </arg>\n            </function>\n            <function type=\"class\">\n              <arg name=\"class.name\">com.atlassian.jira.workflow.function.misc.CreateCommentFunction</arg>\n            </function>\n            <function type=\"class\">\n              <arg name=\"class.name\">\n                                com.atlassian.jira.workflow.function.issue.GenerateChangeHistoryFunction\n                            </arg>\n            </function>\n            <function type=\"class\">\n              <arg name=\"class.name\">com.atlassian.jira.workflow.function.issue.IssueReindexFunction</arg>\n            </function>\n            <function type=\"class\">\n              <arg name=\"eventTypeId\">13</arg>\n              <arg name=\"class.name\">com.atlassian.jira.workflow.function.event.FireIssueEventFunction\n                            </arg>\n            </function>\n          </post-functions>\n        </unconditional-result>\n      </results>\n    </action>\n  </global-actions>\n  <steps>\n    <step id=\"1\" name=\"To Do\">\n      <meta name=\"jira.status.id\">10000</meta>\n    </step>\n    <step id=\"6\" name=\"In Progress\">\n      <meta name=\"jira.status.id\">3</meta>\n    </step>\n    <step id=\"11\" name=\"Done\">\n      <meta name=\"jira.status.id\">10001</meta>\n    </step>\n  </steps>\n</workflow>\n',NULL),(10101,'Software Simplified Workflow for Project CPUT',NULL,'<?xml version=\"1.0\" encoding=\"UTF-8\"?>\n<!DOCTYPE workflow PUBLIC \"-//OpenSymphony Group//DTD OSWorkflow 2.8//EN\" \"http://www.opensymphony.com/osworkflow/workflow_2_8.dtd\">\n<workflow>\n  <meta name=\"jira.description\">Generated by JIRA Software version 8.8.1. This workflow is managed internally by Jira Software. Do not manually modify this workflow.</meta>\n  <meta name=\"jira.update.author.key\">JIRAUSER10000</meta>\n  <meta name=\"jira.updated.date\">1662105780413</meta>\n  <meta name=\"jira.update.author.name\">admin</meta>\n  <meta name=\"gh.version\">8.8.1</meta>\n  <initial-actions>\n    <action id=\"1\" name=\"Create\">\n      <meta name=\"jira.i18n.title\">common.forms.create</meta>\n      <validators>\n        <validator name=\"\" type=\"class\">\n          <arg name=\"permission\">Create Issue</arg>\n          <arg name=\"class.name\">com.atlassian.jira.workflow.validator.PermissionValidator</arg>\n        </validator>\n      </validators>\n      <results>\n        <unconditional-result old-status=\"null\" status=\"To Do\" step=\"1\">\n          <post-functions>\n            <function type=\"class\">\n              <arg name=\"class.name\">com.atlassian.jira.workflow.function.issue.IssueCreateFunction</arg>\n            </function>\n            <function type=\"class\">\n              <arg name=\"class.name\">com.atlassian.jira.workflow.function.issue.IssueReindexFunction</arg>\n            </function>\n            <function type=\"class\">\n              <arg name=\"eventTypeId\">1</arg>\n              <arg name=\"class.name\">com.atlassian.jira.workflow.function.event.FireIssueEventFunction\n                            </arg>\n            </function>\n          </post-functions>\n        </unconditional-result>\n      </results>\n    </action>\n  </initial-actions>\n  <global-actions>\n    <action id=\"11\" name=\"To Do\">\n      <meta name=\"jira.description\"></meta>\n      <meta name=\"jira.i18n.title\">gh.workflow.preset.todo</meta>\n      <results>\n        <unconditional-result old-status=\"Not Done\" status=\"Done\" step=\"1\">\n          <post-functions>\n            <function type=\"class\">\n              <arg name=\"field.name\">resolution</arg>\n              <arg name=\"field.value\"></arg>\n              <arg name=\"class.name\">com.atlassian.jira.workflow.function.issue.UpdateIssueFieldFunction\n                            </arg>\n            </function>\n            <function type=\"class\">\n              <arg name=\"class.name\">com.atlassian.jira.workflow.function.issue.UpdateIssueStatusFunction\n                            </arg>\n            </function>\n            <function type=\"class\">\n              <arg name=\"class.name\">com.atlassian.jira.workflow.function.misc.CreateCommentFunction</arg>\n            </function>\n            <function type=\"class\">\n              <arg name=\"class.name\">\n                                com.atlassian.jira.workflow.function.issue.GenerateChangeHistoryFunction\n                            </arg>\n            </function>\n            <function type=\"class\">\n              <arg name=\"class.name\">com.atlassian.jira.workflow.function.issue.IssueReindexFunction</arg>\n            </function>\n            <function type=\"class\">\n              <arg name=\"eventTypeId\">13</arg>\n              <arg name=\"class.name\">com.atlassian.jira.workflow.function.event.FireIssueEventFunction\n                            </arg>\n            </function>\n          </post-functions>\n        </unconditional-result>\n      </results>\n    </action>\n    <action id=\"21\" name=\"In Progress\">\n      <meta name=\"jira.description\"></meta>\n      <meta name=\"jira.i18n.title\">gh.workflow.preset.inprogress</meta>\n      <results>\n        <unconditional-result old-status=\"Not Done\" status=\"Done\" step=\"6\">\n          <post-functions>\n            <function type=\"class\">\n              <arg name=\"field.name\">resolution</arg>\n              <arg name=\"field.value\"></arg>\n              <arg name=\"class.name\">com.atlassian.jira.workflow.function.issue.UpdateIssueFieldFunction\n                            </arg>\n            </function>\n            <function type=\"class\">\n              <arg name=\"class.name\">com.atlassian.jira.workflow.function.issue.UpdateIssueStatusFunction\n                            </arg>\n            </function>\n            <function type=\"class\">\n              <arg name=\"class.name\">com.atlassian.jira.workflow.function.misc.CreateCommentFunction</arg>\n            </function>\n            <function type=\"class\">\n              <arg name=\"class.name\">\n                                com.atlassian.jira.workflow.function.issue.GenerateChangeHistoryFunction\n                            </arg>\n            </function>\n            <function type=\"class\">\n              <arg name=\"class.name\">com.atlassian.jira.workflow.function.issue.IssueReindexFunction</arg>\n            </function>\n            <function type=\"class\">\n              <arg name=\"eventTypeId\">13</arg>\n              <arg name=\"class.name\">com.atlassian.jira.workflow.function.event.FireIssueEventFunction\n                            </arg>\n            </function>\n          </post-functions>\n        </unconditional-result>\n      </results>\n    </action>\n    <action id=\"31\" name=\"Done\">\n      <meta name=\"jira.description\"></meta>\n      <meta name=\"jira.i18n.title\">gh.workflow.preset.done</meta>\n      <results>\n        <unconditional-result old-status=\"Not Done\" status=\"Done\" step=\"11\">\n          <post-functions>\n            <function type=\"class\">\n              <arg name=\"field.name\">resolution</arg>\n              <arg name=\"field.value\">10000</arg>\n              <arg name=\"class.name\">com.atlassian.jira.workflow.function.issue.UpdateIssueFieldFunction\n                            </arg>\n            </function>\n            <function type=\"class\">\n              <arg name=\"class.name\">com.atlassian.jira.workflow.function.issue.UpdateIssueStatusFunction\n                            </arg>\n            </function>\n            <function type=\"class\">\n              <arg name=\"class.name\">com.atlassian.jira.workflow.function.misc.CreateCommentFunction</arg>\n            </function>\n            <function type=\"class\">\n              <arg name=\"class.name\">\n                                com.atlassian.jira.workflow.function.issue.GenerateChangeHistoryFunction\n                            </arg>\n            </function>\n            <function type=\"class\">\n              <arg name=\"class.name\">com.atlassian.jira.workflow.function.issue.IssueReindexFunction</arg>\n            </function>\n            <function type=\"class\">\n              <arg name=\"eventTypeId\">13</arg>\n              <arg name=\"class.name\">com.atlassian.jira.workflow.function.event.FireIssueEventFunction\n                            </arg>\n            </function>\n          </post-functions>\n        </unconditional-result>\n      </results>\n    </action>\n  </global-actions>\n  <steps>\n    <step id=\"1\" name=\"To Do\">\n      <meta name=\"jira.status.id\">10000</meta>\n    </step>\n    <step id=\"6\" name=\"In Progress\">\n      <meta name=\"jira.status.id\">3</meta>\n    </step>\n    <step id=\"11\" name=\"Done\">\n      <meta name=\"jira.status.id\">10001</meta>\n    </step>\n  </steps>\n</workflow>\n',NULL);
/*!40000 ALTER TABLE `jiraworkflows` ENABLE KEYS */;
UNLOCK TABLES;

--
-- Table structure for table `jiraworkflowstatuses`
--

DROP TABLE IF EXISTS `jiraworkflowstatuses`;
/*!40101 SET @saved_cs_client     = @@character_set_client */;
/*!40101 SET character_set_client = utf8 */;
CREATE TABLE `jiraworkflowstatuses` (
  `ID` decimal(18,0) NOT NULL,
  `status` varchar(255) COLLATE utf8mb4_bin DEFAULT NULL,
  `parentname` varchar(255) COLLATE utf8mb4_bin DEFAULT NULL,
  PRIMARY KEY (`ID`),
  KEY `idx_parent_name` (`parentname`)
) ENGINE=InnoDB DEFAULT CHARSET=utf8mb4 COLLATE=utf8mb4_bin;
/*!40101 SET character_set_client = @saved_cs_client */;

--
-- Dumping data for table `jiraworkflowstatuses`
--

LOCK TABLES `jiraworkflowstatuses` WRITE;
/*!40000 ALTER TABLE `jiraworkflowstatuses` DISABLE KEYS */;
/*!40000 ALTER TABLE `jiraworkflowstatuses` ENABLE KEYS */;
UNLOCK TABLES;

--
-- Table structure for table `label`
--

DROP TABLE IF EXISTS `label`;
/*!40101 SET @saved_cs_client     = @@character_set_client */;
/*!40101 SET character_set_client = utf8 */;
CREATE TABLE `label` (
  `ID` decimal(18,0) NOT NULL,
  `FIELDID` decimal(18,0) DEFAULT NULL,
  `ISSUE` decimal(18,0) DEFAULT NULL,
  `LABEL` varchar(255) COLLATE utf8mb4_bin DEFAULT NULL,
  PRIMARY KEY (`ID`),
  KEY `label_fieldissue` (`ISSUE`,`FIELDID`),
  KEY `label_fieldissuelabel` (`ISSUE`,`FIELDID`,`LABEL`),
  KEY `label_label` (`LABEL`),
  KEY `label_issue` (`ISSUE`)
) ENGINE=InnoDB DEFAULT CHARSET=utf8mb4 COLLATE=utf8mb4_bin;
/*!40101 SET character_set_client = @saved_cs_client */;

--
-- Dumping data for table `label`
--

LOCK TABLES `label` WRITE;
/*!40000 ALTER TABLE `label` DISABLE KEYS */;
/*!40000 ALTER TABLE `label` ENABLE KEYS */;
UNLOCK TABLES;

--
-- Table structure for table `licenserolesdefault`
--

DROP TABLE IF EXISTS `licenserolesdefault`;
/*!40101 SET @saved_cs_client     = @@character_set_client */;
/*!40101 SET character_set_client = utf8 */;
CREATE TABLE `licenserolesdefault` (
  `ID` decimal(18,0) NOT NULL,
  `LICENSE_ROLE_NAME` varchar(255) COLLATE utf8mb4_bin DEFAULT NULL,
  PRIMARY KEY (`ID`),
  UNIQUE KEY `licenseroledefault_index` (`LICENSE_ROLE_NAME`)
) ENGINE=InnoDB DEFAULT CHARSET=utf8mb4 COLLATE=utf8mb4_bin;
/*!40101 SET character_set_client = @saved_cs_client */;

--
-- Dumping data for table `licenserolesdefault`
--

LOCK TABLES `licenserolesdefault` WRITE;
/*!40000 ALTER TABLE `licenserolesdefault` DISABLE KEYS */;
INSERT INTO `licenserolesdefault` VALUES (10000,'jira-software');
/*!40000 ALTER TABLE `licenserolesdefault` ENABLE KEYS */;
UNLOCK TABLES;

--
-- Table structure for table `licenserolesgroup`
--

DROP TABLE IF EXISTS `licenserolesgroup`;
/*!40101 SET @saved_cs_client     = @@character_set_client */;
/*!40101 SET character_set_client = utf8 */;
CREATE TABLE `licenserolesgroup` (
  `ID` decimal(18,0) NOT NULL,
  `LICENSE_ROLE_NAME` varchar(255) COLLATE utf8mb4_bin DEFAULT NULL,
  `GROUP_ID` varchar(255) COLLATE utf8mb4_bin DEFAULT NULL,
  `PRIMARY_GROUP` char(1) COLLATE utf8mb4_bin DEFAULT NULL,
  PRIMARY KEY (`ID`),
  UNIQUE KEY `licenserolegroup_index` (`LICENSE_ROLE_NAME`,`GROUP_ID`)
) ENGINE=InnoDB DEFAULT CHARSET=utf8mb4 COLLATE=utf8mb4_bin;
/*!40101 SET character_set_client = @saved_cs_client */;

--
-- Dumping data for table `licenserolesgroup`
--

LOCK TABLES `licenserolesgroup` WRITE;
/*!40000 ALTER TABLE `licenserolesgroup` DISABLE KEYS */;
INSERT INTO `licenserolesgroup` VALUES (10000,'jira-software','jira-software-users','Y'),(10001,'jira-software','jira-administrators','N');
/*!40000 ALTER TABLE `licenserolesgroup` ENABLE KEYS */;
UNLOCK TABLES;

--
-- Table structure for table `listenerconfig`
--

DROP TABLE IF EXISTS `listenerconfig`;
/*!40101 SET @saved_cs_client     = @@character_set_client */;
/*!40101 SET character_set_client = utf8 */;
CREATE TABLE `listenerconfig` (
  `ID` decimal(18,0) NOT NULL,
  `CLAZZ` varchar(255) COLLATE utf8mb4_bin DEFAULT NULL,
  `listenername` varchar(255) COLLATE utf8mb4_bin DEFAULT NULL,
  PRIMARY KEY (`ID`)
) ENGINE=InnoDB DEFAULT CHARSET=utf8mb4 COLLATE=utf8mb4_bin;
/*!40101 SET character_set_client = @saved_cs_client */;

--
-- Dumping data for table `listenerconfig`
--

LOCK TABLES `listenerconfig` WRITE;
/*!40000 ALTER TABLE `listenerconfig` DISABLE KEYS */;
INSERT INTO `listenerconfig` VALUES (10000,'com.atlassian.jira.event.listeners.mail.MailListener','Mail Listener'),(10001,'com.atlassian.jira.event.listeners.history.IssueAssignHistoryListener','Issue Assignment Listener'),(10200,'com.atlassian.jira.event.listeners.search.IssueIndexListener','Issue Index Listener');
/*!40000 ALTER TABLE `listenerconfig` ENABLE KEYS */;
UNLOCK TABLES;

--
-- Table structure for table `mailserver`
--

DROP TABLE IF EXISTS `mailserver`;
/*!40101 SET @saved_cs_client     = @@character_set_client */;
/*!40101 SET character_set_client = utf8 */;
CREATE TABLE `mailserver` (
  `ID` decimal(18,0) NOT NULL,
  `NAME` varchar(255) COLLATE utf8mb4_bin DEFAULT NULL,
  `DESCRIPTION` text COLLATE utf8mb4_bin,
  `mailfrom` varchar(255) COLLATE utf8mb4_bin DEFAULT NULL,
  `PREFIX` varchar(60) COLLATE utf8mb4_bin DEFAULT NULL,
  `smtp_port` varchar(60) COLLATE utf8mb4_bin DEFAULT NULL,
  `protocol` varchar(60) COLLATE utf8mb4_bin DEFAULT NULL,
  `server_type` varchar(60) COLLATE utf8mb4_bin DEFAULT NULL,
  `SERVERNAME` varchar(255) COLLATE utf8mb4_bin DEFAULT NULL,
  `JNDILOCATION` varchar(255) COLLATE utf8mb4_bin DEFAULT NULL,
  `mailusername` varchar(255) COLLATE utf8mb4_bin DEFAULT NULL,
  `mailpassword` varchar(255) COLLATE utf8mb4_bin DEFAULT NULL,
  `ISTLSREQUIRED` varchar(60) COLLATE utf8mb4_bin DEFAULT NULL,
  `TIMEOUT` decimal(18,0) DEFAULT NULL,
  `socks_port` varchar(60) COLLATE utf8mb4_bin DEFAULT NULL,
  `socks_host` varchar(60) COLLATE utf8mb4_bin DEFAULT NULL,
  PRIMARY KEY (`ID`)
) ENGINE=InnoDB DEFAULT CHARSET=utf8mb4 COLLATE=utf8mb4_bin;
/*!40101 SET character_set_client = @saved_cs_client */;

--
-- Dumping data for table `mailserver`
--

LOCK TABLES `mailserver` WRITE;
/*!40000 ALTER TABLE `mailserver` DISABLE KEYS */;
/*!40000 ALTER TABLE `mailserver` ENABLE KEYS */;
UNLOCK TABLES;

--
-- Table structure for table `managedconfigurationitem`
--

DROP TABLE IF EXISTS `managedconfigurationitem`;
/*!40101 SET @saved_cs_client     = @@character_set_client */;
/*!40101 SET character_set_client = utf8 */;
CREATE TABLE `managedconfigurationitem` (
  `ID` decimal(18,0) NOT NULL,
  `ITEM_ID` varchar(255) COLLATE utf8mb4_bin DEFAULT NULL,
  `ITEM_TYPE` varchar(255) COLLATE utf8mb4_bin DEFAULT NULL,
  `MANAGED` varchar(10) COLLATE utf8mb4_bin DEFAULT NULL,
  `ACCESS_LEVEL` varchar(255) COLLATE utf8mb4_bin DEFAULT NULL,
  `SOURCE` varchar(255) COLLATE utf8mb4_bin DEFAULT NULL,
  `DESCRIPTION_KEY` varchar(255) COLLATE utf8mb4_bin DEFAULT NULL,
  PRIMARY KEY (`ID`),
  KEY `managedconfigitem_id_type_idx` (`ITEM_ID`,`ITEM_TYPE`)
) ENGINE=InnoDB DEFAULT CHARSET=utf8mb4 COLLATE=utf8mb4_bin;
/*!40101 SET character_set_client = @saved_cs_client */;

--
-- Dumping data for table `managedconfigurationitem`
--

LOCK TABLES `managedconfigurationitem` WRITE;
/*!40000 ALTER TABLE `managedconfigurationitem` DISABLE KEYS */;
INSERT INTO `managedconfigurationitem` VALUES (10000,'customfield_10000','CUSTOM_FIELD','true','LOCKED','com.atlassian.jira.plugins.jira-development-integration-plugin:reserved-field-locked','devstatus.customfield.locked.desc'),(10100,'customfield_10100','CUSTOM_FIELD','true','LOCKED','com.pyxis.greenhopper.jira:reference-select-locked','gh.customfield.locked.desc'),(10101,'customfield_10101','CUSTOM_FIELD','true','LOCKED','com.pyxis.greenhopper.jira:reference-select-locked','gh.customfield.locked.desc'),(10102,'customfield_10102','CUSTOM_FIELD','true','LOCKED','com.pyxis.greenhopper.jira:reference-select-locked','gh.customfield.locked.desc'),(10103,'customfield_10103','CUSTOM_FIELD','true','LOCKED','com.pyxis.greenhopper.jira:reference-select-locked','gh.customfield.locked.desc'),(10104,'customfield_10104','CUSTOM_FIELD','true','LOCKED','com.pyxis.greenhopper.jira:reference-select-locked','gh.customfield.locked.desc'),(10105,'customfield_10105','CUSTOM_FIELD','true','LOCKED','com.pyxis.greenhopper.jira:reference-select-locked','gh.customfield.locked.desc');
/*!40000 ALTER TABLE `managedconfigurationitem` ENABLE KEYS */;
UNLOCK TABLES;

--
-- Table structure for table `membershipbase`
--

DROP TABLE IF EXISTS `membershipbase`;
/*!40101 SET @saved_cs_client     = @@character_set_client */;
/*!40101 SET character_set_client = utf8 */;
CREATE TABLE `membershipbase` (
  `ID` decimal(18,0) NOT NULL,
  `USER_NAME` varchar(255) COLLATE utf8mb4_bin DEFAULT NULL,
  `GROUP_NAME` varchar(255) COLLATE utf8mb4_bin DEFAULT NULL,
  PRIMARY KEY (`ID`),
  KEY `mshipbase_user` (`USER_NAME`),
  KEY `mshipbase_group` (`GROUP_NAME`)
) ENGINE=InnoDB DEFAULT CHARSET=utf8mb4 COLLATE=utf8mb4_bin;
/*!40101 SET character_set_client = @saved_cs_client */;

--
-- Dumping data for table `membershipbase`
--

LOCK TABLES `membershipbase` WRITE;
/*!40000 ALTER TABLE `membershipbase` DISABLE KEYS */;
/*!40000 ALTER TABLE `membershipbase` ENABLE KEYS */;
UNLOCK TABLES;

--
-- Table structure for table `moved_issue_key`
--

DROP TABLE IF EXISTS `moved_issue_key`;
/*!40101 SET @saved_cs_client     = @@character_set_client */;
/*!40101 SET character_set_client = utf8 */;
CREATE TABLE `moved_issue_key` (
  `ID` decimal(18,0) NOT NULL,
  `OLD_ISSUE_KEY` varchar(255) COLLATE utf8mb4_bin DEFAULT NULL,
  `ISSUE_ID` decimal(18,0) DEFAULT NULL,
  PRIMARY KEY (`ID`),
  UNIQUE KEY `idx_old_issue_key` (`OLD_ISSUE_KEY`)
) ENGINE=InnoDB DEFAULT CHARSET=utf8mb4 COLLATE=utf8mb4_bin;
/*!40101 SET character_set_client = @saved_cs_client */;

--
-- Dumping data for table `moved_issue_key`
--

LOCK TABLES `moved_issue_key` WRITE;
/*!40000 ALTER TABLE `moved_issue_key` DISABLE KEYS */;
/*!40000 ALTER TABLE `moved_issue_key` ENABLE KEYS */;
UNLOCK TABLES;

--
-- Table structure for table `nodeassociation`
--

DROP TABLE IF EXISTS `nodeassociation`;
/*!40101 SET @saved_cs_client     = @@character_set_client */;
/*!40101 SET character_set_client = utf8 */;
CREATE TABLE `nodeassociation` (
  `SOURCE_NODE_ID` decimal(18,0) NOT NULL,
  `SOURCE_NODE_ENTITY` varchar(60) COLLATE utf8mb4_bin NOT NULL,
  `SINK_NODE_ID` decimal(18,0) NOT NULL,
  `SINK_NODE_ENTITY` varchar(60) COLLATE utf8mb4_bin NOT NULL,
  `ASSOCIATION_TYPE` varchar(60) COLLATE utf8mb4_bin NOT NULL,
  `SEQUENCE` decimal(9,0) DEFAULT NULL,
  PRIMARY KEY (`SOURCE_NODE_ID`,`SOURCE_NODE_ENTITY`,`SINK_NODE_ID`,`SINK_NODE_ENTITY`,`ASSOCIATION_TYPE`),
  KEY `node_source` (`SOURCE_NODE_ID`,`SOURCE_NODE_ENTITY`),
  KEY `node_sink` (`SINK_NODE_ID`,`SINK_NODE_ENTITY`)
) ENGINE=InnoDB DEFAULT CHARSET=utf8mb4 COLLATE=utf8mb4_bin;
/*!40101 SET character_set_client = @saved_cs_client */;

--
-- Dumping data for table `nodeassociation`
--

LOCK TABLES `nodeassociation` WRITE;
/*!40000 ALTER TABLE `nodeassociation` DISABLE KEYS */;
INSERT INTO `nodeassociation` VALUES (10000,'Project',10000,'IssueTypeScreenScheme','ProjectScheme',NULL),(10000,'Project',10000,'NotificationScheme','ProjectScheme',NULL),(10000,'Project',10000,'PermissionScheme','ProjectScheme',NULL),(10000,'Project',10100,'WorkflowScheme','ProjectScheme',NULL),(10001,'Project',10000,'NotificationScheme','ProjectScheme',NULL),(10001,'Project',10000,'PermissionScheme','ProjectScheme',NULL),(10001,'Project',10001,'IssueTypeScreenScheme','ProjectScheme',NULL),(10001,'Project',10101,'WorkflowScheme','ProjectScheme',NULL);
/*!40000 ALTER TABLE `nodeassociation` ENABLE KEYS */;
UNLOCK TABLES;

--
-- Table structure for table `nodeindexcounter`
--

DROP TABLE IF EXISTS `nodeindexcounter`;
/*!40101 SET @saved_cs_client     = @@character_set_client */;
/*!40101 SET character_set_client = utf8 */;
CREATE TABLE `nodeindexcounter` (
  `ID` decimal(18,0) NOT NULL,
  `NODE_ID` varchar(60) COLLATE utf8mb4_bin DEFAULT NULL,
  `SENDING_NODE_ID` varchar(60) COLLATE utf8mb4_bin DEFAULT NULL,
  `INDEX_OPERATION_ID` decimal(18,0) DEFAULT NULL,
  PRIMARY KEY (`ID`),
  UNIQUE KEY `node_id_idx` (`NODE_ID`,`SENDING_NODE_ID`)
) ENGINE=InnoDB DEFAULT CHARSET=utf8mb4 COLLATE=utf8mb4_bin;
/*!40101 SET character_set_client = @saved_cs_client */;

--
-- Dumping data for table `nodeindexcounter`
--

LOCK TABLES `nodeindexcounter` WRITE;
/*!40000 ALTER TABLE `nodeindexcounter` DISABLE KEYS */;
/*!40000 ALTER TABLE `nodeindexcounter` ENABLE KEYS */;
UNLOCK TABLES;

--
-- Table structure for table `notification`
--

DROP TABLE IF EXISTS `notification`;
/*!40101 SET @saved_cs_client     = @@character_set_client */;
/*!40101 SET character_set_client = utf8 */;
CREATE TABLE `notification` (
  `ID` decimal(18,0) NOT NULL,
  `SCHEME` decimal(18,0) DEFAULT NULL,
  `EVENT` varchar(60) COLLATE utf8mb4_bin DEFAULT NULL,
  `EVENT_TYPE_ID` decimal(18,0) DEFAULT NULL,
  `TEMPLATE_ID` decimal(18,0) DEFAULT NULL,
  `notif_type` varchar(60) COLLATE utf8mb4_bin DEFAULT NULL,
  `notif_parameter` varchar(60) COLLATE utf8mb4_bin DEFAULT NULL,
  PRIMARY KEY (`ID`),
  KEY `ntfctn_scheme` (`SCHEME`)
) ENGINE=InnoDB DEFAULT CHARSET=utf8mb4 COLLATE=utf8mb4_bin;
/*!40101 SET character_set_client = @saved_cs_client */;

--
-- Dumping data for table `notification`
--

LOCK TABLES `notification` WRITE;
/*!40000 ALTER TABLE `notification` DISABLE KEYS */;
INSERT INTO `notification` VALUES (10000,10000,NULL,1,NULL,'Current_Assignee',NULL),(10001,10000,NULL,1,NULL,'Current_Reporter',NULL),(10002,10000,NULL,1,NULL,'All_Watchers',NULL),(10003,10000,NULL,2,NULL,'Current_Assignee',NULL),(10004,10000,NULL,2,NULL,'Current_Reporter',NULL),(10005,10000,NULL,2,NULL,'All_Watchers',NULL),(10006,10000,NULL,3,NULL,'Current_Assignee',NULL),(10007,10000,NULL,3,NULL,'Current_Reporter',NULL),(10008,10000,NULL,3,NULL,'All_Watchers',NULL),(10009,10000,NULL,4,NULL,'Current_Assignee',NULL),(10010,10000,NULL,4,NULL,'Current_Reporter',NULL),(10011,10000,NULL,4,NULL,'All_Watchers',NULL),(10012,10000,NULL,5,NULL,'Current_Assignee',NULL),(10013,10000,NULL,5,NULL,'Current_Reporter',NULL),(10014,10000,NULL,5,NULL,'All_Watchers',NULL),(10015,10000,NULL,6,NULL,'Current_Assignee',NULL),(10016,10000,NULL,6,NULL,'Current_Reporter',NULL),(10017,10000,NULL,6,NULL,'All_Watchers',NULL),(10018,10000,NULL,7,NULL,'Current_Assignee',NULL),(10019,10000,NULL,7,NULL,'Current_Reporter',NULL),(10020,10000,NULL,7,NULL,'All_Watchers',NULL),(10021,10000,NULL,8,NULL,'Current_Assignee',NULL),(10022,10000,NULL,8,NULL,'Current_Reporter',NULL),(10023,10000,NULL,8,NULL,'All_Watchers',NULL),(10024,10000,NULL,9,NULL,'Current_Assignee',NULL),(10025,10000,NULL,9,NULL,'Current_Reporter',NULL),(10026,10000,NULL,9,NULL,'All_Watchers',NULL),(10027,10000,NULL,10,NULL,'Current_Assignee',NULL),(10028,10000,NULL,10,NULL,'Current_Reporter',NULL),(10029,10000,NULL,10,NULL,'All_Watchers',NULL),(10030,10000,NULL,11,NULL,'Current_Assignee',NULL),(10031,10000,NULL,11,NULL,'Current_Reporter',NULL),(10032,10000,NULL,11,NULL,'All_Watchers',NULL),(10033,10000,NULL,12,NULL,'Current_Assignee',NULL),(10034,10000,NULL,12,NULL,'Current_Reporter',NULL),(10035,10000,NULL,12,NULL,'All_Watchers',NULL),(10036,10000,NULL,13,NULL,'Current_Assignee',NULL),(10037,10000,NULL,13,NULL,'Current_Reporter',NULL),(10038,10000,NULL,13,NULL,'All_Watchers',NULL),(10100,10000,NULL,14,NULL,'Current_Assignee',NULL),(10101,10000,NULL,14,NULL,'Current_Reporter',NULL),(10102,10000,NULL,14,NULL,'All_Watchers',NULL),(10103,10000,NULL,15,NULL,'Current_Assignee',NULL),(10104,10000,NULL,15,NULL,'Current_Reporter',NULL),(10105,10000,NULL,15,NULL,'All_Watchers',NULL),(10106,10000,NULL,16,NULL,'Current_Assignee',NULL),(10107,10000,NULL,16,NULL,'Current_Reporter',NULL),(10108,10000,NULL,16,NULL,'All_Watchers',NULL),(10200,10000,NULL,18,NULL,'Current_Assignee',NULL),(10201,10000,NULL,18,NULL,'Current_Reporter',NULL),(10202,10000,NULL,18,NULL,'All_Watchers',NULL),(10203,10000,NULL,19,NULL,'Current_Assignee',NULL),(10204,10000,NULL,19,NULL,'Current_Reporter',NULL),(10205,10000,NULL,19,NULL,'All_Watchers',NULL);
/*!40000 ALTER TABLE `notification` ENABLE KEYS */;
UNLOCK TABLES;

--
-- Table structure for table `notificationinstance`
--

DROP TABLE IF EXISTS `notificationinstance`;
/*!40101 SET @saved_cs_client     = @@character_set_client */;
/*!40101 SET character_set_client = utf8 */;
CREATE TABLE `notificationinstance` (
  `ID` decimal(18,0) NOT NULL,
  `notificationtype` varchar(60) COLLATE utf8mb4_bin DEFAULT NULL,
  `SOURCE` decimal(18,0) DEFAULT NULL,
  `emailaddress` varchar(255) COLLATE utf8mb4_bin DEFAULT NULL,
  `MESSAGEID` varchar(255) COLLATE utf8mb4_bin DEFAULT NULL,
  PRIMARY KEY (`ID`),
  KEY `notif_source` (`SOURCE`),
  KEY `notif_messageid` (`MESSAGEID`)
) ENGINE=InnoDB DEFAULT CHARSET=utf8mb4 COLLATE=utf8mb4_bin;
/*!40101 SET character_set_client = @saved_cs_client */;

--
-- Dumping data for table `notificationinstance`
--

LOCK TABLES `notificationinstance` WRITE;
/*!40000 ALTER TABLE `notificationinstance` DISABLE KEYS */;
/*!40000 ALTER TABLE `notificationinstance` ENABLE KEYS */;
UNLOCK TABLES;

--
-- Table structure for table `notificationscheme`
--

DROP TABLE IF EXISTS `notificationscheme`;
/*!40101 SET @saved_cs_client     = @@character_set_client */;
/*!40101 SET character_set_client = utf8 */;
CREATE TABLE `notificationscheme` (
  `ID` decimal(18,0) NOT NULL,
  `NAME` varchar(255) COLLATE utf8mb4_bin DEFAULT NULL,
  `DESCRIPTION` text COLLATE utf8mb4_bin,
  PRIMARY KEY (`ID`)
) ENGINE=InnoDB DEFAULT CHARSET=utf8mb4 COLLATE=utf8mb4_bin;
/*!40101 SET character_set_client = @saved_cs_client */;

--
-- Dumping data for table `notificationscheme`
--

LOCK TABLES `notificationscheme` WRITE;
/*!40000 ALTER TABLE `notificationscheme` DISABLE KEYS */;
INSERT INTO `notificationscheme` VALUES (10000,'Default Notification Scheme',NULL);
/*!40000 ALTER TABLE `notificationscheme` ENABLE KEYS */;
UNLOCK TABLES;

--
-- Table structure for table `oauthconsumer`
--

DROP TABLE IF EXISTS `oauthconsumer`;
/*!40101 SET @saved_cs_client     = @@character_set_client */;
/*!40101 SET character_set_client = utf8 */;
CREATE TABLE `oauthconsumer` (
  `ID` decimal(18,0) NOT NULL,
  `CREATED` datetime DEFAULT NULL,
  `consumername` varchar(255) COLLATE utf8mb4_bin DEFAULT NULL,
  `CONSUMER_KEY` varchar(255) COLLATE utf8mb4_bin DEFAULT NULL,
  `consumerservice` varchar(255) COLLATE utf8mb4_bin DEFAULT NULL,
  `PUBLIC_KEY` text COLLATE utf8mb4_bin,
  `PRIVATE_KEY` text COLLATE utf8mb4_bin,
  `DESCRIPTION` text COLLATE utf8mb4_bin,
  `CALLBACK` text COLLATE utf8mb4_bin,
  `SIGNATURE_METHOD` varchar(60) COLLATE utf8mb4_bin DEFAULT NULL,
  `SHARED_SECRET` text COLLATE utf8mb4_bin,
  PRIMARY KEY (`ID`),
  UNIQUE KEY `oauth_consumer_index` (`CONSUMER_KEY`),
  UNIQUE KEY `oauth_consumer_service_index` (`consumerservice`)
) ENGINE=InnoDB DEFAULT CHARSET=utf8mb4 COLLATE=utf8mb4_bin;
/*!40101 SET character_set_client = @saved_cs_client */;

--
-- Dumping data for table `oauthconsumer`
--

LOCK TABLES `oauthconsumer` WRITE;
/*!40000 ALTER TABLE `oauthconsumer` DISABLE KEYS */;
/*!40000 ALTER TABLE `oauthconsumer` ENABLE KEYS */;
UNLOCK TABLES;

--
-- Table structure for table `oauthconsumertoken`
--

DROP TABLE IF EXISTS `oauthconsumertoken`;
/*!40101 SET @saved_cs_client     = @@character_set_client */;
/*!40101 SET character_set_client = utf8 */;
CREATE TABLE `oauthconsumertoken` (
  `ID` decimal(18,0) NOT NULL,
  `CREATED` datetime DEFAULT NULL,
  `TOKEN_KEY` varchar(255) COLLATE utf8mb4_bin DEFAULT NULL,
  `TOKEN` varchar(255) COLLATE utf8mb4_bin DEFAULT NULL,
  `TOKEN_SECRET` varchar(255) COLLATE utf8mb4_bin DEFAULT NULL,
  `TOKEN_TYPE` varchar(60) COLLATE utf8mb4_bin DEFAULT NULL,
  `CONSUMER_KEY` varchar(255) COLLATE utf8mb4_bin DEFAULT NULL,
  PRIMARY KEY (`ID`),
  UNIQUE KEY `oauth_consumer_token_key_index` (`TOKEN_KEY`),
  KEY `oauth_consumer_token_index` (`TOKEN`)
) ENGINE=InnoDB DEFAULT CHARSET=utf8mb4 COLLATE=utf8mb4_bin;
/*!40101 SET character_set_client = @saved_cs_client */;

--
-- Dumping data for table `oauthconsumertoken`
--

LOCK TABLES `oauthconsumertoken` WRITE;
/*!40000 ALTER TABLE `oauthconsumertoken` DISABLE KEYS */;
/*!40000 ALTER TABLE `oauthconsumertoken` ENABLE KEYS */;
UNLOCK TABLES;

--
-- Table structure for table `oauthspconsumer`
--

DROP TABLE IF EXISTS `oauthspconsumer`;
/*!40101 SET @saved_cs_client     = @@character_set_client */;
/*!40101 SET character_set_client = utf8 */;
CREATE TABLE `oauthspconsumer` (
  `ID` decimal(18,0) NOT NULL,
  `CREATED` datetime DEFAULT NULL,
  `CONSUMER_KEY` varchar(255) COLLATE utf8mb4_bin DEFAULT NULL,
  `consumername` varchar(255) COLLATE utf8mb4_bin DEFAULT NULL,
  `PUBLIC_KEY` text COLLATE utf8mb4_bin,
  `DESCRIPTION` text COLLATE utf8mb4_bin,
  `CALLBACK` text COLLATE utf8mb4_bin,
  `TWO_L_O_ALLOWED` varchar(60) COLLATE utf8mb4_bin DEFAULT NULL,
  `EXECUTING_TWO_L_O_USER` varchar(255) COLLATE utf8mb4_bin DEFAULT NULL,
  `TWO_L_O_IMPERSONATION_ALLOWED` varchar(60) COLLATE utf8mb4_bin DEFAULT NULL,
  `THREE_L_O_ALLOWED` varchar(60) COLLATE utf8mb4_bin DEFAULT NULL,
  PRIMARY KEY (`ID`),
  UNIQUE KEY `oauth_sp_consumer_index` (`CONSUMER_KEY`)
) ENGINE=InnoDB DEFAULT CHARSET=utf8mb4 COLLATE=utf8mb4_bin;
/*!40101 SET character_set_client = @saved_cs_client */;

--
-- Dumping data for table `oauthspconsumer`
--

LOCK TABLES `oauthspconsumer` WRITE;
/*!40000 ALTER TABLE `oauthspconsumer` DISABLE KEYS */;
/*!40000 ALTER TABLE `oauthspconsumer` ENABLE KEYS */;
UNLOCK TABLES;

--
-- Table structure for table `oauthsptoken`
--

DROP TABLE IF EXISTS `oauthsptoken`;
/*!40101 SET @saved_cs_client     = @@character_set_client */;
/*!40101 SET character_set_client = utf8 */;
CREATE TABLE `oauthsptoken` (
  `ID` decimal(18,0) NOT NULL,
  `CREATED` datetime DEFAULT NULL,
  `TOKEN` varchar(255) COLLATE utf8mb4_bin DEFAULT NULL,
  `TOKEN_SECRET` varchar(255) COLLATE utf8mb4_bin DEFAULT NULL,
  `TOKEN_TYPE` varchar(60) COLLATE utf8mb4_bin DEFAULT NULL,
  `CONSUMER_KEY` varchar(255) COLLATE utf8mb4_bin DEFAULT NULL,
  `USERNAME` varchar(255) COLLATE utf8mb4_bin DEFAULT NULL,
  `TTL` decimal(18,0) DEFAULT NULL,
  `spauth` varchar(60) COLLATE utf8mb4_bin DEFAULT NULL,
  `CALLBACK` text COLLATE utf8mb4_bin,
  `spverifier` varchar(255) COLLATE utf8mb4_bin DEFAULT NULL,
  `spversion` varchar(60) COLLATE utf8mb4_bin DEFAULT NULL,
  `SESSION_HANDLE` varchar(255) COLLATE utf8mb4_bin DEFAULT NULL,
  `SESSION_CREATION_TIME` datetime DEFAULT NULL,
  `SESSION_LAST_RENEWAL_TIME` datetime DEFAULT NULL,
  `SESSION_TIME_TO_LIVE` datetime DEFAULT NULL,
  PRIMARY KEY (`ID`),
  UNIQUE KEY `oauth_sp_token_index` (`TOKEN`),
  KEY `oauth_sp_consumer_key_index` (`CONSUMER_KEY`)
) ENGINE=InnoDB DEFAULT CHARSET=utf8mb4 COLLATE=utf8mb4_bin;
/*!40101 SET character_set_client = @saved_cs_client */;

--
-- Dumping data for table `oauthsptoken`
--

LOCK TABLES `oauthsptoken` WRITE;
/*!40000 ALTER TABLE `oauthsptoken` DISABLE KEYS */;
/*!40000 ALTER TABLE `oauthsptoken` ENABLE KEYS */;
UNLOCK TABLES;

--
-- Table structure for table `optionconfiguration`
--

DROP TABLE IF EXISTS `optionconfiguration`;
/*!40101 SET @saved_cs_client     = @@character_set_client */;
/*!40101 SET character_set_client = utf8 */;
CREATE TABLE `optionconfiguration` (
  `ID` decimal(18,0) NOT NULL,
  `FIELDID` varchar(60) COLLATE utf8mb4_bin DEFAULT NULL,
  `OPTIONID` varchar(60) COLLATE utf8mb4_bin DEFAULT NULL,
  `FIELDCONFIG` decimal(18,0) DEFAULT NULL,
  `SEQUENCE` decimal(18,0) DEFAULT NULL,
  PRIMARY KEY (`ID`),
  KEY `fieldid_optionid` (`FIELDID`,`OPTIONID`),
  KEY `fieldid_fieldconf` (`FIELDID`,`FIELDCONFIG`)
) ENGINE=InnoDB DEFAULT CHARSET=utf8mb4 COLLATE=utf8mb4_bin;
/*!40101 SET character_set_client = @saved_cs_client */;

--
-- Dumping data for table `optionconfiguration`
--

LOCK TABLES `optionconfiguration` WRITE;
/*!40000 ALTER TABLE `optionconfiguration` DISABLE KEYS */;
INSERT INTO `optionconfiguration` VALUES (10200,'priority','1',10101,1),(10201,'priority','2',10101,2),(10202,'priority','3',10101,3),(10203,'priority','4',10101,4),(10204,'priority','5',10101,5),(10300,'issuetype','10000',10000,0),(10301,'issuetype','10001',10000,1),(10306,'issuetype','10002',10207,0),(10307,'issuetype','10003',10207,1),(10308,'issuetype','10001',10207,2),(10309,'issuetype','10004',10207,3),(10310,'issuetype','10000',10207,4),(10315,'issuetype','10002',10208,0),(10316,'issuetype','10003',10208,1),(10317,'issuetype','10001',10208,2),(10318,'issuetype','10004',10208,3),(10319,'issuetype','10000',10208,4);
/*!40000 ALTER TABLE `optionconfiguration` ENABLE KEYS */;
UNLOCK TABLES;

--
-- Table structure for table `permissionscheme`
--

DROP TABLE IF EXISTS `permissionscheme`;
/*!40101 SET @saved_cs_client     = @@character_set_client */;
/*!40101 SET character_set_client = utf8 */;
CREATE TABLE `permissionscheme` (
  `ID` decimal(18,0) NOT NULL,
  `NAME` varchar(255) COLLATE utf8mb4_bin DEFAULT NULL,
  `DESCRIPTION` text COLLATE utf8mb4_bin,
  PRIMARY KEY (`ID`)
) ENGINE=InnoDB DEFAULT CHARSET=utf8mb4 COLLATE=utf8mb4_bin;
/*!40101 SET character_set_client = @saved_cs_client */;

--
-- Dumping data for table `permissionscheme`
--

LOCK TABLES `permissionscheme` WRITE;
/*!40000 ALTER TABLE `permissionscheme` DISABLE KEYS */;
INSERT INTO `permissionscheme` VALUES (0,'Default Permission Scheme','This is the default Permission Scheme. Any new projects that are created will be assigned this scheme.'),(10000,'Default software scheme','Default scheme for Software projects.');
/*!40000 ALTER TABLE `permissionscheme` ENABLE KEYS */;
UNLOCK TABLES;

--
-- Table structure for table `permissionschemeattribute`
--

DROP TABLE IF EXISTS `permissionschemeattribute`;
/*!40101 SET @saved_cs_client     = @@character_set_client */;
/*!40101 SET character_set_client = utf8 */;
CREATE TABLE `permissionschemeattribute` (
  `ID` decimal(18,0) NOT NULL,
  `SCHEME` decimal(18,0) DEFAULT NULL,
  `ATTRIBUTE_KEY` varchar(255) COLLATE utf8mb4_bin DEFAULT NULL,
  `ATTRIBUTE_VALUE` text COLLATE utf8mb4_bin,
  PRIMARY KEY (`ID`),
  KEY `prmssn_scheme_attr_idx` (`SCHEME`),
  KEY `prmssn_scheme_attr_key_idx` (`SCHEME`,`ATTRIBUTE_KEY`)
) ENGINE=InnoDB DEFAULT CHARSET=utf8mb4 COLLATE=utf8mb4_bin;
/*!40101 SET character_set_client = @saved_cs_client */;

--
-- Dumping data for table `permissionschemeattribute`
--

LOCK TABLES `permissionschemeattribute` WRITE;
/*!40000 ALTER TABLE `permissionschemeattribute` DISABLE KEYS */;
/*!40000 ALTER TABLE `permissionschemeattribute` ENABLE KEYS */;
UNLOCK TABLES;

--
-- Table structure for table `pluginstate`
--

DROP TABLE IF EXISTS `pluginstate`;
/*!40101 SET @saved_cs_client     = @@character_set_client */;
/*!40101 SET character_set_client = utf8 */;
CREATE TABLE `pluginstate` (
  `pluginkey` varchar(255) COLLATE utf8mb4_bin NOT NULL,
  `pluginenabled` varchar(60) COLLATE utf8mb4_bin DEFAULT NULL,
  PRIMARY KEY (`pluginkey`)
) ENGINE=InnoDB DEFAULT CHARSET=utf8mb4 COLLATE=utf8mb4_bin;
/*!40101 SET character_set_client = @saved_cs_client */;

--
-- Dumping data for table `pluginstate`
--

LOCK TABLES `pluginstate` WRITE;
/*!40000 ALTER TABLE `pluginstate` DISABLE KEYS */;
/*!40000 ALTER TABLE `pluginstate` ENABLE KEYS */;
UNLOCK TABLES;

--
-- Table structure for table `pluginversion`
--

DROP TABLE IF EXISTS `pluginversion`;
/*!40101 SET @saved_cs_client     = @@character_set_client */;
/*!40101 SET character_set_client = utf8 */;
CREATE TABLE `pluginversion` (
  `ID` decimal(18,0) NOT NULL,
  `pluginname` varchar(255) COLLATE utf8mb4_bin DEFAULT NULL,
  `pluginkey` varchar(255) COLLATE utf8mb4_bin DEFAULT NULL,
  `pluginversion` varchar(255) COLLATE utf8mb4_bin DEFAULT NULL,
  `CREATED` datetime DEFAULT NULL,
  PRIMARY KEY (`ID`)
) ENGINE=InnoDB DEFAULT CHARSET=utf8mb4 COLLATE=utf8mb4_bin;
/*!40101 SET character_set_client = @saved_cs_client */;

--
-- Dumping data for table `pluginversion`
--

LOCK TABLES `pluginversion` WRITE;
/*!40000 ALTER TABLE `pluginversion` DISABLE KEYS */;
INSERT INTO `pluginversion` VALUES (10000,'Jira Projects Plugin','com.atlassian.jira.jira-projects-plugin','5.2.5','2022-08-30 02:10:23'),(10001,'Jira Software Application','com.atlassian.jira.jira-software-application','8.8.1','2022-08-30 02:10:23'),(10002,'Atlassian OAuth Consumer Plugin','com.atlassian.oauth.consumer','4.0.2','2022-08-30 02:10:23'),(10003,'Atlassian Jira - Plugins - My Jira Home','com.atlassian.jira.jira-my-home-plugin','8.8.1','2022-08-30 02:10:23'),(10004,'JIRA Software English (United States) Language Pack','tac.jira software.languages.en_US','8.9.0.v20200304000400','2022-08-30 02:10:23'),(10005,'Project Creation Plugin SPI for JIRA','com.atlassian.plugins.jira-project-creation','4.0.0-74bdd7a6fa','2022-08-30 02:10:23'),(10006,'Atlassian Embedded Crowd - Administration Plugin','com.atlassian.crowd.embedded.admin','2.3.4-j11-2','2022-08-30 02:10:23'),(10007,'Analytics Client Plugin','com.atlassian.analytics.analytics-client','5.8.0','2022-08-30 02:10:23'),(10008,'JIRA Software Chinese (China) Language Pack','tac.jira software.languages.zh_CN','8.9.0.v20200304000400','2022-08-30 02:10:23'),(10009,'Jira Index Analyzer','com.atlassian.jira.plugins.jira-index-analyzer-plugin','8.8.1','2022-08-30 02:10:23'),(10010,'Jira Help Tips plugin','com.atlassian.plugins.helptips.jira-help-tips','8.8.1','2022-08-30 02:10:23'),(10011,'Atlassian Navigation Links Plugin','com.atlassian.plugins.atlassian-nav-links-plugin','5.0.0','2022-08-30 02:10:23'),(10012,'JIRA Core Romanian (Romania) Language Pack','tac.jira core.languages.ro_RO','8.9.0.v20200304001412','2022-08-30 02:10:23'),(10013,'Atlassian Jira - Plugins - Issue Web Link','com.atlassian.jira.jira-issue-link-web-plugin','8.8.1','2022-08-30 02:10:23'),(10014,'JIRA Core Slovak (Slovakia) Language Pack','tac.jira core.languages.sk_SK','8.9.0.v20200304001412','2022-08-30 02:10:23'),(10015,'Atlassian Hipchat Integration Plugin Core','com.atlassian.plugins.base-hipchat-integration-plugin-api','8.4.4','2022-08-30 02:10:23'),(10016,'Whisper Messages Plugin','whisper.messages','1.0','2022-08-30 02:10:23'),(10017,'Project Role Actors Plugin','com.atlassian.jira.plugin.system.projectroleactors','1.0','2022-08-30 02:10:23'),(10018,'Atlassian Jira - Plugins - OAuth Service Provider SPI','com.atlassian.jira.oauth.serviceprovider','8.8.1','2022-08-30 02:10:23'),(10019,'Keyboard Shortcuts Plugin','jira.keyboard.shortcuts','1.0','2022-08-30 02:10:23'),(10020,'Bitbucket Importer Plugin for JIM','com.atlassian.jira.plugins.jira-importers-bitbucket-plugin','3.1.1','2022-08-30 02:10:23'),(10021,'Atlassian Remote Event Common Plugin','com.atlassian.plugins.atlassian-remote-event-common-plugin','6.1.0','2022-08-30 02:10:23'),(10022,'Jira GitHub Issue Importer','com.atlassian.jira.plugins.jira-importers-github-plugin','3.1.0','2022-08-30 02:10:23'),(10023,'JIRA Password Policy Plugin','com.atlassian.jira.plugins.jira-password-policy-plugin','2.1.0','2022-08-30 02:10:23'),(10024,'ROME: RSS/Atom syndication and publishing tools','com.springsource.com.sun.syndication-0.9.0','0.9.0','2022-08-30 02:10:23'),(10025,'JIRA iCalendar Plugin','com.atlassian.jira.extra.jira-ical-feed','1.5.0','2022-08-30 02:10:23'),(10026,'Jira Drag and Drop Attachment Plugin','com.atlassian.jira.plugins.jira-dnd-attachment-plugin','5.0.7','2022-08-30 02:10:23'),(10027,'Atlassian Jira - Plugins - Post setup announcements plugin','com.atlassian.jira.jira-postsetup-announcements-plugin','8.8.1','2022-08-30 02:10:23'),(10028,'Streams Inline Actions Plugin','com.atlassian.streams.actions','8.2.0','2022-08-30 02:10:23'),(10029,'JIRA Software Spanish (Spain) Language Pack','tac.jira software.languages.es_ES','8.9.0.v20200304000400','2022-08-30 02:10:23'),(10030,'Apache Apache HttpClient OSGi bundle','org.apache.httpcomponents.httpclient-4.5.10','4.5.10','2022-08-30 02:10:23'),(10031,'JIRA Core Swedish (Sweden) Language Pack','tac.jira core.languages.sv_SE','8.9.0.v20200304001412','2022-08-30 02:10:23'),(10032,'Comment Panel Plugin','com.atlassian.jira.plugin.system.comment-panel','1.0','2022-08-30 02:10:23'),(10033,'Atlassian Jira - Plugins - Development Integration Plugin','com.atlassian.jira.plugins.jira-development-integration-plugin','5.7.0','2022-08-30 02:10:23'),(10034,'Atlassian Remote Event Consumer Plugin','com.atlassian.plugins.atlassian-remote-event-consumer-plugin','6.1.0','2022-08-30 02:10:23'),(10035,'scala-2.11-provider-plugin','com.atlassian.scala.plugins.scala-2.11-provider-plugin','0.13','2022-08-30 02:10:23'),(10036,'JIRA Workflow Transition Tabs','com.atlassian.jira.plugin.system.workfloweditor.transition.tabs','1.0','2022-08-30 02:10:23'),(10037,'Jira inform - batching plugin','com.atlassian.jira.plugins.inform.batching-plugin','1.3.6','2022-08-30 02:10:23'),(10038,'JIRA Core Czech (Czech Republic) Language Pack','tac.jira core.languages.cs_CZ','8.9.0.v20200304001412','2022-08-30 02:10:23'),(10039,'Renderer Plugin','com.atlassian.jira.plugin.system.jirarenderers','1.0','2022-08-30 02:10:23'),(10040,'Atlassian Gadgets OAuth Service Provider Plugin','com.atlassian.gadgets.oauth.serviceprovider','4.3.10','2022-08-30 02:10:23'),(10041,'JIRA Software Finnish (Finland) Language Pack','tac.jira software.languages.fi_FI','8.9.0.v20200304000400','2022-08-30 02:10:23'),(10042,'JIRA Core Japanese (Japan) Language Pack','tac.jira core.languages.ja_JP','8.9.0.v20200304001412','2022-08-30 02:10:23'),(10043,'JIRA Core Italian (Italy) Language Pack','tac.jira core.languages.it_IT','8.9.0.v20200304001412','2022-08-30 02:10:23'),(10044,'Jira for Software Plugin','com.atlassian.jira.plugins.jira-software-plugin','8.8.1','2022-08-30 02:10:23'),(10045,'JIRA Core Polish (Poland) Language Pack','tac.jira core.languages.pl_PL','8.9.0.v20200304001412','2022-08-30 02:10:23'),(10046,'Atlassian Jira - Plugins - Admin Navigation Component','com.atlassian.jira.jira-admin-navigation-plugin','8.8.1','2022-08-30 02:10:23'),(10047,'JIRA Software Danish (Denmark) Language Pack','tac.jira software.languages.da_DK','8.9.0.v20200304000400','2022-08-30 02:10:23'),(10048,'JIRA Core German (Germany) Language Pack','tac.jira core.languages.de_DE','8.9.0.v20200304001412','2022-08-30 02:10:23'),(10049,'Atlassian Plugins - Web Resources - Implementation Plugin','com.atlassian.plugins.atlassian-plugins-webresource-plugin','4.1.3','2022-08-30 02:10:23'),(10050,'Preset Filters Sections','jira.webfragments.preset.filters','1.0','2022-08-30 02:10:23'),(10051,'Atlassian Jira - Plugins - Project Config Plugin','com.atlassian.jira.jira-project-config-plugin','8.8.1','2022-08-30 02:10:23'),(10052,'Crowd System Password Encoders','crowd.system.passwordencoders','1.0','2022-08-30 02:10:23'),(10053,'Atlassian UI Plugin','com.atlassian.auiplugin','8.6.0','2022-08-30 02:10:23'),(10054,'Atlassian Jira - Plugins - Share Content Component','com.atlassian.jira.jira-share-plugin','8.8.1','2022-08-30 02:10:23'),(10055,'Atlassian Jira - Plugins - Statistics plugin','com.atlassian.jira.jira-statistics-plugin','8.8.1','2022-08-30 02:10:23'),(10056,'Atlassian Jira - Plugins - Remote Jira Link','com.atlassian.jira.jira-issue-link-remote-jira-plugin','8.8.1','2022-08-30 02:10:23'),(10057,'Functional Extensions Guava Inter-Ops','io.atlassian.fugue.guava-4.7.2','4.7.2','2022-08-30 02:10:23'),(10058,'Remote Link Aggregator Plugin','com.atlassian.plugins.remote-link-aggregator-plugin','3.0.0','2022-08-30 02:10:23'),(10059,'Atlassian HealthCheck Common Module','com.atlassian.healthcheck.atlassian-healthcheck','6.0.0','2022-08-30 02:10:23'),(10060,'Workbox - Common Plugin','com.atlassian.mywork.mywork-common-plugin','7.0.1','2022-08-30 02:10:23'),(10061,'Jira Workflow Sharing Plugin','com.atlassian.jira.plugins.workflow.sharing.jira-workflow-sharing-plugin','2.2.7','2022-08-30 02:10:23'),(10062,'Entity property conditions','system.entity.property.conditions','1.0','2022-08-30 02:10:23'),(10063,'org.osgi:org.osgi.service.cm','org.osgi.service.cm-1.5.0.201505202024','1.5.0.201505202024','2022-08-30 02:10:23'),(10064,'JIRA Software Korean (South Korea) Language Pack','tac.jira software.languages.ko_KR','8.9.0.v20200304000400','2022-08-30 02:10:23'),(10065,'Atlassian Jira - Plugins - APDEX','com.atlassian.jira.jira-apdex-plugin','8.8.1','2022-08-30 02:10:23'),(10066,'JQL Functions','jira.jql.function','1.0','2022-08-30 02:10:23'),(10067,'Atlassian Soy - Plugin','com.atlassian.soy.soy-template-plugin','5.0.0','2022-08-30 02:10:23'),(10068,'JIRA Software Icelandic (Iceland) Language Pack','tac.jira software.languages.is_IS','8.9.0.v20200304000400','2022-08-30 02:10:23'),(10069,'Mobile Plugin for Jira','com.atlassian.jira.mobile.jira-mobile-rest','2.0.0','2022-08-30 02:10:23'),(10070,'atlassian-failure-cache-plugin','com.atlassian.atlassian-failure-cache-plugin','2.0.0','2022-08-30 02:10:23'),(10071,'Atlassian Jira - Plugins - View Issue Panels','com.atlassian.jira.jira-view-issue-plugin','8.8.1','2022-08-30 02:10:23'),(10072,'JIRA Footer','jira.footer','1.0','2022-08-30 02:10:23'),(10073,'Applinks - Plugin - Core','com.atlassian.applinks.applinks-plugin','7.1.3','2022-08-30 02:10:23'),(10074,'Atlassian Whitelist API Plugin','com.atlassian.plugins.atlassian-whitelist-api-plugin-4.0.7','4.0.7','2022-08-30 02:10:23'),(10075,'Jira inform - batchers','com.atlassian.jira.plugins.inform.batchers','1.3.6','2022-08-30 02:10:23'),(10076,'jira-optimizer-plugin','com.atlassian.jira.plugins.jira-optimizer-plugin','2.0.13','2022-08-30 02:10:23'),(10077,'Analytics Whitelist Plugin','com.atlassian.analytics.analytics-whitelist','3.73','2022-08-30 02:10:23'),(10078,'Atlassian Jira - Plugins - Invite User','com.atlassian.jira.jira-invite-user-plugin','2.3.1','2022-08-30 02:10:23'),(10079,'Atlassian Jira - Plugins - Cluster Monitoring','com.atlassian.jira.jira-cluster-monitoring-plugin','8.8.1','2022-08-30 02:10:23'),(10080,'JIRA Software Norwegian (Norway) Language Pack','tac.jira software.languages.no_NO','8.9.0.v20200304000400','2022-08-30 02:10:23'),(10081,'Applinks - Plugin - Basic Authentication','com.atlassian.applinks.applinks-basicauth-plugin','7.1.3','2022-08-30 02:10:23'),(10082,'Atlassian Jira - Plugins - Quick Search','com.atlassian.jira.plugins.jira-quicksearch-plugin','8.8.1','2022-08-30 02:10:23'),(10083,'User Profile Links','jira.webfragments.user.profile.links','1.0','2022-08-30 02:10:23'),(10084,'JIRA Software Italian (Italy) Language Pack','tac.jira software.languages.it_IT','8.9.0.v20200304000400','2022-08-30 02:10:23'),(10085,'Admin Menu Sections','jira.webfragments.admin','1.0','2022-08-30 02:10:23'),(10086,'wiki-editor','com.atlassian.jira.plugins.jira-wiki-editor','4.1.12','2022-08-30 02:10:23'),(10087,'Atlassian OAuth Service Provider SPI','com.atlassian.oauth.atlassian-oauth-service-provider-spi','4.0.2','2022-08-30 02:10:23'),(10088,'Top Navigation Bar','jira.top.navigation.bar','1.0','2022-08-30 02:10:23'),(10089,'Applinks - Plugin - Trusted Apps','com.atlassian.applinks.applinks-trustedapps-plugin','7.1.3','2022-08-30 02:10:23'),(10090,'Wiki Renderer Macros Plugin','com.atlassian.jira.plugin.system.renderers.wiki.macros','1.0','2022-08-30 02:10:23'),(10091,'Issue Views Plugin','jira.issueviews','1.0','2022-08-30 02:10:23'),(10092,'JIRA Core Icelandic (Iceland) Language Pack','tac.jira core.languages.is_IS','8.9.0.v20200304001412','2022-08-30 02:10:23'),(10093,'Streams SPI','com.atlassian.streams.streams-spi','8.2.0','2022-08-30 02:10:23'),(10094,'Jira inform - event plugin','com.atlassian.jira.plugins.inform.event-plugin','1.3.6','2022-08-30 02:10:23'),(10095,'Applinks - Plugin - CORS','com.atlassian.applinks.applinks-cors-plugin','7.1.3','2022-08-30 02:10:23'),(10096,'Streams Third Party Provider Plugin','com.atlassian.streams.streams-thirdparty-plugin','8.2.0','2022-08-30 02:10:23'),(10097,'Atlassian OAuth Service Provider Plugin','com.atlassian.oauth.serviceprovider','4.0.2','2022-08-30 02:10:23'),(10098,'Atlassian Jira - Plugins - Common AppLinks Based Issue Link Plugin','com.atlassian.jira.jira-issue-link-applinks-common-plugin','8.8.1','2022-08-30 02:10:23'),(10099,'Functional Extensions','io.atlassian.fugue-4.7.2','4.7.2','2022-08-30 02:10:23'),(10100,'jira-webresources-plugin','jira.webresources','1.0','2022-08-30 02:10:23'),(10101,'Embedded Gadgets Plugin','com.atlassian.gadgets.embedded','4.3.10','2022-08-30 02:10:23'),(10102,'Atlassian Jira - Plugins - Core Reports','com.atlassian.jira.jira-core-reports-plugin','8.8.1','2022-08-30 02:10:23'),(10103,'Streams Plugin','com.atlassian.streams','8.2.0','2022-08-30 02:10:23'),(10104,'Browse Project Operations Sections','jira.webfragments.browse.project.links','1.0','2022-08-30 02:10:23'),(10105,'Jira Issue Collector Plugin','com.atlassian.jira.collector.plugin.jira-issue-collector-plugin','4.0.0','2022-08-30 02:10:23'),(10106,'Atlassian Whitelist Core Plugin','com.atlassian.plugins.atlassian-whitelist-core-plugin','4.0.7','2022-08-30 02:10:23'),(10107,'JIRA Core Russian (Russia) Language Pack','tac.jira core.languages.ru_RU','8.9.0.v20200304001412','2022-08-30 02:10:23'),(10108,'ICU4J','com.atlassian.bundles.icu4j-3.8.0.1','3.8.0.1','2022-08-30 02:10:23'),(10109,'Streams Core Plugin','com.atlassian.streams.core','8.2.0','2022-08-30 02:10:23'),(10110,'Atlassian Jira - Plugins - WebHooks Plugin','com.atlassian.jira.plugins.webhooks.jira-webhooks-plugin','8.8.1','2022-08-30 02:10:23'),(10111,'Issue Operations Plugin','com.atlassian.jira.plugin.system.issueoperations','1.0','2022-08-30 02:10:23'),(10112,'Gadget Directory Plugin','com.atlassian.gadgets.directory','4.3.10','2022-08-30 02:10:23'),(10113,'Attach Image for JIRA','com.atlassian.plugins.jira-html5-attach-images','4.0.0','2022-08-30 02:10:23'),(10114,'Jira Monitoring Plugin','com.atlassian.jira.jira-monitoring-plugin','05.7.3','2022-08-30 02:10:23'),(10115,'Atlassian Hipchat Integration Plugin','com.atlassian.plugins.base-hipchat-integration-plugin','8.4.4','2022-08-30 02:10:23'),(10116,'Atlassian Jira - Plugins - Project Centric Issue Navigator','com.atlassian.jira.jira-projects-issue-navigator','9.5.1','2022-08-30 02:10:23'),(10117,'jira-importers-plugin','com.atlassian.jira.plugins.jira-importers-plugin','9.1.3','2022-08-30 02:10:23'),(10118,'Atlassian Plugins - JavaScript libraries','com.atlassian.plugin.jslibs','1.4.1','2022-08-30 02:10:23'),(10119,'JIRA Software Portuguese (Brazil) Language Pack','tac.jira software.languages.pt_BR','8.9.0.v20200304000400','2022-08-30 02:10:23'),(10120,'Jira Time Zone Detection plugin','com.atlassian.jira.jira-tzdetect-plugin','3.0.3','2022-08-30 02:10:23'),(10121,'Hipchat for Jira','com.atlassian.labs.hipchat.hipchat-for-jira-plugin','8.4.4','2022-08-30 02:10:23'),(10122,'Atlassian Jira - Plugins - Diagnostics Plugin','com.atlassian.jira.diagnostics','8.8.1','2022-08-30 02:10:23'),(10123,'JIRA Core Dutch (Netherlands) Language Pack','tac.jira core.languages.nl_NL','8.9.0.v20200304001412','2022-08-30 02:10:23'),(10124,'JIRA Core Estonian (Estonia) Language Pack','tac.jira core.languages.et_EE','8.9.0.v20200304001412','2022-08-30 02:10:23'),(10125,'JSON Library','com.atlassian.bundles.json-20070829.0.0.1','20070829.0.0.1','2022-08-30 02:10:23'),(10126,'JDOM DOM Processor','com.springsource.org.jdom-1.0.0','1.0.0','2022-08-30 02:10:23'),(10127,'JIRA Core Chinese (China) Language Pack','tac.jira core.languages.zh_CN','8.9.0.v20200304001412','2022-08-30 02:10:23'),(10128,'Atlassian Jira - Plugins - Feedback Plugin','com.atlassian.feedback.jira-feedback-plugin','8.8.1','2022-08-30 02:10:23'),(10129,'ActiveObjects Plugin - OSGi Bundle','com.atlassian.activeobjects.activeobjects-plugin','3.2.3','2022-08-30 02:10:23'),(10130,'Atlassian Jira - Plugins - Header Plugin','com.atlassian.jira.jira-header-plugin','8.8.1','2022-08-30 02:10:23'),(10131,'Issue Tab Panels Plugin','com.atlassian.jira.plugin.system.issuetabpanels','1.0','2022-08-30 02:10:23'),(10132,'JIRA Feature Keys','jira.feature.keys','1.0','2022-08-30 02:10:23'),(10133,'JIRA Streams Inline Actions Plugin','com.atlassian.streams.jira.inlineactions','8.2.0','2022-08-30 02:10:23'),(10134,'Atlassian Jira - Plugins - Application Properties','com.atlassian.jira.jira-application-properties-plugin','8.8.1','2022-08-30 02:10:23'),(10135,'Atlassian Jira - Plugins - Gadgets Plugin','com.atlassian.jira.gadgets','8.8.1','2022-08-30 02:10:23'),(10136,'Atlassian Jira - Plugins - Analytics whitelist','com.atlassian.jira.jira-analytics-whitelist-plugin','8.8.1','2022-08-30 02:10:23'),(10137,'jira-inline-issue-create-plugin','com.atlassian.jira.plugins.inline-create.jira-inline-issue-create-plugin','2.0.16','2022-08-30 02:10:23'),(10138,'Functional Extensions Scala Inter-Ops','io.atlassian.fugue.scala-4.7.2','4.7.2','2022-08-30 02:10:23'),(10139,'Workbox - JIRA Provider Plugin','com.atlassian.mywork.mywork-jira-provider-plugin','7.0.1','2022-08-30 02:10:23'),(10140,'JIRA Core Korean (South Korea) Language Pack','tac.jira core.languages.ko_KR','8.9.0.v20200304001412','2022-08-30 02:10:23'),(10141,'Content Link Resolvers Plugin','com.atlassian.jira.plugin.wiki.contentlinkresolvers','1.0','2022-08-30 02:10:23'),(10142,'Atlassian Application Manager plugin','com.atlassian.upm.upm-application-plugin','4.0.8','2022-08-30 02:10:23'),(10143,'JIRA Core Spanish (Spain) Language Pack','tac.jira core.languages.es_ES','8.9.0.v20200304001412','2022-08-30 02:10:23'),(10144,'JIRA Software Russian (Russia) Language Pack','tac.jira software.languages.ru_RU','8.9.0.v20200304000400','2022-08-30 02:10:23'),(10145,'JIRA Software Swedish (Sweden) Language Pack','tac.jira software.languages.sv_SE','8.9.0.v20200304000400','2022-08-30 02:10:23'),(10146,'Atlassian Jira - Plugins - Credits Plugin','com.atlassian.jira.jira-credits-plugin','8.8.1','2022-08-30 02:10:23'),(10147,'Jira Mobile','com.atlassian.jira.mobile','3.2.9','2022-08-30 02:10:23'),(10148,'Atlassian Jira - Plugins - Onboarding','com.atlassian.jira.jira-onboarding-assets-plugin','8.8.1','2022-08-30 02:10:23'),(10149,'FishEye Plugin','com.atlassian.jirafisheyeplugin','8.8.1','2022-08-30 02:10:23'),(10150,'JIRA Software French (France) Language Pack','tac.jira software.languages.fr_FR','8.9.0.v20200304000400','2022-08-30 02:10:23'),(10151,'Atlassian JIRA - Admin Helper Plugin','com.atlassian.jira.plugins.jira-admin-helper-plugin','5.0.1','2022-08-30 02:10:23'),(10152,'Atlassian browser metrics plugin','com.atlassian.plugins.browser.metrics.browser-metrics-plugin','7.0.1','2022-08-30 02:10:23'),(10153,'JIRA Software German (Germany) Language Pack','tac.jira software.languages.de_DE','8.9.0.v20200304000400','2022-08-30 02:10:23'),(10154,'Atlassian Jira - Plugins - Global Issue Navigator','com.atlassian.jira.jira-issue-nav-plugin','9.5.1','2022-08-30 02:10:23'),(10155,'User Navigation Bar Sections','jira.webfragments.user.navigation.bar','1.0','2022-08-30 02:10:23'),(10156,'Atlassian Troubleshooting and Support Tools','com.atlassian.troubleshooting.plugin-jira','1.23.4','2022-08-30 02:10:23'),(10157,'Neko HTML','com.atlassian.bundles.nekohtml-1.9.12.1','1.9.12.1','2022-08-30 02:10:23'),(10158,'JIRA Global Permissions','jira.system.global.permissions','1.0','2022-08-30 02:10:23'),(10159,'JIRA Software Slovak (Slovakia) Language Pack','tac.jira software.languages.sk_SK','8.9.0.v20200304000400','2022-08-30 02:10:23'),(10160,'Atlassian Template Renderer API','com.atlassian.templaterenderer.api','4.0.0','2022-08-30 02:10:23'),(10161,'JIRA Core Danish (Denmark) Language Pack','tac.jira core.languages.da_DK','8.9.0.v20200304001412','2022-08-30 02:10:23'),(10162,'Atlassian JIRA - Plugins - File viewer plugin','com.atlassian.jira.jira-fileviewer-plugin','8.0.0','2022-08-30 02:10:23'),(10163,'Atlassian Pretty URLs Plugin','com.atlassian.prettyurls.atlassian-pretty-urls-plugin','3.0.0','2022-08-30 02:10:23'),(10164,'JIRA Attachment Archive File Processors','jira.system.attachment.processors','1.0','2022-08-30 02:10:23'),(10165,'Atlassian Jira - Plugins - Admin Upgrades','com.atlassian.jira.jira-admin-updates-plugin','8.8.1','2022-08-30 02:10:23'),(10166,'Atlassian Cluster Monitoring Plugin','com.atlassian.cluster.monitoring.cluster-monitoring-plugin','2.0.1','2022-08-30 02:10:23'),(10167,'jira-ui','com.atlassian.jira.plugins.jira-ui','0.3.0','2022-08-30 02:10:23'),(10168,'Atlassian Universal Plugin Manager Plugin','com.atlassian.upm.atlassian-universal-plugin-manager-plugin','4.0.8','2022-08-30 02:10:23'),(10169,'SSO for Atlassian Data Center','com.atlassian.plugins.authentication.atlassian-authentication-plugin','4.0.1','2022-08-30 02:10:23'),(10170,'Atlassian Whitelist UI Plugin','com.atlassian.plugins.atlassian-whitelist-ui-plugin','4.0.7','2022-08-30 02:10:23'),(10171,'JIRA Core Portuguese (Brazil) Language Pack','tac.jira core.languages.pt_BR','8.9.0.v20200304001412','2022-08-30 02:10:23'),(10172,'Atlassian Jira - Plugins - Frontend Features','com.atlassian.jira.jira-frontend-plugin','8.8.1','2022-08-30 02:10:23'),(10173,'Redmine Importers Plugin for JIM','com.atlassian.jira.plugins.jira-importers-redmine-plugin','2.2.0','2022-08-30 02:10:23'),(10174,'jira-capabilities-plugin','jira.capabilities','1.0','2022-08-30 02:10:23'),(10175,'Atlassian JIRA - Plugins - Quick Edit Plugin','com.atlassian.jira.jira-quick-edit-plugin','4.0.0','2022-08-30 02:10:23'),(10176,'Soy Function Plugin','com.atlassian.jira.plugin.system.soyfunction','1.0','2022-08-30 02:10:23'),(10177,'Universal Plugin Manager - Role-Based Licensing Implementation Plugin','com.atlassian.upm.role-based-licensing-plugin','4.0.8','2022-08-30 02:10:23'),(10178,'Jira Core Project Templates Plugin','com.atlassian.jira-core-project-templates','7.0.5','2022-08-30 02:10:23'),(10179,'Atlassian OAuth Admin Plugin','com.atlassian.oauth.admin','4.0.2','2022-08-30 02:10:23'),(10180,'Atlassian REST - Module Types','com.atlassian.plugins.rest.atlassian-rest-module','6.0.2','2022-08-30 02:10:23'),(10181,'Crowd REST API','crowd-rest-application-management','1.0','2022-08-30 02:10:23'),(10182,'jira-issue-nav-components','com.atlassian.jira.jira-issue-nav-components','9.5.1','2022-08-30 02:10:23'),(10183,'jquery','com.atlassian.plugins.jquery','2.2.4.7','2022-08-30 02:10:23'),(10184,'Atlassian Jira - Plugins - Auditing Plugin [Audit Log]','com.atlassian.jira.plugins.jira-auditing-plugin','8.8.1','2022-08-30 02:10:23'),(10185,'Apache Apache HttpCore OSGi bundle','org.apache.httpcomponents.httpcore-4.4.12','4.4.12','2022-08-30 02:10:23'),(10186,'JIRA Remote Link Aggregator Plugin','com.atlassian.plugins.jira-remote-link-aggregator-plugin','3.0.0','2022-08-30 02:10:23'),(10187,'Streams API','com.atlassian.streams.streams-api','8.2.0','2022-08-30 02:10:23'),(10188,'Atlassian Jira - Plugins - Atlassian Notifications Plugin','com.atlassian.jira.jira-whisper-plugin','8.8.1','2022-08-30 02:10:23'),(10189,'Atlassian HTTP Client, Apache HTTP components impl','com.atlassian.httpclient.atlassian-httpclient-plugin','2.0.0','2022-08-30 02:10:23'),(10190,'Jira DVCS Connector Plugin','com.atlassian.jira.plugins.jira-bitbucket-connector-plugin','5.2.7','2022-08-30 02:10:23'),(10191,'JIRA Software Hungarian (Hungary) Language Pack','tac.jira software.languages.hu_HU','8.9.0.v20200304000400','2022-08-30 02:10:23'),(10192,'Atlassian Audit Plugin','com.atlassian.audit.atlassian-audit-plugin','1.5.7','2022-08-30 02:10:23'),(10193,'Asana Importers Plugin for JIM','com.atlassian.jira.plugins.jira-importers-asana-plugin','2.1.0','2022-08-30 02:10:23'),(10194,'Atlassian Awareness Capability','com.atlassian.plugins.atlassian-awareness-capability','0.0.6','2022-08-30 02:10:23'),(10195,'Atlassian Plugins - Web Resources REST','com.atlassian.plugins.atlassian-plugins-webresource-rest','4.1.3','2022-08-30 02:10:23'),(10196,'Custom Field Types & Searchers','com.atlassian.jira.plugin.system.customfieldtypes','1.0','2022-08-30 02:10:23'),(10197,'Project Creation Capability Product REST Plugin','com.atlassian.plugins.atlassian-project-creation-plugin','4.0.0-74bdd7a6fa','2022-08-30 02:10:23'),(10198,'Atlassian Jira - Plugins - REST Plugin','com.atlassian.jira.rest','8.8.1','2022-08-30 02:10:23'),(10199,'Atlassian Spring Scanner Runtime','com.atlassian.plugin.atlassian-spring-scanner-runtime','2.1.13','2022-08-30 02:10:23'),(10200,'JIRA Software Czech (Czech Republic) Language Pack','tac.jira software.languages.cs_CZ','8.9.0.v20200304000400','2022-08-30 02:10:23'),(10201,'Opensocial Plugin','com.atlassian.gadgets.opensocial','4.3.10','2022-08-30 02:10:23'),(10202,'Atlassian Jira - Plugins - Confluence Link','com.atlassian.jira.jira-issue-link-confluence-plugin','8.8.1','2022-08-30 02:10:23'),(10203,'ROME, RSS and atOM utilitiEs for Java','rome.rome-1.0','1.0','2022-08-30 02:10:23'),(10204,'User Format','jira.user.format','1.0','2022-08-30 02:10:23'),(10205,'JIRA Core Finnish (Finland) Language Pack','tac.jira core.languages.fi_FI','8.9.0.v20200304001412','2022-08-30 02:10:23'),(10206,'JIRA Software Japanese (Japan) Language Pack','tac.jira software.languages.ja_JP','8.9.0.v20200304000400','2022-08-30 02:10:23'),(10207,'View Project Operations Sections','jira.webfragments.view.project.operations','1.0','2022-08-30 02:10:23'),(10208,'atlassian-servlet-plugin','com.atlassian.web.atlassian-servlet-plugin','5.2.0','2022-08-30 02:10:23'),(10209,'Crowd REST API','crowd-rest-plugin','1.0','2022-08-30 02:10:23'),(10210,'JIRA Software Polish (Poland) Language Pack','tac.jira software.languages.pl_PL','8.9.0.v20200304000400','2022-08-30 02:10:23'),(10211,'Atlassian OAuth Consumer SPI','com.atlassian.oauth.atlassian-oauth-consumer-spi','4.0.2','2022-08-30 02:10:23'),(10212,'Atlassian Jira - Plugins - Post-Upgrade Landing Page','com.atlassian.jira.plugins.jira-post-upgrade-landing-page-plugin','8.8.1','2022-08-30 02:10:23'),(10213,'JIRA Core Hungarian (Hungary) Language Pack','tac.jira core.languages.hu_HU','8.9.0.v20200304001412','2022-08-30 02:10:23'),(10214,'Atlassian Spring Scanner Annotations','com.atlassian.plugin.atlassian-spring-scanner-annotation','2.1.13','2022-08-30 02:10:23'),(10215,'jackson-module-scala-2.10-provider','com.atlassian.scala.plugins.jackson-module-scala-2.10-provider-plugin','0.5','2022-08-30 02:10:23'),(10216,'User anonymization in Jira Core','com.atlassian.jira.user.anonymize','1.0','2022-08-30 02:10:23'),(10217,'Rich Text Editor for JIRA','com.atlassian.jira.plugins.jira-editor-plugin','4.1.12','2022-08-30 02:10:23'),(10218,'Web Resources Plugin Jira Core','jira.core','1.0','2022-08-30 02:10:23'),(10219,'Workflow Plugin','com.atlassian.jira.plugin.system.workflow','1.0','2022-08-30 02:10:23'),(10220,'jira-importers-trello-plugin','com.atlassian.jira.plugins.jira-importers-trello-plugin','3.1.0','2022-08-30 02:10:23'),(10221,'JIRA Software Dutch (Netherlands) Language Pack','tac.jira software.languages.nl_NL','8.9.0.v20200304000400','2022-08-30 02:10:23'),(10222,'Icon Types Plugin','jira.icontypes','1.0','2022-08-30 02:10:23'),(10223,'JIRA Core Norwegian (Norway) Language Pack','tac.jira core.languages.no_NO','8.9.0.v20200304001412','2022-08-30 02:10:23'),(10224,'Atlassian WebHooks Plugin','com.atlassian.webhooks.atlassian-webhooks-plugin','3.3.0','2022-08-30 02:10:23'),(10225,'Help Paths Plugin','jira.help.paths','1.0','2022-08-30 02:10:23'),(10226,'Jira Base URL Plugin','com.atlassian.jira.jira-baseurl-plugin','3.2.0','2022-08-30 02:10:23'),(10227,'Atlassian Jira - Plugins - Look And Feel Logo Upload Plugin','com.atlassian.jira.lookandfeel','8.8.1','2022-08-30 02:10:23'),(10228,'Issue Status Plugin','com.atlassian.plugins.issue-status-plugin','2.1.1','2022-08-30 02:10:23'),(10229,'Gadget Spec Publisher Plugin','com.atlassian.gadgets.publisher','4.3.10','2022-08-30 02:10:23'),(10230,'Atlassian Jira - Plugins - OAuth Consumer SPI','com.atlassian.jira.oauth.consumer','8.8.1','2022-08-30 02:10:23'),(10231,'JIRA Agile','com.pyxis.greenhopper.jira','8.8.1','2022-08-30 02:10:23'),(10232,'JIRA Software Estonian (Estonia) Language Pack','tac.jira software.languages.et_EE','8.9.0.v20200304000400','2022-08-30 02:10:23'),(10233,'JIRA Core French (France) Language Pack','tac.jira core.languages.fr_FR','8.9.0.v20200304001412','2022-08-30 02:10:23'),(10234,'Renderer Component Factories Plugin','com.atlassian.jira.plugin.wiki.renderercomponentfactories','1.0','2022-08-30 02:10:23'),(10235,'Atlassian LESS Transformer Plugin','com.atlassian.plugins.less-transformer-plugin','4.0.0','2022-08-30 02:10:23'),(10236,'Pocketknife Feature Flags Plugin','com.atlassian.pocketknife.featureflags-plugin','0.5.4','2022-08-30 02:10:23'),(10237,'Functional Optics Library','io.atlassian.fugue.optics-4.7.2','4.7.2','2022-08-30 02:10:23'),(10238,'Functional Extensions Retry Inter-Ops','io.atlassian.fugue.retry-4.7.2','4.7.2','2022-08-30 02:10:23'),(10239,'Jira Bamboo Plugin','com.atlassian.jira.plugin.ext.bamboo','8.8.1','2022-08-30 02:10:23'),(10240,'Atlassian Jira - Plugins - Transition Trigger Plugin','com.atlassian.jira.plugins.jira-transition-triggers-plugin','8.8.1','2022-08-30 02:10:23'),(10241,'Atlassian Front-End Runtime Plugin','com.atlassian.frontend.atlassian-frontend-runtime-plugin','0.3.0','2022-08-30 02:10:23'),(10242,'Atlassian Bot Session Killer','com.atlassian.labs.atlassian-bot-killer','1.7.9','2022-08-30 02:10:23'),(10243,'User Profile Panels','jira.user.profile.panels','1.0','2022-08-30 02:10:23'),(10244,'scala-2.10-provider-plugin','com.atlassian.scala.plugins.scala-2.10-provider-plugin','0.14','2022-08-30 02:10:23'),(10245,'JIRA Software Romanian (Romania) Language Pack','tac.jira software.languages.ro_RO','8.9.0.v20200304000400','2022-08-30 02:10:23'),(10246,'Atlassian Jira - Plugins - ActiveObjects SPI','com.atlassian.jira.jira-activeobjects-spi-plugin','8.8.1','2022-08-30 02:10:23'),(10247,'Atlassian Rate Limiting - Plugin','com.atlassian.ratelimiting.rate-limiting-plugin','1.0.6','2022-08-30 02:10:23'),(10248,'JIRA Project Permissions','jira.system.project.permissions','1.0','2022-08-30 02:10:23'),(10249,'Wallboard Plugin','com.atlassian.jirawallboard.atlassian-wallboard-plugin','3.0.3','2022-08-30 02:10:23'),(10250,'Atlassian Jira - Plugins - User Profile Plugin','com.atlassian.jira.jira-user-profile-plugin','4.0.5','2022-08-30 02:10:23'),(10251,'Project Templates Plugin','com.atlassian.jira.project-templates-plugin','7.0.5','2022-08-30 02:10:23'),(10252,'Atlassian Notifications','com.atlassian.whisper.atlassian-whisper-plugin','2.0.9','2022-08-30 02:10:23'),(10253,'Filter Deletion Warning Plugin','jira.filter.deletion.warning','1.0','2022-08-30 02:10:23'),(10254,'JIRA Software Monitor Plugin','com.atlassian.jira.plugins.jira-software-monitor-plugin','8.8.1','2022-08-30 02:10:23'),(10255,'English (United States) Language Pack','com.atlassian.jira.jira-languages.en_US','8.8.1','2022-08-30 02:10:23'),(10256,'Atlassian Jira - Plugins - LESS integration','com.atlassian.jira.jira-less-integration','8.8.1','2022-08-30 02:10:23'),(10257,'Atlassian Jira - Plugins - SAL Plugin','com.atlassian.sal.jira','8.8.1','2022-08-30 02:10:23'),(10258,'Atlassian Diagnostics - Plugin','com.atlassian.diagnostics.atlassian-diagnostics-plugin','1.1.10','2022-08-30 02:10:23'),(10259,'Atlassian Template Renderer Velocity 1.6 Plugin','com.atlassian.templaterenderer.atlassian-template-renderer-velocity1.6-plugin','4.0.0','2022-08-30 02:10:23'),(10260,'Atlassian Jira - Plugins - Mail Plugin','com.atlassian.jira.jira-mail-plugin','11.0.7','2022-08-30 02:10:23'),(10261,'Atlassian Jira - Plugins - Closure Template Renderer','com.atlassian.jira.jira-soy-plugin','8.8.1','2022-08-30 02:10:23'),(10262,'Jira Workflow Designer Plugin','com.atlassian.jira.plugins.jira-workflow-designer','8.0.7','2022-08-30 02:10:23'),(10263,'Gadget Dashboard Plugin','com.atlassian.gadgets.dashboard','4.3.10','2022-08-30 02:10:23'),(10264,'Atlassian - Administration - Quick Search - JIRA','com.atlassian.administration.atlassian-admin-quicksearch-jira','2.3.3','2022-08-30 02:10:23'),(10265,'Web Panel Plugin','jira.webpanels','1.0','2022-08-30 02:10:23'),(10266,'Applinks - Plugin - OAuth','com.atlassian.applinks.applinks-oauth-plugin','7.1.3','2022-08-30 02:10:23'),(10267,'JIRA browser metrics integration plugin','com.atlassian.jira.plugins.jira-browser-metrics','2.0.14','2022-08-30 02:10:23'),(10268,'JIRA Activity Stream Plugin','com.atlassian.streams.streams-jira-plugin','8.2.0','2022-08-30 02:10:23'),(10269,'English (United Kingdom) Language Pack','com.atlassian.jira.jira-languages.en_UK','8.8.1','2022-08-30 02:10:23'),(10270,'Static Assets (CDN) Plugin','com.atlassian.plugins.static-assets-url','1.0.5','2022-08-30 02:10:23'),(10271,'JIRA Usage Hints','jira.usage.hints','1.0','2022-08-30 02:10:23');
/*!40000 ALTER TABLE `pluginversion` ENABLE KEYS */;
UNLOCK TABLES;

--
-- Table structure for table `portalpage`
--

DROP TABLE IF EXISTS `portalpage`;
/*!40101 SET @saved_cs_client     = @@character_set_client */;
/*!40101 SET character_set_client = utf8 */;
CREATE TABLE `portalpage` (
  `ID` decimal(18,0) NOT NULL,
  `USERNAME` varchar(255) COLLATE utf8mb4_bin DEFAULT NULL,
  `PAGENAME` varchar(255) COLLATE utf8mb4_bin DEFAULT NULL,
  `DESCRIPTION` varchar(255) COLLATE utf8mb4_bin DEFAULT NULL,
  `SEQUENCE` decimal(18,0) DEFAULT NULL,
  `FAV_COUNT` decimal(18,0) DEFAULT NULL,
  `LAYOUT` varchar(255) COLLATE utf8mb4_bin DEFAULT NULL,
  `ppversion` decimal(18,0) DEFAULT NULL,
  PRIMARY KEY (`ID`),
  KEY `ppage_username` (`USERNAME`)
) ENGINE=InnoDB DEFAULT CHARSET=utf8mb4 COLLATE=utf8mb4_bin;
/*!40101 SET character_set_client = @saved_cs_client */;

--
-- Dumping data for table `portalpage`
--

LOCK TABLES `portalpage` WRITE;
/*!40000 ALTER TABLE `portalpage` DISABLE KEYS */;
INSERT INTO `portalpage` VALUES (10000,NULL,'System Dashboard',NULL,0,0,'AA',0);
/*!40000 ALTER TABLE `portalpage` ENABLE KEYS */;
UNLOCK TABLES;

--
-- Table structure for table `portletconfiguration`
--

DROP TABLE IF EXISTS `portletconfiguration`;
/*!40101 SET @saved_cs_client     = @@character_set_client */;
/*!40101 SET character_set_client = utf8 */;
CREATE TABLE `portletconfiguration` (
  `ID` decimal(18,0) NOT NULL,
  `PORTALPAGE` decimal(18,0) DEFAULT NULL,
  `PORTLET_ID` varchar(255) COLLATE utf8mb4_bin DEFAULT NULL,
  `COLUMN_NUMBER` decimal(9,0) DEFAULT NULL,
  `positionseq` decimal(9,0) DEFAULT NULL,
  `GADGET_XML` text COLLATE utf8mb4_bin,
  `COLOR` varchar(255) COLLATE utf8mb4_bin DEFAULT NULL,
  `DASHBOARD_MODULE_COMPLETE_KEY` text COLLATE utf8mb4_bin,
  PRIMARY KEY (`ID`)
) ENGINE=InnoDB DEFAULT CHARSET=utf8mb4 COLLATE=utf8mb4_bin;
/*!40101 SET character_set_client = @saved_cs_client */;

--
-- Dumping data for table `portletconfiguration`
--

LOCK TABLES `portletconfiguration` WRITE;
/*!40000 ALTER TABLE `portletconfiguration` DISABLE KEYS */;
INSERT INTO `portletconfiguration` VALUES (10000,10000,NULL,0,0,NULL,NULL,'com.atlassian.jira.gadgets:introduction-dashboard-item'),(10002,10000,NULL,1,0,'rest/gadgets/1.0/g/com.atlassian.jira.gadgets:assigned-to-me-gadget/gadgets/assigned-to-me-gadget.xml',NULL,NULL),(10003,10000,NULL,1,1,'rest/gadgets/1.0/g/com.atlassian.streams.streams-jira-plugin:activitystream-gadget/gadgets/activitystream-gadget.xml',NULL,NULL);
/*!40000 ALTER TABLE `portletconfiguration` ENABLE KEYS */;
UNLOCK TABLES;

--
-- Table structure for table `priority`
--

DROP TABLE IF EXISTS `priority`;
/*!40101 SET @saved_cs_client     = @@character_set_client */;
/*!40101 SET character_set_client = utf8 */;
CREATE TABLE `priority` (
  `ID` varchar(60) COLLATE utf8mb4_bin NOT NULL,
  `SEQUENCE` decimal(18,0) DEFAULT NULL,
  `pname` varchar(60) COLLATE utf8mb4_bin DEFAULT NULL,
  `DESCRIPTION` text COLLATE utf8mb4_bin,
  `ICONURL` varchar(255) COLLATE utf8mb4_bin DEFAULT NULL,
  `STATUS_COLOR` varchar(60) COLLATE utf8mb4_bin DEFAULT NULL,
  PRIMARY KEY (`ID`)
) ENGINE=InnoDB DEFAULT CHARSET=utf8mb4 COLLATE=utf8mb4_bin;
/*!40101 SET character_set_client = @saved_cs_client */;

--
-- Dumping data for table `priority`
--

LOCK TABLES `priority` WRITE;
/*!40000 ALTER TABLE `priority` DISABLE KEYS */;
INSERT INTO `priority` VALUES ('1',1,'Highest','This problem will block progress.','/images/icons/priorities/highest.png','#ff7452'),('2',2,'High','Serious problem that could block progress.','/images/icons/priorities/high.png','#ff8f73'),('3',3,'Medium','Has the potential to affect progress.','/images/icons/priorities/medium.png','#ffab00'),('4',4,'Low','Minor problem or easily worked around.','/images/icons/priorities/low.png','#0065ff'),('5',5,'Lowest','Trivial problem with little or no impact on progress.','/images/icons/priorities/lowest.png','#2684ff');
/*!40000 ALTER TABLE `priority` ENABLE KEYS */;
UNLOCK TABLES;

--
-- Table structure for table `productlicense`
--

DROP TABLE IF EXISTS `productlicense`;
/*!40101 SET @saved_cs_client     = @@character_set_client */;
/*!40101 SET character_set_client = utf8 */;
CREATE TABLE `productlicense` (
  `ID` decimal(18,0) NOT NULL,
  `LICENSE` longtext COLLATE utf8mb4_bin,
  PRIMARY KEY (`ID`)
) ENGINE=InnoDB DEFAULT CHARSET=utf8mb4 COLLATE=utf8mb4_bin;
/*!40101 SET character_set_client = @saved_cs_client */;

--
-- Dumping data for table `productlicense`
--

LOCK TABLES `productlicense` WRITE;
/*!40000 ALTER TABLE `productlicense` DISABLE KEYS */;
INSERT INTO `productlicense` VALUES (10000,'AAAB8w0ODAoPeJyNU9FumzAUfecrkPY4QWxICIlkaanDOjYgVaHd2jeH3ASvBKgNSenXFwLR2iaKJpkHrHvOPefc6y9RBeqs2qgmUjGaGuYUGSoNI9VAhqFsBECW5EUBQvd4DJmEqC4gYFsgdOH7zi11Z55CBbCS59mclUBaoIZszUTKBcgcZCx40aLIXZbyLS9hpaYdQF3WalKWhZwOBq8JT0HnueIznpWQsSwG56Xgou672RMNjZuj/OWCHVU6K95RB57ru5EzV4JquwSxWN9JEJJo+CjuAlch8lUVl3r7o8l8Xe6ZAP2E6EIti0u+A1KKCj5k+f7+ArxRxSg0rkVX2sdz3zRuzRlKWC3/xXgocXYsrQ7DIGuWyp7+M9FCbFjGZVfXJt0EjSeGji1bx0jHBp7ayEYDheZZ2Yh1mvBTYmDDbM7w2/OzHufbjvokjl7kDyYT4tM9/U7ldjD6s2LPq1FIa/m4v6fJ+DpfL2s5S26zIf+1Xf6uQpdHD9arH+Gv1dP+Ab0EG0K6Fv+ZVlgy0TrsfPfjdefEc+ehE2getixsG+03GY4+bMu5BQ1B7EA08Cs88rRHF820a+tnoI1vKFaeoD4OAVsIjZFtmvjcazndw5tKxAmT8PmtvAcfJlUILnvTjXxyxkI/nIPyq1n0BgxYR6IwLQIVAIDNw+aQ/B59nzmR+M4ZMY4IL2e2AhRPBZEAWQUSxqUXrUOiyPyigz44IA==X02nn');
/*!40000 ALTER TABLE `productlicense` ENABLE KEYS */;
UNLOCK TABLES;

--
-- Table structure for table `project`
--

DROP TABLE IF EXISTS `project`;
/*!40101 SET @saved_cs_client     = @@character_set_client */;
/*!40101 SET character_set_client = utf8 */;
CREATE TABLE `project` (
  `ID` decimal(18,0) NOT NULL,
  `pname` varchar(255) COLLATE utf8mb4_bin DEFAULT NULL,
  `URL` varchar(255) COLLATE utf8mb4_bin DEFAULT NULL,
  `LEAD` varchar(255) COLLATE utf8mb4_bin DEFAULT NULL,
  `DESCRIPTION` text COLLATE utf8mb4_bin,
  `pkey` varchar(255) COLLATE utf8mb4_bin DEFAULT NULL,
  `pcounter` decimal(18,0) DEFAULT NULL,
  `ASSIGNEETYPE` decimal(18,0) DEFAULT NULL,
  `AVATAR` decimal(18,0) DEFAULT NULL,
  `ORIGINALKEY` varchar(255) COLLATE utf8mb4_bin DEFAULT NULL,
  `PROJECTTYPE` varchar(255) COLLATE utf8mb4_bin DEFAULT NULL,
  PRIMARY KEY (`ID`),
  UNIQUE KEY `idx_project_key` (`pkey`)
) ENGINE=InnoDB DEFAULT CHARSET=utf8mb4 COLLATE=utf8mb4_bin;
/*!40101 SET character_set_client = @saved_cs_client */;

--
-- Dumping data for table `project`
--

LOCK TABLES `project` WRITE;
/*!40000 ALTER TABLE `project` DISABLE KEYS */;
INSERT INTO `project` VALUES (10000,'DDR_FLASHS','','JIRAUSER10000','','DDRFLAS',6,3,10324,'DDRFLAS','software'),(10001,'CPUTESTS','','JIRAUSER10000','','CPUT',8,3,10324,'CPUT','software');
/*!40000 ALTER TABLE `project` ENABLE KEYS */;
UNLOCK TABLES;

--
-- Table structure for table `project_key`
--

DROP TABLE IF EXISTS `project_key`;
/*!40101 SET @saved_cs_client     = @@character_set_client */;
/*!40101 SET character_set_client = utf8 */;
CREATE TABLE `project_key` (
  `ID` decimal(18,0) NOT NULL,
  `PROJECT_ID` decimal(18,0) DEFAULT NULL,
  `PROJECT_KEY` varchar(255) COLLATE utf8mb4_bin DEFAULT NULL,
  PRIMARY KEY (`ID`),
  UNIQUE KEY `idx_all_project_keys` (`PROJECT_KEY`),
  KEY `idx_all_project_ids` (`PROJECT_ID`)
) ENGINE=InnoDB DEFAULT CHARSET=utf8mb4 COLLATE=utf8mb4_bin;
/*!40101 SET character_set_client = @saved_cs_client */;

--
-- Dumping data for table `project_key`
--

LOCK TABLES `project_key` WRITE;
/*!40000 ALTER TABLE `project_key` DISABLE KEYS */;
INSERT INTO `project_key` VALUES (10000,10000,'DDRFLAS'),(10001,10001,'CPUT');
/*!40000 ALTER TABLE `project_key` ENABLE KEYS */;
UNLOCK TABLES;

--
-- Table structure for table `projectcategory`
--

DROP TABLE IF EXISTS `projectcategory`;
/*!40101 SET @saved_cs_client     = @@character_set_client */;
/*!40101 SET character_set_client = utf8 */;
CREATE TABLE `projectcategory` (
  `ID` decimal(18,0) NOT NULL,
  `cname` varchar(255) COLLATE utf8mb4_bin DEFAULT NULL,
  `description` text COLLATE utf8mb4_bin,
  PRIMARY KEY (`ID`),
  KEY `idx_project_category_name` (`cname`)
) ENGINE=InnoDB DEFAULT CHARSET=utf8mb4 COLLATE=utf8mb4_bin;
/*!40101 SET character_set_client = @saved_cs_client */;

--
-- Dumping data for table `projectcategory`
--

LOCK TABLES `projectcategory` WRITE;
/*!40000 ALTER TABLE `projectcategory` DISABLE KEYS */;
/*!40000 ALTER TABLE `projectcategory` ENABLE KEYS */;
UNLOCK TABLES;

--
-- Table structure for table `projectchangedtime`
--

DROP TABLE IF EXISTS `projectchangedtime`;
/*!40101 SET @saved_cs_client     = @@character_set_client */;
/*!40101 SET character_set_client = utf8 */;
CREATE TABLE `projectchangedtime` (
  `PROJECT_ID` decimal(18,0) NOT NULL,
  `ISSUE_CHANGED_TIME` datetime DEFAULT NULL,
  PRIMARY KEY (`PROJECT_ID`)
) ENGINE=InnoDB DEFAULT CHARSET=utf8mb4 COLLATE=utf8mb4_bin;
/*!40101 SET character_set_client = @saved_cs_client */;

--
-- Dumping data for table `projectchangedtime`
--

LOCK TABLES `projectchangedtime` WRITE;
/*!40000 ALTER TABLE `projectchangedtime` DISABLE KEYS */;
/*!40000 ALTER TABLE `projectchangedtime` ENABLE KEYS */;
UNLOCK TABLES;

--
-- Table structure for table `projectrole`
--

DROP TABLE IF EXISTS `projectrole`;
/*!40101 SET @saved_cs_client     = @@character_set_client */;
/*!40101 SET character_set_client = utf8 */;
CREATE TABLE `projectrole` (
  `ID` decimal(18,0) NOT NULL,
  `NAME` varchar(255) COLLATE utf8mb4_bin DEFAULT NULL,
  `DESCRIPTION` text COLLATE utf8mb4_bin,
  PRIMARY KEY (`ID`)
) ENGINE=InnoDB DEFAULT CHARSET=utf8mb4 COLLATE=utf8mb4_bin;
/*!40101 SET character_set_client = @saved_cs_client */;

--
-- Dumping data for table `projectrole`
--

LOCK TABLES `projectrole` WRITE;
/*!40000 ALTER TABLE `projectrole` DISABLE KEYS */;
INSERT INTO `projectrole` VALUES (10002,'Administrators','A project role that represents administrators in a project');
/*!40000 ALTER TABLE `projectrole` ENABLE KEYS */;
UNLOCK TABLES;

--
-- Table structure for table `projectroleactor`
--

DROP TABLE IF EXISTS `projectroleactor`;
/*!40101 SET @saved_cs_client     = @@character_set_client */;
/*!40101 SET character_set_client = utf8 */;
CREATE TABLE `projectroleactor` (
  `ID` decimal(18,0) NOT NULL,
  `PID` decimal(18,0) DEFAULT NULL,
  `PROJECTROLEID` decimal(18,0) DEFAULT NULL,
  `ROLETYPE` varchar(255) COLLATE utf8mb4_bin DEFAULT NULL,
  `ROLETYPEPARAMETER` varchar(255) COLLATE utf8mb4_bin DEFAULT NULL,
  PRIMARY KEY (`ID`),
  KEY `role_player_idx` (`PROJECTROLEID`,`PID`),
  KEY `role_pid_idx` (`PID`)
) ENGINE=InnoDB DEFAULT CHARSET=utf8mb4 COLLATE=utf8mb4_bin;
/*!40101 SET character_set_client = @saved_cs_client */;

--
-- Dumping data for table `projectroleactor`
--

LOCK TABLES `projectroleactor` WRITE;
/*!40000 ALTER TABLE `projectroleactor` DISABLE KEYS */;
INSERT INTO `projectroleactor` VALUES (10002,NULL,10002,'atlassian-group-role-actor','jira-administrators'),(10100,10000,10002,'atlassian-group-role-actor','jira-administrators'),(10101,10001,10002,'atlassian-group-role-actor','jira-administrators');
/*!40000 ALTER TABLE `projectroleactor` ENABLE KEYS */;
UNLOCK TABLES;

--
-- Table structure for table `projectversion`
--

DROP TABLE IF EXISTS `projectversion`;
/*!40101 SET @saved_cs_client     = @@character_set_client */;
/*!40101 SET character_set_client = utf8 */;
CREATE TABLE `projectversion` (
  `ID` decimal(18,0) NOT NULL,
  `PROJECT` decimal(18,0) DEFAULT NULL,
  `vname` varchar(255) COLLATE utf8mb4_bin DEFAULT NULL,
  `DESCRIPTION` text COLLATE utf8mb4_bin,
  `SEQUENCE` decimal(18,0) DEFAULT NULL,
  `RELEASED` varchar(10) COLLATE utf8mb4_bin DEFAULT NULL,
  `ARCHIVED` varchar(10) COLLATE utf8mb4_bin DEFAULT NULL,
  `URL` varchar(255) COLLATE utf8mb4_bin DEFAULT NULL,
  `STARTDATE` datetime DEFAULT NULL,
  `RELEASEDATE` datetime DEFAULT NULL,
  PRIMARY KEY (`ID`),
  KEY `idx_version_project` (`PROJECT`),
  KEY `idx_version_sequence` (`SEQUENCE`)
) ENGINE=InnoDB DEFAULT CHARSET=utf8mb4 COLLATE=utf8mb4_bin;
/*!40101 SET character_set_client = @saved_cs_client */;

--
-- Dumping data for table `projectversion`
--

LOCK TABLES `projectversion` WRITE;
/*!40000 ALTER TABLE `projectversion` DISABLE KEYS */;
/*!40000 ALTER TABLE `projectversion` ENABLE KEYS */;
UNLOCK TABLES;

--
-- Table structure for table `propertydata`
--

DROP TABLE IF EXISTS `propertydata`;
/*!40101 SET @saved_cs_client     = @@character_set_client */;
/*!40101 SET character_set_client = utf8 */;
CREATE TABLE `propertydata` (
  `ID` decimal(18,0) NOT NULL,
  `propertyvalue` blob,
  PRIMARY KEY (`ID`)
) ENGINE=InnoDB DEFAULT CHARSET=utf8mb4 COLLATE=utf8mb4_bin;
/*!40101 SET character_set_client = @saved_cs_client */;

--
-- Dumping data for table `propertydata`
--

LOCK TABLES `propertydata` WRITE;
/*!40000 ALTER TABLE `propertydata` DISABLE KEYS */;
/*!40000 ALTER TABLE `propertydata` ENABLE KEYS */;
UNLOCK TABLES;

--
-- Table structure for table `propertydate`
--

DROP TABLE IF EXISTS `propertydate`;
/*!40101 SET @saved_cs_client     = @@character_set_client */;
/*!40101 SET character_set_client = utf8 */;
CREATE TABLE `propertydate` (
  `ID` decimal(18,0) NOT NULL,
  `propertyvalue` datetime DEFAULT NULL,
  PRIMARY KEY (`ID`)
) ENGINE=InnoDB DEFAULT CHARSET=utf8mb4 COLLATE=utf8mb4_bin;
/*!40101 SET character_set_client = @saved_cs_client */;

--
-- Dumping data for table `propertydate`
--

LOCK TABLES `propertydate` WRITE;
/*!40000 ALTER TABLE `propertydate` DISABLE KEYS */;
INSERT INTO `propertydate` VALUES (10305,'2022-08-30 02:30:14');
/*!40000 ALTER TABLE `propertydate` ENABLE KEYS */;
UNLOCK TABLES;

--
-- Table structure for table `propertydecimal`
--

DROP TABLE IF EXISTS `propertydecimal`;
/*!40101 SET @saved_cs_client     = @@character_set_client */;
/*!40101 SET character_set_client = utf8 */;
CREATE TABLE `propertydecimal` (
  `ID` decimal(18,0) NOT NULL,
  `propertyvalue` decimal(18,6) DEFAULT NULL,
  PRIMARY KEY (`ID`)
) ENGINE=InnoDB DEFAULT CHARSET=utf8mb4 COLLATE=utf8mb4_bin;
/*!40101 SET character_set_client = @saved_cs_client */;

--
-- Dumping data for table `propertydecimal`
--

LOCK TABLES `propertydecimal` WRITE;
/*!40000 ALTER TABLE `propertydecimal` DISABLE KEYS */;
/*!40000 ALTER TABLE `propertydecimal` ENABLE KEYS */;
UNLOCK TABLES;

--
-- Table structure for table `propertyentry`
--

DROP TABLE IF EXISTS `propertyentry`;
/*!40101 SET @saved_cs_client     = @@character_set_client */;
/*!40101 SET character_set_client = utf8 */;
CREATE TABLE `propertyentry` (
  `ID` decimal(18,0) NOT NULL,
  `ENTITY_NAME` varchar(255) COLLATE utf8mb4_bin DEFAULT NULL,
  `ENTITY_ID` decimal(18,0) DEFAULT NULL,
  `PROPERTY_KEY` varchar(255) COLLATE utf8mb4_bin DEFAULT NULL,
  `propertytype` decimal(9,0) DEFAULT NULL,
  PRIMARY KEY (`ID`),
  KEY `osproperty_entId_name_propKey` (`ENTITY_ID`,`ENTITY_NAME`,`PROPERTY_KEY`),
  KEY `osproperty_propertyKey` (`PROPERTY_KEY`)
) ENGINE=InnoDB DEFAULT CHARSET=utf8mb4 COLLATE=utf8mb4_bin;
/*!40101 SET character_set_client = @saved_cs_client */;

--
-- Dumping data for table `propertyentry`
--

LOCK TABLES `propertyentry` WRITE;
/*!40000 ALTER TABLE `propertyentry` DISABLE KEYS */;
INSERT INTO `propertyentry` VALUES (1,'jira.properties',1,'jira.version.patched',5),(2,'jira.properties',1,'jira.avatar.issuetype.subtask.default.id',5),(3,'jira.properties',1,'jira.avatar.default.id',5),(4,'jira.properties',1,'jira.avatar.issuetype.default.id',5),(5,'jira.properties',1,'jira.avatar.user.default.id',5),(6,'jira.properties',1,'jira.avatar.user.anonymous.id',5),(7,'jira.properties',1,'jira.scheme.default.issue.type',5),(9,'jira.properties',1,'jira.whitelist.disabled',1),(10,'jira.properties',1,'jira.whitelist.rules',6),(11,'jira.properties',1,'jira.option.timetracking',1),(12,'jira.properties',1,'jira.timetracking.estimates.legacy.behaviour',1),(13,'jira.properties',1,'jira.version',5),(14,'jira.properties',1,'jira.downgrade.minimum.version',5),(15,'jira.properties',1,'jira.option.allowunassigned',1),(16,'jira.properties',1,'jira.path.index.use.default.directory',1),(21,'com.atlassian.jira.plugins.jira-workflow-designer',1,'jira.workflow.layout:8a6044147cf2c19c02d099279cfbfd47',6),(22,'jira.properties',1,'jira.onboarding.app_user.id.threshold',5),(23,'jira.properties',1,'post.migration.page.displayed',1),(10100,'jira.properties',1,'webwork.i18n.encoding',5),(10101,'jira.properties',1,'jira.sid.key',5),(10102,'BambooServerProperties',1,'bamboo.config.version',2),(10103,'GreenHopper.Run.History',1,'lastRunVersion',6),(10104,'GreenHopper.Run.History',2,'2022-08-30T02:10:12.901Z',6),(10105,'jira.properties',1,'com.atlassian.audit.plugin:audit-config:retention:period',5),(10106,'jira.properties',1,'AO_550953_#',5),(10107,'jira.properties',1,'AO_60DB71_#',5),(10108,'jira.properties',1,'AO_E8B6CC_#',5),(10109,'jira.properties',1,'dvcs.connector.bitbucket.url',5),(10110,'jira.properties',1,'dvcs.connector.github.url',5),(10111,'jira.plugin.devstatus.datastorage',1,'upgrade.state',5),(10112,'jira.properties',1,'AO_4AEACD_#',5),(10113,'jira.properties',1,'AO_587B34_#',5),(10114,'jira.properties',1,'com.atlassian.jira.util.index.IndexingCounterManagerImpl.counterValue',3),(10115,'jira.properties',1,'jvm.system.timezone',5),(10116,'jira.properties',1,'jira.webresource.superbatch.flushcounter',5),(10117,'jira.properties',1,'jira.i18n.language.index',5),(10118,'jira.properties',1,'jira.scheme.default.priority',5),(10121,'com.atlassian.jira.user.flag.FlagDismissalServiceImpl',1,'com.atlassian.jira.flag.resets',6),(10200,'jira.properties',1,'jira.webresource.flushcounter',5),(10201,'jira.properties',1,'mailsetting.jira.mail.send.disabled.modifiedBy',5),(10202,'jira.properties',1,'mailsetting.jira.mail.send.disabled.modifiedDate',5),(10203,'jira.properties',1,'jira.i18n.default.locale',5),(10204,'jira.properties',1,'jira.title',5),(10205,'jira.properties',1,'jira.baseurl',5),(10206,'jira.properties',1,'jira.mode',5),(10207,'jira.properties',1,'jira.path.attachments',5),(10208,'jira.properties',1,'jira.path.attachments.use.default.directory',1),(10209,'jira.properties',1,'jira.option.allowattachments',1),(10210,'ServiceConfig',10001,'USE_DEFAULT_DIRECTORY',5),(10211,'jira.properties',1,'jira.path.backup',5),(10212,'jira.properties',1,'jira.setup',5),(10213,'jira.properties',1,'jira.initial.build.number',5),(10214,'jira.properties',1,'jira.option.voting',1),(10215,'jira.properties',1,'jira.option.watching',1),(10216,'jira.properties',1,'jira.option.issuelinking',1),(10217,'jira.properties',1,'jira.option.emailvisible',5),(10300,'jira.properties',1,'jira.option.allowsubtasks',1),(10301,'jira.properties',1,'com.atlassian.streams.InlineActivityStream:loaded.from.jira.projects',5),(10302,'GreenHopper.properties',1,'GreenHopper.LexoRank.Default.customfield.id',3),(10303,'GreenHopper.properties',1,'GreenHopper.Sprint.Default.customfield.id',3),(10304,'admin.message.manager',1,'user',5),(10305,'admin.message.manager',1,'time',7),(10306,'admin.message.manager',1,'task',5),(10307,'GreenHopper.properties',1,'GreenHopper.Sprint.Index.Check.Necessary',5),(10308,'GreenHopper.properties',1,'GreenHopper.EpicLink.Default.customfield.id',3),(10309,'GreenHopper.properties',1,'GreenHopper.EpicStatus.Default.customfield.id',3),(10310,'GreenHopper.properties',1,'GreenHopper.EpicLabel.Default.customfield.id',3),(10311,'GreenHopper.properties',1,'GreenHopper.EpicColor.Default.customfield.id',3),(10312,'GreenHopper.properties',1,'GreenHopper.JIRA60.Version.Migration',1),(10313,'GreenHopper.properties',1,'JIRA.Software.Simplified.Workflow.Upgraded',1),(10314,'GreenHopper.properties',1,'GreenHopper.Epic.Default.issuetype.id',5),(10315,'GreenHopper.properties',1,'GreenHopper.Story.Default.issuetype.id',5),(10316,'GreenHopper.properties',1,'GreenHopper.StoryPoints.Default.customfield.id',3),(10317,'GreenHopper.properties',1,'GreenHopper.Epic.Default.linktype.id',3),(10318,'jira.properties',1,'com.atlassian.upm:notifications:notification-plugin.request',5),(10319,'jira.properties',1,'com.atlassian.sal.jira:build',5),(10320,'jira.properties',1,'com.atlassian.upm:notifications:notification-edition.mismatch',5),(10321,'jira.properties',1,'com.atlassian.upm:notifications:notification-evaluation.expired',5),(10322,'jira.properties',1,'com.atlassian.upm:notifications:notification-evaluation.nearlyexpired',5),(10323,'jira.properties',1,'com.atlassian.upm:notifications:notification-maintenance.expired',5),(10324,'jira.properties',1,'com.atlassian.upm:notifications:notification-maintenance.nearlyexpired',5),(10325,'jira.properties',1,'com.atlassian.upm:notifications:notification-license.expired',5),(10326,'jira.properties',1,'com.atlassian.plugins.atlassian-whitelist-api-plugin:whitelist.enabled',5),(10327,'jira.properties',1,'com.atlassian.upm:notifications:notification-license.nearlyexpired',5),(10328,'jira.properties',1,'com.atlassian.jira.gadgets:build',5),(10329,'jira.properties',1,'com.atlassian.jira.plugins.jira-bitbucket-connector-plugin:build',5),(10330,'GreenHopper.UpgradeHistory',1,'2022-08-30T02:30:14.748Z',6),(10331,'GreenHopper.UpgradeHistory',2,'2022-08-30T02:30:14.760Z',6),(10332,'GreenHopper.properties',1,'GreenHopper.Upgrade.Latest.Upgraded.Version',3),(10333,'jira.properties',1,'com.pyxis.greenhopper.jira:build',5),(10334,'GreenHopper.UpgradeHistory',1,'2022-08-30T02:30:14.770Z',6),(10335,'GreenHopper.UpgradeHistory',2,'2022-08-30T02:30:14.781Z',6),(10336,'GreenHopper.UpgradeHistory',1,'2022-08-30T02:30:14.790Z',6),(10337,'GreenHopper.UpgradeHistory',2,'2022-08-30T02:30:14.794Z',6),(10338,'GreenHopper.UpgradeHistory',1,'2022-08-30T02:30:14.805Z',6),(10339,'GreenHopper.UpgradeHistory',2,'2022-08-30T02:30:14.837Z',6),(10340,'GreenHopper.UpgradeHistory',1,'2022-08-30T02:30:14.847Z',6),(10341,'GreenHopper.UpgradeHistory',2,'2022-08-30T02:30:14.860Z',6),(10342,'GreenHopper.UpgradeHistory',1,'2022-08-30T02:30:14.870Z',6),(10343,'GreenHopper.UpgradeHistory',2,'2022-08-30T02:30:14.873Z',6),(10344,'jira.properties',1,'com.atlassian.crowd.embedded.admin:build',5),(10345,'jira.properties',1,'com.atlassian.labs.hipchat.hipchat-for-jira-plugin:build',5),(10346,'jira.properties',1,'com.atlassian.plugins.atlassian-whitelist-core-plugin:build',5),(10347,'jira.properties',1,'com.atlassian.jira.plugin.ext.bamboo:build',5),(10348,'jira.properties',1,'com.atlassian.jira.jira-mail-plugin:build',5),(10349,'jira.properties',1,'com.atlassian.plugins.custom_apps.hasCustomOrder',5),(10350,'jira.properties',1,'com.atlassian.plugins.atlassian-nav-links-plugin:build',5),(10351,'jira.properties',1,'com.atlassian.jira.plugins.jira-workflow-designer:build',5),(10352,'jira.properties',1,'com.atlassian.jira.plugins.webhooks.jira-webhooks-plugin:build',5),(10353,'jira.properties',1,'com.atlassian.jirawallboard.atlassian-wallboard-plugin:build',5),(10354,'jira.properties',1,'com.atlassian.upm.atlassian-universal-plugin-manager-plugin:build',5),(10355,'jira.properties',1,'com.atlassian.jira.lookandfeel:isDefaultFavicon',5),(10356,'jira.properties',1,'com.atlassian.jira.lookandfeel:usingCustomFavicon',5),(10357,'jira.properties',1,'com.atlassian.jira.lookandfeel:customDefaultFaviconURL',5),(10358,'jira.properties',1,'com.atlassian.jira.lookandfeel:customDefaultFaviconHiresURL',5),(10359,'jira.properties',1,'com.atlassian.jira.lookandfeel:faviconWidth',5),(10360,'jira.properties',1,'com.atlassian.jira.lookandfeel:faviconHeight',5),(10361,'jira.properties',1,'com.atlassian.jira.lookandfeel:build',5),(10362,'jira.properties',1,'com.atlassian.plugins.authentication.atlassian-authentication-plugin:build',5),(10363,'jira.properties',1,'com.atlassian.plugins.authentication.sso.config.sso-type',5),(10364,'jira.properties',1,'com.atlassian.jira.project-templates-plugin:build',5),(10365,'jira.properties',1,'com.atlassian.upm.log.PluginSettingsAuditLogService:log:upm_audit_log_v3',5),(10366,'jira.properties',1,'jira-header-plugin.studio-tab-migration-complete',5),(10367,'jira.properties',1,'com.atlassian.analytics.client.configuration..policy_acknowledged',5),(10368,'jira.properties',1,'com.atlassian.analytics.client.configuration..analytics_enabled',5),(10369,'jira.properties',1,'com.atlassian.analytics.client.configuration.uuid',5),(10370,'jira.properties',1,'com.atlassian.analytics.client.configuration.serverid',5),(10371,'fisheye-jira-plugin.properties',1,'Upgrade Conditions Applied',5),(10372,'fisheye-jira-plugin.properties',1,'FISH-375-fixed',5),(10373,'fisheye-jira-plugin.properties',1,'fisheye.ual.migration.complete',5),(10374,'fisheye-jira-plugin.properties',1,'fisheye.ual.crucible.enabled.property.fix.complete',5),(10375,'fisheye-jira-plugin.properties',1,'Perforce Update Applied',5),(10376,'ApplicationUser',10000,'jira.onboarding.first.use.flow.started',5),(10377,'jira.properties',1,'com.atlassian.jira.onboarding.postsetup.AppPropertiesPostSetupAnnouncementStore.all',6),(10378,'jira.properties',1,'com.atlassian.upm:notifications:notification-update',5),(10379,'ApplicationUser',10000,'newsletter.signup.first.view',3),(10380,'ApplicationUser',10000,'jira.onboarding.first.use.flow.current.sequence',5),(10381,'ApplicationUser',10000,'jira.onboarding.first.use.flow.completed',1),(10382,'jira.properties',1,'com.pyxis.greenhopper.jira:default.permission.scheme.id',5),(10383,'user.format.mapping',1,'profileLink',5),(10384,'ApplicationUser',10000,'last-visited-item.10000',5),(10385,'Project',10000,'firstIssueCreated',1),(10386,'ApplicationUser',10000,'jira.user.timezone',5),(10387,'ApplicationUser',10000,'com.atlassian.jira.flag.dismissals',6),(10388,'user.format.mapping',1,'avatarFullNameHover',5),(10389,'ApplicationUser',10000,'jira.editor.user.mode',5),(10390,'ApplicationUser',10000,'jira.user.suppressedTips.qs-onboarding-tip',1),(10391,'jira.properties',1,'com.atlassian.whisper.plugin:ETag:messages',5),(10392,'jira.properties',1,'com.atlassian.whisper.plugin:ETag:usermessages',5),(10393,'jira.properties',1,'com.atlassian.whisper.plugin:last-successful-fetch-time',5),(10394,'ApplicationUser',10000,'jira.onboarding.first.use.flow.resolved',1),(10395,'jira.properties',1,'org.apache.shindig.common.crypto.BlobCrypter:key',5),(10396,'jira.properties',1,'jira.trustedapp.key.private.data',6),(10397,'jira.properties',1,'jira.trustedapp.key.public.data',6),(10398,'jira.properties',1,'jira.trustedapp.uid',5),(10399,'jira.properties',1,'com.atlassian.audit.plugin:cleanup.last.run.start',5),(10400,'jira.properties',1,'com.atlassian.analytics.client.upload.last_date',5),(10401,'ApplicationUser',10000,'last-visited-item.10001',5),(10402,'Project',10001,'firstIssueCreated',1),(10403,'ApplicationUser',10000,'user.last.issue.type.id',5),(10404,'ApplicationUser',10000,'jira.quick.edit.show.welcome.screen',1),(10405,'ApplicationUser',10000,'jira.quick.create.use',1),(10406,'ApplicationUser',10000,'jira.quick.create.fields',6),(10407,'user.format.mapping',1,'profileLinkActionHeader',5),(10408,'ApplicationUser',10000,'user.search.filter.id',6),(10409,'ApplicationUser',10000,'user.search.jql',6),(10410,'ApplicationUser',10000,'jira.user.suppressedTips.newsletter-signup-tip',1),(10411,'user.format.mapping',1,'fullName',5),(10412,'ApplicationUser',10000,'jira.user.suppressedTips.add.new.users',1),(10413,'user.format.mapping',1,'profileLinkExternal',5),(10414,'ApplicationUser',10100,'jira.onboarding.first.use.flow.started',5),(10415,'ApplicationUser',10100,'newsletter.signup.first.view',3),(10416,'ApplicationUser',10100,'jira.user.locale',5),(10417,'ApplicationUser',10100,'jira.onboarding.first.use.flow.current.sequence',5),(10418,'ApplicationUser',10100,'user.avatar.id',3),(10419,'ApplicationUser',10100,'jira.onboarding.first.use.flow.completed',1),(10420,'ApplicationUser',10100,'last-visited-item.10001',5),(10421,'ApplicationUser',10100,'com.atlassian.jira.flag.dismissals',6),(10422,'ApplicationUser',10100,'jira.user.suppressedTips.qs-onboarding-tip',1),(10423,'ApplicationUser',10100,'last-visited-item.10000',5),(10424,'ApplicationUser',10100,'class com.atlassian.jira.web.action.AbstractPluggableTabPanelAction',6),(10425,'ApplicationUser',10100,'jira.onboarding.first.use.flow.resolved',1),(10426,'ApplicationUser',10100,'user.last.issue.type.id',5),(10427,'ApplicationUser',10100,'jira.quick.edit.show.welcome.screen',1),(10428,'ApplicationUser',10100,'jira.quick.create.use',1),(10429,'ApplicationUser',10100,'jira.quick.create.fields',6),(10430,'ApplicationUser',10100,'jira.editor.user.mode',5);
/*!40000 ALTER TABLE `propertyentry` ENABLE KEYS */;
UNLOCK TABLES;

--
-- Table structure for table `propertynumber`
--

DROP TABLE IF EXISTS `propertynumber`;
/*!40101 SET @saved_cs_client     = @@character_set_client */;
/*!40101 SET character_set_client = utf8 */;
CREATE TABLE `propertynumber` (
  `ID` decimal(18,0) NOT NULL,
  `propertyvalue` decimal(18,0) DEFAULT NULL,
  PRIMARY KEY (`ID`)
) ENGINE=InnoDB DEFAULT CHARSET=utf8mb4 COLLATE=utf8mb4_bin;
/*!40101 SET character_set_client = @saved_cs_client */;

--
-- Dumping data for table `propertynumber`
--

LOCK TABLES `propertynumber` WRITE;
/*!40000 ALTER TABLE `propertynumber` DISABLE KEYS */;
INSERT INTO `propertynumber` VALUES (9,0),(11,1),(12,0),(15,1),(16,1),(23,1),(10102,22),(10114,1),(10208,1),(10209,1),(10214,1),(10215,1),(10216,1),(10300,1),(10302,10100),(10303,10101),(10308,10102),(10309,10103),(10310,10104),(10311,10105),(10312,1),(10313,1),(10316,10106),(10317,10200),(10332,51),(10379,1661826639740),(10381,1),(10385,1),(10390,1),(10394,1),(10402,1),(10404,1),(10405,0),(10410,1),(10412,1),(10415,1663052908891),(10418,10349),(10419,1),(10422,1),(10425,1),(10427,1),(10428,0);
/*!40000 ALTER TABLE `propertynumber` ENABLE KEYS */;
UNLOCK TABLES;

--
-- Table structure for table `propertystring`
--

DROP TABLE IF EXISTS `propertystring`;
/*!40101 SET @saved_cs_client     = @@character_set_client */;
/*!40101 SET character_set_client = utf8 */;
CREATE TABLE `propertystring` (
  `ID` decimal(18,0) NOT NULL,
  `propertyvalue` text COLLATE utf8mb4_bin,
  PRIMARY KEY (`ID`)
) ENGINE=InnoDB DEFAULT CHARSET=utf8mb4 COLLATE=utf8mb4_bin;
/*!40101 SET character_set_client = @saved_cs_client */;

--
-- Dumping data for table `propertystring`
--

LOCK TABLES `propertystring` WRITE;
/*!40000 ALTER TABLE `propertystring` DISABLE KEYS */;
INSERT INTO `propertystring` VALUES (1,'808001'),(2,'10316'),(3,'10011'),(4,'10300'),(5,'10122'),(6,'10123'),(7,'10000'),(13,'8.8.1'),(14,'7.1.2'),(22,'0'),(10100,'UTF-8'),(10101,'B15L-ZI0A-G6JN-7PC1'),(10105,'P20Y'),(10106,'1'),(10107,'1'),(10108,'16'),(10109,'https://bitbucket.org'),(10110,'https://github.com'),(10111,'UPGRADED'),(10112,'1'),(10113,'4'),(10115,'Etc/UTC'),(10116,'4'),(10117,'english-moderate-stemming'),(10118,'10101'),(10200,'6411e0087192541a09d88223fb51a6a0'),(10201,''),(10202,'1661825424177'),(10203,'en_US'),(10204,'KmsJira'),(10205,'http://192.168.10.121:8080'),(10206,'private'),(10207,'/var/atlassian/application-data/jira/data/attachments'),(10210,'true'),(10211,'/var/atlassian/application-data/jira/export'),(10212,'true'),(10213,'808001'),(10217,'show'),(10301,'true'),(10304,''),(10306,'Story Points Field Creation'),(10307,'true'),(10314,'10000'),(10315,'10001'),(10318,'#java.util.List\n'),(10319,'2'),(10320,'#java.util.List\n'),(10321,'#java.util.List\n'),(10322,'#java.util.List\n'),(10323,'#java.util.List\n'),(10324,'#java.util.List\n'),(10325,'#java.util.List\n'),(10326,'true'),(10327,'#java.util.List\n'),(10328,'1'),(10329,'2'),(10333,'51'),(10344,'3'),(10345,'1'),(10346,'4'),(10347,'1'),(10348,'2'),(10349,'false'),(10350,'1'),(10351,'1'),(10352,'3'),(10353,'6086'),(10354,'5'),(10355,'false'),(10356,'false'),(10357,'/favicon.ico'),(10358,'/images/64jira.png'),(10359,'64'),(10360,'64'),(10361,'1'),(10362,'4'),(10363,'NONE'),(10364,'2001'),(10365,'#java.util.List\n{\"userKey\":\"JIRA\",\"date\":1661826615576,\"i18nKey\":\"upm.auditLog.upm.startup\",\"entryType\":\"UPM_STARTUP\",\"params\":[]}'),(10366,'migrated'),(10367,'true'),(10368,'true'),(10369,'772a9dc5-bdb1-4476-a63c-a34652d5771f'),(10370,'B15L-ZI0A-G6JN-7PC1'),(10371,'1'),(10372,'1'),(10373,'1'),(10374,'1'),(10375,'1'),(10376,'cyoaFirstUseFlow'),(10378,'#java.util.List\ncom.atlassian.jira.extra.jira-ical-feed\ncom.atlassian.plugins.authentication.atlassian-authentication-plugin\ncom.atlassian.troubleshooting.plugin-jira'),(10380,'cyoa:return'),(10382,'10000'),(10383,'jira.user.format:profile-link-user-format'),(10384,'com.atlassian.jira.jira-projects-issue-navigator:sidebar-issue-navigator'),(10386,'Asia/Shanghai'),(10388,'jira.user.format:avatar-and-full-name-with-hover-format'),(10389,'\"wysiwyg\"'),(10391,'W/\"da39a3ee5e6b4b0d3255bfef95601890afd80709\"'),(10392,'W/\"da39a3ee5e6b4b0d3255bfef95601890afd80709\"'),(10393,'1663191016529'),(10395,'O6bMSGRCc4cXy4kj92ThJSTW/DTVQTZGgCphWtOw7mI='),(10398,'jira:1461045'),(10399,'1663113600000'),(10400,'9/15/22 12:18 AM'),(10401,'com.atlassian.jira.jira-projects-issue-navigator:sidebar-issue-navigator'),(10403,'10003'),(10407,'jira.user.format:profile-link-action-header-user-format'),(10411,'jira.user.format:full-name-user-format'),(10413,'jira.user.format:profile-link-external-user-format'),(10414,'cyoaFirstUseFlow'),(10416,'zh_CN'),(10417,'nextStep'),(10420,'com.atlassian.jira.jira-projects-issue-navigator:sidebar-issue-navigator'),(10423,'com.atlassian.jira.jira-projects-issue-navigator:sidebar-issue-navigator'),(10426,'10001'),(10430,'\"wysiwyg\"');
/*!40000 ALTER TABLE `propertystring` ENABLE KEYS */;
UNLOCK TABLES;

--
-- Table structure for table `propertytext`
--

DROP TABLE IF EXISTS `propertytext`;
/*!40101 SET @saved_cs_client     = @@character_set_client */;
/*!40101 SET character_set_client = utf8 */;
CREATE TABLE `propertytext` (
  `ID` decimal(18,0) NOT NULL,
  `propertyvalue` longtext COLLATE utf8mb4_bin,
  PRIMARY KEY (`ID`)
) ENGINE=InnoDB DEFAULT CHARSET=utf8mb4 COLLATE=utf8mb4_bin;
/*!40101 SET character_set_client = @saved_cs_client */;

--
-- Dumping data for table `propertytext`
--

LOCK TABLES `propertytext` WRITE;
/*!40000 ALTER TABLE `propertytext` DISABLE KEYS */;
INSERT INTO `propertytext` VALUES (10,'http://www.atlassian.com/*\n'),(21,'{\n    \"edgeMap\": {\n        \"1DEDB66F-FE5C-EDFD-54D0-4D19CDC8CECA\": {\n            \"actionId\": 5,\n            \"allPoints\": [\n                {\n                    \"positiveController\": null,\n                    \"x\": 1806.5,\n                    \"y\": 434.0\n                },\n                {\n                    \"positiveController\": null,\n                    \"x\": 1801.0,\n                    \"y\": 115.0\n                }\n            ],\n            \"controlPoints\": [],\n            \"endNodeId\": \"6DA64EEB-08FE-2870-C90C-4D19CDA2F72D\",\n            \"endPoint\": {\n                \"positiveController\": null,\n                \"x\": 1801.0,\n                \"y\": 115.0\n            },\n            \"endStepId\": 4,\n            \"id\": \"1DEDB66F-FE5C-EDFD-54D0-4D19CDC8CECA\",\n            \"label\": \"Resolve Issue\",\n            \"labelPoint\": {\n                \"positiveController\": null,\n                \"x\": 1776.85,\n                \"y\": 355.25\n            },\n            \"lineType\": \"straight\",\n            \"startNodeId\": \"A8B1A431-AC3A-6DCD-BFF0-4D19CDBCAADB\",\n            \"startPoint\": {\n                \"positiveController\": null,\n                \"x\": 1806.5,\n                \"y\": 434.0\n            },\n            \"startStepId\": 5\n        },\n        \"3DF7CEC8-9FBC-C0D0-AFB1-4D19CE6EA230\": {\n            \"actionId\": 2,\n            \"allPoints\": [\n                {\n                    \"positiveController\": null,\n                    \"x\": 1469.5,\n                    \"y\": 113.0\n                },\n                {\n                    \"positiveController\": null,\n                    \"x\": 1614.0,\n                    \"y\": 226.0\n                }\n            ],\n            \"controlPoints\": [],\n            \"endNodeId\": \"1C846CFB-4F0D-2F40-D0AE-4D19CDAF5D34\",\n            \"endPoint\": {\n                \"positiveController\": null,\n                \"x\": 1614.0,\n                \"y\": 226.0\n            },\n            \"endStepId\": 6,\n            \"id\": \"3DF7CEC8-9FBC-C0D0-AFB1-4D19CE6EA230\",\n            \"label\": \"Close Issue\",\n            \"labelPoint\": {\n                \"positiveController\": null,\n                \"x\": 1492.25,\n                \"y\": 154.25\n            },\n            \"lineType\": \"straight\",\n            \"startNodeId\": \"778534F4-7595-88B6-45E1-4D19CD518712\",\n            \"startPoint\": {\n                \"positiveController\": null,\n                \"x\": 1469.5,\n                \"y\": 113.0\n            },\n            \"startStepId\": 1\n        },\n        \"483797F1-1BF4-5E0F-86C6-4D19CE6023A2\": {\n            \"actionId\": 5,\n            \"allPoints\": [\n                {\n                    \"positiveController\": null,\n                    \"x\": 1469.5,\n                    \"y\": 113.0\n                },\n                {\n                    \"positiveController\": null,\n                    \"x\": 1763.0,\n                    \"y\": 113.0\n                }\n            ],\n            \"controlPoints\": [],\n            \"endNodeId\": \"6DA64EEB-08FE-2870-C90C-4D19CDA2F72D\",\n            \"endPoint\": {\n                \"positiveController\": null,\n                \"x\": 1763.0,\n                \"y\": 113.0\n            },\n            \"endStepId\": 4,\n            \"id\": \"483797F1-1BF4-5E0F-86C6-4D19CE6023A2\",\n            \"label\": \"Resolve Issue\",\n            \"labelPoint\": {\n                \"positiveController\": null,\n                \"x\": 1551.0,\n                \"y\": 104.0\n            },\n            \"lineType\": \"straight\",\n            \"startNodeId\": \"778534F4-7595-88B6-45E1-4D19CD518712\",\n            \"startPoint\": {\n                \"positiveController\": null,\n                \"x\": 1469.5,\n                \"y\": 113.0\n            },\n            \"startStepId\": 1\n        },\n        \"517D7F32-20FB-309E-8639-4D19CE2ACB54\": {\n            \"actionId\": 5,\n            \"allPoints\": [\n                {\n                    \"positiveController\": null,\n                    \"x\": 1434.0,\n                    \"y\": 435.0\n                },\n                {\n                    \"positiveController\": {\n                        \"positiveController\": null,\n                        \"x\": 0.0,\n                        \"y\": 0.0\n                    },\n                    \"x\": 1435.0,\n                    \"y\": 490.0\n                },\n                {\n                    \"positiveController\": {\n                        \"positiveController\": null,\n                        \"x\": 0.0,\n                        \"y\": 0.0\n                    },\n                    \"x\": 1947.0,\n                    \"y\": 494.0\n                },\n                {\n                    \"positiveController\": {\n                        \"positiveController\": null,\n                        \"x\": 0.0,\n                        \"y\": 0.0\n                    },\n                    \"x\": 1950.0,\n                    \"y\": 118.0\n                },\n                {\n                    \"positiveController\": null,\n                    \"x\": 1763.0,\n                    \"y\": 113.0\n                }\n            ],\n            \"controlPoints\": [\n                {\n                    \"positiveController\": {\n                        \"positiveController\": null,\n                        \"x\": 0.0,\n                        \"y\": 0.0\n                    },\n                    \"x\": 1435.0,\n                    \"y\": 490.0\n                },\n                {\n                    \"positiveController\": {\n                        \"positiveController\": null,\n                        \"x\": 0.0,\n                        \"y\": 0.0\n                    },\n                    \"x\": 1947.0,\n                    \"y\": 494.0\n                },\n                {\n                    \"positiveController\": {\n                        \"positiveController\": null,\n                        \"x\": 0.0,\n                        \"y\": 0.0\n                    },\n                    \"x\": 1950.0,\n                    \"y\": 118.0\n                }\n            ],\n            \"endNodeId\": \"6DA64EEB-08FE-2870-C90C-4D19CDA2F72D\",\n            \"endPoint\": {\n                \"positiveController\": null,\n                \"x\": 1763.0,\n                \"y\": 113.0\n            },\n            \"endStepId\": 4,\n            \"id\": \"517D7F32-20FB-309E-8639-4D19CE2ACB54\",\n            \"label\": \"Resolve Issue\",\n            \"labelPoint\": {\n                \"positiveController\": null,\n                \"x\": 1631.25,\n                \"y\": 479.5\n            },\n            \"lineType\": \"poly\",\n            \"startNodeId\": \"0740FFFA-2AA1-C90A-38ED-4D19CD61899B\",\n            \"startPoint\": {\n                \"positiveController\": null,\n                \"x\": 1434.0,\n                \"y\": 435.0\n            },\n            \"startStepId\": 3\n        },\n        \"58BD4605-5FB9-84EA-6952-4D19CE7B454B\": {\n            \"actionId\": 1,\n            \"allPoints\": [\n                {\n                    \"positiveController\": null,\n                    \"x\": 1470.0,\n                    \"y\": 16.0\n                },\n                {\n                    \"positiveController\": null,\n                    \"x\": 1469.5,\n                    \"y\": 113.0\n                }\n            ],\n            \"controlPoints\": [],\n            \"endNodeId\": \"778534F4-7595-88B6-45E1-4D19CD518712\",\n            \"endPoint\": {\n                \"positiveController\": null,\n                \"x\": 1469.5,\n                \"y\": 113.0\n            },\n            \"endStepId\": 1,\n            \"id\": \"58BD4605-5FB9-84EA-6952-4D19CE7B454B\",\n            \"label\": \"Create Issue\",\n            \"labelPoint\": {\n                \"positiveController\": null,\n                \"x\": 1475.5,\n                \"y\": 48.5\n            },\n            \"lineType\": \"straight\",\n            \"startNodeId\": \"15174530-AE75-04E0-1D9D-4D19CD200835\",\n            \"startPoint\": {\n                \"positiveController\": null,\n                \"x\": 1470.0,\n                \"y\": 16.0\n            },\n            \"startStepId\": 1\n        },\n        \"92D3DEFD-13AC-06A7-E5D8-4D19CE537791\": {\n            \"actionId\": 4,\n            \"allPoints\": [\n                {\n                    \"positiveController\": null,\n                    \"x\": 1439.5,\n                    \"y\": 116.0\n                },\n                {\n                    \"positiveController\": {\n                        \"positiveController\": null,\n                        \"x\": 0.0,\n                        \"y\": 0.0\n                    },\n                    \"x\": 1393.0,\n                    \"y\": 116.0\n                },\n                {\n                    \"positiveController\": null,\n                    \"x\": 1390.0,\n                    \"y\": 434.0\n                }\n            ],\n            \"controlPoints\": [\n                {\n                    \"positiveController\": {\n                        \"positiveController\": null,\n                        \"x\": 0.0,\n                        \"y\": 0.0\n                    },\n                    \"x\": 1393.0,\n                    \"y\": 116.0\n                }\n            ],\n            \"endNodeId\": \"0740FFFA-2AA1-C90A-38ED-4D19CD61899B\",\n            \"endPoint\": {\n                \"positiveController\": null,\n                \"x\": 1390.0,\n                \"y\": 434.0\n            },\n            \"endStepId\": 3,\n            \"id\": \"92D3DEFD-13AC-06A7-E5D8-4D19CE537791\",\n            \"label\": \"Start Progress\",\n            \"labelPoint\": {\n                \"positiveController\": null,\n                \"x\": 1323.65,\n                \"y\": 193.75\n            },\n            \"lineType\": \"poly\",\n            \"startNodeId\": \"778534F4-7595-88B6-45E1-4D19CD518712\",\n            \"startPoint\": {\n                \"positiveController\": null,\n                \"x\": 1439.5,\n                \"y\": 116.0\n            },\n            \"startStepId\": 1\n        },\n        \"C049EE11-C5BB-F93B-36C3-4D19CDF12B8F\": {\n            \"actionId\": 3,\n            \"allPoints\": [\n                {\n                    \"positiveController\": null,\n                    \"x\": 1677.0,\n                    \"y\": 227.0\n                },\n                {\n                    \"positiveController\": {\n                        \"positiveController\": null,\n                        \"x\": 0.0,\n                        \"y\": 0.0\n                    },\n                    \"x\": 1767.05,\n                    \"y\": 230.05\n                },\n                {\n                    \"positiveController\": null,\n                    \"x\": 1773.5,\n                    \"y\": 425.0\n                }\n            ],\n            \"controlPoints\": [\n                {\n                    \"positiveController\": {\n                        \"positiveController\": null,\n                        \"x\": 0.0,\n                        \"y\": 0.0\n                    },\n                    \"x\": 1767.05,\n                    \"y\": 230.05\n                }\n            ],\n            \"endNodeId\": \"A8B1A431-AC3A-6DCD-BFF0-4D19CDBCAADB\",\n            \"endPoint\": {\n                \"positiveController\": null,\n                \"x\": 1773.5,\n                \"y\": 425.0\n            },\n            \"endStepId\": 5,\n            \"id\": \"C049EE11-C5BB-F93B-36C3-4D19CDF12B8F\",\n            \"label\": \"Reopen Issue\",\n            \"labelPoint\": {\n                \"positiveController\": null,\n                \"x\": 1703.85,\n                \"y\": 218.5\n            },\n            \"lineType\": \"poly\",\n            \"startNodeId\": \"1C846CFB-4F0D-2F40-D0AE-4D19CDAF5D34\",\n            \"startPoint\": {\n                \"positiveController\": null,\n                \"x\": 1677.0,\n                \"y\": 227.0\n            },\n            \"startStepId\": 6\n        },\n        \"C9EA1792-2332-8B56-A04D-4D19CD725367\": {\n            \"actionId\": 301,\n            \"allPoints\": [\n                {\n                    \"positiveController\": null,\n                    \"x\": 1465.0,\n                    \"y\": 436.0\n                },\n                {\n                    \"positiveController\": null,\n                    \"x\": 1469.5,\n                    \"y\": 113.0\n                }\n            ],\n            \"controlPoints\": [],\n            \"endNodeId\": \"778534F4-7595-88B6-45E1-4D19CD518712\",\n            \"endPoint\": {\n                \"positiveController\": null,\n                \"x\": 1469.5,\n                \"y\": 113.0\n            },\n            \"endStepId\": 1,\n            \"id\": \"C9EA1792-2332-8B56-A04D-4D19CD725367\",\n            \"label\": \"Stop Progress\",\n            \"labelPoint\": {\n                \"positiveController\": null,\n                \"x\": 1407.8,\n                \"y\": 308.5\n            },\n            \"lineType\": \"straight\",\n            \"startNodeId\": \"0740FFFA-2AA1-C90A-38ED-4D19CD61899B\",\n            \"startPoint\": {\n                \"positiveController\": null,\n                \"x\": 1465.0,\n                \"y\": 436.0\n            },\n            \"startStepId\": 3\n        },\n        \"CAF37138-6321-E03A-8E41-4D19CDD7DC78\": {\n            \"actionId\": 2,\n            \"allPoints\": [\n                {\n                    \"positiveController\": null,\n                    \"x\": 1764.5,\n                    \"y\": 430.0\n                },\n                {\n                    \"positiveController\": null,\n                    \"x\": 1614.0,\n                    \"y\": 226.0\n                }\n            ],\n            \"controlPoints\": [],\n            \"endNodeId\": \"1C846CFB-4F0D-2F40-D0AE-4D19CDAF5D34\",\n            \"endPoint\": {\n                \"positiveController\": null,\n                \"x\": 1614.0,\n                \"y\": 226.0\n            },\n            \"endStepId\": 6,\n            \"id\": \"CAF37138-6321-E03A-8E41-4D19CDD7DC78\",\n            \"label\": \"Close Issue\",\n            \"labelPoint\": {\n                \"positiveController\": null,\n                \"x\": 1677.65,\n                \"y\": 365.0\n            },\n            \"lineType\": \"straight\",\n            \"startNodeId\": \"A8B1A431-AC3A-6DCD-BFF0-4D19CDBCAADB\",\n            \"startPoint\": {\n                \"positiveController\": null,\n                \"x\": 1764.5,\n                \"y\": 430.0\n            },\n            \"startStepId\": 5\n        },\n        \"E1F8462A-8B0A-87EA-4F70-4D19CE423C83\": {\n            \"actionId\": 2,\n            \"allPoints\": [\n                {\n                    \"positiveController\": null,\n                    \"x\": 1488.0,\n                    \"y\": 430.0\n                },\n                {\n                    \"positiveController\": null,\n                    \"x\": 1614.0,\n                    \"y\": 226.0\n                }\n            ],\n            \"controlPoints\": [],\n            \"endNodeId\": \"1C846CFB-4F0D-2F40-D0AE-4D19CDAF5D34\",\n            \"endPoint\": {\n                \"positiveController\": null,\n                \"x\": 1614.0,\n                \"y\": 226.0\n            },\n            \"endStepId\": 6,\n            \"id\": \"E1F8462A-8B0A-87EA-4F70-4D19CE423C83\",\n            \"label\": \"Close Issue\",\n            \"labelPoint\": {\n                \"positiveController\": null,\n                \"x\": 1492.0,\n                \"y\": 345.0\n            },\n            \"lineType\": \"straight\",\n            \"startNodeId\": \"0740FFFA-2AA1-C90A-38ED-4D19CD61899B\",\n            \"startPoint\": {\n                \"positiveController\": null,\n                \"x\": 1488.0,\n                \"y\": 430.0\n            },\n            \"startStepId\": 3\n        },\n        \"E27D8EB8-8E49-430B-8FCB-4D19CE127171\": {\n            \"actionId\": 3,\n            \"allPoints\": [\n                {\n                    \"positiveController\": null,\n                    \"x\": 1840.0,\n                    \"y\": 130.0\n                },\n                {\n                    \"positiveController\": null,\n                    \"x\": 1846.5,\n                    \"y\": 428.0\n                }\n            ],\n            \"controlPoints\": [],\n            \"endNodeId\": \"A8B1A431-AC3A-6DCD-BFF0-4D19CDBCAADB\",\n            \"endPoint\": {\n                \"positiveController\": null,\n                \"x\": 1846.5,\n                \"y\": 428.0\n            },\n            \"endStepId\": 5,\n            \"id\": \"E27D8EB8-8E49-430B-8FCB-4D19CE127171\",\n            \"label\": \"Reopen Issue\",\n            \"labelPoint\": {\n                \"positiveController\": null,\n                \"x\": 1814.05,\n                \"y\": 169.5\n            },\n            \"lineType\": \"straight\",\n            \"startNodeId\": \"6DA64EEB-08FE-2870-C90C-4D19CDA2F72D\",\n            \"startPoint\": {\n                \"positiveController\": null,\n                \"x\": 1840.0,\n                \"y\": 130.0\n            },\n            \"startStepId\": 4\n        },\n        \"F79E742D-A9E4-0124-D7D4-4D19CDE48C9C\": {\n            \"actionId\": 4,\n            \"allPoints\": [\n                {\n                    \"positiveController\": null,\n                    \"x\": 1806.5,\n                    \"y\": 434.0\n                },\n                {\n                    \"positiveController\": null,\n                    \"x\": 1434.0,\n                    \"y\": 435.0\n                }\n            ],\n            \"controlPoints\": [],\n            \"endNodeId\": \"0740FFFA-2AA1-C90A-38ED-4D19CD61899B\",\n            \"endPoint\": {\n                \"positiveController\": null,\n                \"x\": 1434.0,\n                \"y\": 435.0\n            },\n            \"endStepId\": 3,\n            \"id\": \"F79E742D-A9E4-0124-D7D4-4D19CDE48C9C\",\n            \"label\": \"Start Progress\",\n            \"labelPoint\": {\n                \"positiveController\": null,\n                \"x\": 1607.25,\n                \"y\": 423.5\n            },\n            \"lineType\": \"straight\",\n            \"startNodeId\": \"A8B1A431-AC3A-6DCD-BFF0-4D19CDBCAADB\",\n            \"startPoint\": {\n                \"positiveController\": null,\n                \"x\": 1806.5,\n                \"y\": 434.0\n            },\n            \"startStepId\": 5\n        },\n        \"FD6BA267-475B-70B3-8AA4-4D19CE00BCD1\": {\n            \"actionId\": 701,\n            \"allPoints\": [\n                {\n                    \"positiveController\": null,\n                    \"x\": 1763.0,\n                    \"y\": 113.0\n                },\n                {\n                    \"positiveController\": null,\n                    \"x\": 1614.0,\n                    \"y\": 226.0\n                }\n            ],\n            \"controlPoints\": [],\n            \"endNodeId\": \"1C846CFB-4F0D-2F40-D0AE-4D19CDAF5D34\",\n            \"endPoint\": {\n                \"positiveController\": null,\n                \"x\": 1614.0,\n                \"y\": 226.0\n            },\n            \"endStepId\": 6,\n            \"id\": \"FD6BA267-475B-70B3-8AA4-4D19CE00BCD1\",\n            \"label\": \"Close Issue\",\n            \"labelPoint\": {\n                \"positiveController\": null,\n                \"x\": 1635.75,\n                \"y\": 152.25\n            },\n            \"lineType\": \"straight\",\n            \"startNodeId\": \"6DA64EEB-08FE-2870-C90C-4D19CDA2F72D\",\n            \"startPoint\": {\n                \"positiveController\": null,\n                \"x\": 1763.0,\n                \"y\": 113.0\n            },\n            \"startStepId\": 4\n        }\n    },\n    \"nodeMap\": {\n        \"0740FFFA-2AA1-C90A-38ED-4D19CD61899B\": {\n            \"id\": \"0740FFFA-2AA1-C90A-38ED-4D19CD61899B\",\n            \"inLinkIds\": [\n                \"F79E742D-A9E4-0124-D7D4-4D19CDE48C9C\",\n                \"92D3DEFD-13AC-06A7-E5D8-4D19CE537791\"\n            ],\n            \"isInitialAction\": false,\n            \"label\": \"In Progress\",\n            \"outLinkIds\": [\n                \"C9EA1792-2332-8B56-A04D-4D19CD725367\",\n                \"517D7F32-20FB-309E-8639-4D19CE2ACB54\",\n                \"E1F8462A-8B0A-87EA-4F70-4D19CE423C83\"\n            ],\n            \"rect\": {\n                \"height\": 45.0,\n                \"positiveController\": null,\n                \"width\": 146.0,\n                \"x\": 1373.0,\n                \"y\": 419.0\n            },\n            \"stepId\": 3\n        },\n        \"15174530-AE75-04E0-1D9D-4D19CD200835\": {\n            \"id\": \"15174530-AE75-04E0-1D9D-4D19CD200835\",\n            \"inLinkIds\": [],\n            \"isInitialAction\": true,\n            \"label\": \"Create Issue\",\n            \"outLinkIds\": [\n                \"58BD4605-5FB9-84EA-6952-4D19CE7B454B\"\n            ],\n            \"rect\": {\n                \"height\": 45.0,\n                \"positiveController\": null,\n                \"width\": 157.0,\n                \"x\": 1405.0,\n                \"y\": 0.0\n            },\n            \"stepId\": 1\n        },\n        \"1C846CFB-4F0D-2F40-D0AE-4D19CDAF5D34\": {\n            \"id\": \"1C846CFB-4F0D-2F40-D0AE-4D19CDAF5D34\",\n            \"inLinkIds\": [\n                \"CAF37138-6321-E03A-8E41-4D19CDD7DC78\",\n                \"E1F8462A-8B0A-87EA-4F70-4D19CE423C83\",\n                \"FD6BA267-475B-70B3-8AA4-4D19CE00BCD1\",\n                \"3DF7CEC8-9FBC-C0D0-AFB1-4D19CE6EA230\"\n            ],\n            \"isInitialAction\": false,\n            \"label\": \"Closed\",\n            \"outLinkIds\": [\n                \"C049EE11-C5BB-F93B-36C3-4D19CDF12B8F\"\n            ],\n            \"rect\": {\n                \"height\": 45.0,\n                \"positiveController\": null,\n                \"width\": 120.0,\n                \"x\": 1569.0,\n                \"y\": 210.0\n            },\n            \"stepId\": 6\n        },\n        \"6DA64EEB-08FE-2870-C90C-4D19CDA2F72D\": {\n            \"id\": \"6DA64EEB-08FE-2870-C90C-4D19CDA2F72D\",\n            \"inLinkIds\": [\n                \"517D7F32-20FB-309E-8639-4D19CE2ACB54\",\n                \"1DEDB66F-FE5C-EDFD-54D0-4D19CDC8CECA\",\n                \"483797F1-1BF4-5E0F-86C6-4D19CE6023A2\"\n            ],\n            \"isInitialAction\": false,\n            \"label\": \"Resolved\",\n            \"outLinkIds\": [\n                \"FD6BA267-475B-70B3-8AA4-4D19CE00BCD1\",\n                \"E27D8EB8-8E49-430B-8FCB-4D19CE127171\"\n            ],\n            \"rect\": {\n                \"height\": 44.0,\n                \"positiveController\": null,\n                \"width\": 137.0,\n                \"x\": 1709.0,\n                \"y\": 97.0\n            },\n            \"stepId\": 4\n        },\n        \"778534F4-7595-88B6-45E1-4D19CD518712\": {\n            \"id\": \"778534F4-7595-88B6-45E1-4D19CD518712\",\n            \"inLinkIds\": [\n                \"C9EA1792-2332-8B56-A04D-4D19CD725367\",\n                \"58BD4605-5FB9-84EA-6952-4D19CE7B454B\"\n            ],\n            \"isInitialAction\": false,\n            \"label\": \"Open\",\n            \"outLinkIds\": [\n                \"92D3DEFD-13AC-06A7-E5D8-4D19CE537791\",\n                \"483797F1-1BF4-5E0F-86C6-4D19CE6023A2\",\n                \"3DF7CEC8-9FBC-C0D0-AFB1-4D19CE6EA230\"\n            ],\n            \"rect\": {\n                \"height\": 45.0,\n                \"positiveController\": null,\n                \"width\": 106.0,\n                \"x\": 1429.5,\n                \"y\": 97.0\n            },\n            \"stepId\": 1\n        },\n        \"A8B1A431-AC3A-6DCD-BFF0-4D19CDBCAADB\": {\n            \"id\": \"A8B1A431-AC3A-6DCD-BFF0-4D19CDBCAADB\",\n            \"inLinkIds\": [\n                \"E27D8EB8-8E49-430B-8FCB-4D19CE127171\",\n                \"C049EE11-C5BB-F93B-36C3-4D19CDF12B8F\"\n            ],\n            \"isInitialAction\": false,\n            \"label\": \"Reopened\",\n            \"outLinkIds\": [\n                \"1DEDB66F-FE5C-EDFD-54D0-4D19CDC8CECA\",\n                \"CAF37138-6321-E03A-8E41-4D19CDD7DC78\",\n                \"F79E742D-A9E4-0124-D7D4-4D19CDE48C9C\"\n            ],\n            \"rect\": {\n                \"height\": 45.0,\n                \"positiveController\": null,\n                \"width\": 142.0,\n                \"x\": 1749.5,\n                \"y\": 418.0\n            },\n            \"stepId\": 5\n        }\n    },\n    \"rootIds\": [\n        \"15174530-AE75-04E0-1D9D-4D19CD200835\"\n    ],\n    \"width\": 1136\n}\n'),(10103,'<map>\n  <entry>\n    <string>pluginVersion</string>\n    <string>8.8.1</string>\n  </entry>\n  <entry>\n    <string>ranOn</string>\n    <string>2022-08-30T02:23:49.269Z</string>\n  </entry>\n  <entry>\n    <string>buildDate</string>\n    <string>2020-04-22T16:17:46.709Z</string>\n  </entry>\n  <entry>\n    <string>latestUpgradeTaskRun</string>\n    <string>0</string>\n  </entry>\n  <entry>\n    <string>changeSet</string>\n    <string>8b8ffbff8345b135</string>\n  </entry>\n</map>'),(10104,'<map>\n  <entry>\n    <string>pluginVersion</string>\n    <string>8.8.1</string>\n  </entry>\n  <entry>\n    <string>ranOn</string>\n    <string>2022-08-30T02:10:12.890Z</string>\n  </entry>\n  <entry>\n    <string>buildDate</string>\n    <string>2020-04-22T16:17:46.709Z</string>\n  </entry>\n  <entry>\n    <string>latestUpgradeTaskRun</string>\n    <string>0</string>\n  </entry>\n  <entry>\n    <string>changeSet</string>\n    <string>8b8ffbff8345b135</string>\n  </entry>\n</map>'),(10121,'{\"com.atlassian.jira.reindex.required\":1661826614224}'),(10330,'<map>\n  <entry>\n    <string>timeTaken</string>\n    <string>-1</string>\n  </entry>\n  <entry>\n    <string>pluginVersion</string>\n    <string>8.8.1</string>\n  </entry>\n  <entry>\n    <string>ranOn</string>\n    <string>2022-08-30T02:30:14.748Z</string>\n  </entry>\n  <entry>\n    <string>buildNumber</string>\n    <string>46</string>\n  </entry>\n  <entry>\n    <string>changeSet</string>\n    <string>8b8ffbff8345b135</string>\n  </entry>\n</map>'),(10331,'<map>\n  <entry>\n    <string>timeTaken</string>\n    <string>4</string>\n  </entry>\n  <entry>\n    <string>pluginVersion</string>\n    <string>8.8.1</string>\n  </entry>\n  <entry>\n    <string>ranOn</string>\n    <string>2022-08-30T02:30:14.760Z</string>\n  </entry>\n  <entry>\n    <string>buildNumber</string>\n    <string>46</string>\n  </entry>\n  <entry>\n    <string>changeSet</string>\n    <string>8b8ffbff8345b135</string>\n  </entry>\n</map>'),(10334,'<map>\n  <entry>\n    <string>timeTaken</string>\n    <string>-1</string>\n  </entry>\n  <entry>\n    <string>pluginVersion</string>\n    <string>8.8.1</string>\n  </entry>\n  <entry>\n    <string>ranOn</string>\n    <string>2022-08-30T02:30:14.770Z</string>\n  </entry>\n  <entry>\n    <string>buildNumber</string>\n    <string>47</string>\n  </entry>\n  <entry>\n    <string>changeSet</string>\n    <string>8b8ffbff8345b135</string>\n  </entry>\n</map>'),(10335,'<map>\n  <entry>\n    <string>timeTaken</string>\n    <string>8</string>\n  </entry>\n  <entry>\n    <string>pluginVersion</string>\n    <string>8.8.1</string>\n  </entry>\n  <entry>\n    <string>ranOn</string>\n    <string>2022-08-30T02:30:14.781Z</string>\n  </entry>\n  <entry>\n    <string>buildNumber</string>\n    <string>47</string>\n  </entry>\n  <entry>\n    <string>changeSet</string>\n    <string>8b8ffbff8345b135</string>\n  </entry>\n</map>'),(10336,'<map>\n  <entry>\n    <string>timeTaken</string>\n    <string>-1</string>\n  </entry>\n  <entry>\n    <string>pluginVersion</string>\n    <string>8.8.1</string>\n  </entry>\n  <entry>\n    <string>ranOn</string>\n    <string>2022-08-30T02:30:14.790Z</string>\n  </entry>\n  <entry>\n    <string>buildNumber</string>\n    <string>48</string>\n  </entry>\n  <entry>\n    <string>changeSet</string>\n    <string>8b8ffbff8345b135</string>\n  </entry>\n</map>'),(10337,'<map>\n  <entry>\n    <string>timeTaken</string>\n    <string>2</string>\n  </entry>\n  <entry>\n    <string>pluginVersion</string>\n    <string>8.8.1</string>\n  </entry>\n  <entry>\n    <string>ranOn</string>\n    <string>2022-08-30T02:30:14.794Z</string>\n  </entry>\n  <entry>\n    <string>buildNumber</string>\n    <string>48</string>\n  </entry>\n  <entry>\n    <string>changeSet</string>\n    <string>8b8ffbff8345b135</string>\n  </entry>\n</map>'),(10338,'<map>\n  <entry>\n    <string>timeTaken</string>\n    <string>-1</string>\n  </entry>\n  <entry>\n    <string>pluginVersion</string>\n    <string>8.8.1</string>\n  </entry>\n  <entry>\n    <string>ranOn</string>\n    <string>2022-08-30T02:30:14.805Z</string>\n  </entry>\n  <entry>\n    <string>buildNumber</string>\n    <string>49</string>\n  </entry>\n  <entry>\n    <string>changeSet</string>\n    <string>8b8ffbff8345b135</string>\n  </entry>\n</map>'),(10339,'<map>\n  <entry>\n    <string>timeTaken</string>\n    <string>29</string>\n  </entry>\n  <entry>\n    <string>pluginVersion</string>\n    <string>8.8.1</string>\n  </entry>\n  <entry>\n    <string>ranOn</string>\n    <string>2022-08-30T02:30:14.837Z</string>\n  </entry>\n  <entry>\n    <string>buildNumber</string>\n    <string>49</string>\n  </entry>\n  <entry>\n    <string>changeSet</string>\n    <string>8b8ffbff8345b135</string>\n  </entry>\n</map>'),(10340,'<map>\n  <entry>\n    <string>timeTaken</string>\n    <string>-1</string>\n  </entry>\n  <entry>\n    <string>pluginVersion</string>\n    <string>8.8.1</string>\n  </entry>\n  <entry>\n    <string>ranOn</string>\n    <string>2022-08-30T02:30:14.847Z</string>\n  </entry>\n  <entry>\n    <string>buildNumber</string>\n    <string>50</string>\n  </entry>\n  <entry>\n    <string>changeSet</string>\n    <string>8b8ffbff8345b135</string>\n  </entry>\n</map>'),(10341,'<map>\n  <entry>\n    <string>timeTaken</string>\n    <string>10</string>\n  </entry>\n  <entry>\n    <string>pluginVersion</string>\n    <string>8.8.1</string>\n  </entry>\n  <entry>\n    <string>ranOn</string>\n    <string>2022-08-30T02:30:14.860Z</string>\n  </entry>\n  <entry>\n    <string>buildNumber</string>\n    <string>50</string>\n  </entry>\n  <entry>\n    <string>changeSet</string>\n    <string>8b8ffbff8345b135</string>\n  </entry>\n</map>'),(10342,'<map>\n  <entry>\n    <string>timeTaken</string>\n    <string>-1</string>\n  </entry>\n  <entry>\n    <string>pluginVersion</string>\n    <string>8.8.1</string>\n  </entry>\n  <entry>\n    <string>ranOn</string>\n    <string>2022-08-30T02:30:14.870Z</string>\n  </entry>\n  <entry>\n    <string>buildNumber</string>\n    <string>51</string>\n  </entry>\n  <entry>\n    <string>changeSet</string>\n    <string>8b8ffbff8345b135</string>\n  </entry>\n</map>'),(10343,'<map>\n  <entry>\n    <string>timeTaken</string>\n    <string>1</string>\n  </entry>\n  <entry>\n    <string>pluginVersion</string>\n    <string>8.8.1</string>\n  </entry>\n  <entry>\n    <string>ranOn</string>\n    <string>2022-08-30T02:30:14.873Z</string>\n  </entry>\n  <entry>\n    <string>buildNumber</string>\n    <string>51</string>\n  </entry>\n  <entry>\n    <string>changeSet</string>\n    <string>8b8ffbff8345b135</string>\n  </entry>\n</map>'),(10377,'app.properties.setup=FULLFILLED;create.user.mail.properties.setup=ANNOUNCED;database.setup=FULLFILLED;mail.properties.setup=ANNOUNCE'),(10387,'{\"com.atlassian.jira.tzdetect.28800000,28800000\":1661827245429,\"com.atlassian.jira.reindex.required\":1663031271290}'),(10396,'MIIEvQIBADANBgkqhkiG9w0BAQEFAASCBKcwggSjAgEAAoIBAQCr8v7TSQpWi8x1D4b7K0puRWSJT2CkruAX30x1TOO2uide+MvT5F2Su+y1TKqXM8RgXQxD2BEqRaloHaYATs/xaUsb53PnpyjzJh0AHvGrde2K0RKVnb8NQ/AZWHJsidtkJjDKRyBOyi41iKSsZt5CyiJORhiyeb2pM4GtAxT2/6ShxvSPOirvVRAz4hcDbGpwtpEMFpt6i1ee+CtSzrGRCUSzyPPQvedcguSev/aPRKmOKbjFDfbP1me7uHpW2VDTXVuCzxDBNNGVPkdeFl3GyLmyfyIJKjWQtl0fLT1ZTS6X1SDpDpZ81WZ36di4NOBiaDjphAvsIoYiDeYiyKOXAgMBAAECggEAGwMj/B471QfGOVeUnW2aFkOpfRauuIBObQGj2cOX/FM3LyjHoIR+HLiQAZVHMVStE3RaomfVnn3uFJCfzOmUqjif14TfRPOSL8x7ftLdpVFz3Txl/oIXCuby15B4/UsU36FOReCxlx8U7k0GjZzlarmldQV3CMauQF/6jarvxrN1hdWtOowAQgogA+cmmlQB1B2Fz/TxnFd1CxmuUMOO2aDoEQex51srI6lyrgVI4m8WVGdhTYyJc06O7FttPnFn/tM94MUQ6PgDwt8+qPw4RICGV2PC1GH0FxwCFfSFV0erMzsRVHu48ZjmwqweQ+z6EaZYiHOaGt7FAiVtTRk7YQKBgQDTpNa1guO12qh9Xfplb1QRt+/eLryKMiQ1PUQ32INZtuHliCkSNzi9HHLNKVmA+TiroT2HgpWXB6Qxo3yNY0uqVVgxSfqFiFcFmVyzIXcWNJ49x9VF8JESU5DaZK8b4leAhqbT5eF6CSfH/WYyRKv5p8kjtZsJ2ZsKkp/uykkYdwKBgQDP/HLZbk0QKglIQGlA+hCPUqIsaAsxfRcyCGsyj+rzRIVYVYQVZIfTY0UVWIhXLtT7wy5duG9SvnxtpUxb5z3Ft51VyRy18JKWEQQ3LEa6av72G0XCYcHRXlbTdFIDLwyYAHCdabG7TtHAdH/4wQ78uBmG8P6W91E9/v0w9TK14QKBgQDGos4VO4yGUHuUdlCdRRiNLKpHSGwR9C+BfEf7dg0JdZiceee6PfPVoc6peWaUotOqWcHK3ieRwU08fWlXtdr9Oe51DC7Bhw3NpnuXcBA52haue1BSvQ8bOS0ZnCexLwTbDwWimP2/MLqSe+Sfx031GaGxDzA81WwrRyQt1NM3zwKBgCbdD0DdwXyhvjZIAuLnVyzQzgjqMB1BOJJazF0YU1i9lwUYhaPRsyemxwPkFSXlVFru770Hd5XIjkuWtZv+q6ZEVxvuhnTgzSNJbrY4icbPs3CdS/20cpkCvcqpU6HQqtPEUUa4t0M+ySbjHf6HZJuIcwyp/4iKEh45hWoehylBAoGAcVSdDubnOrGYAsJimk5dsTyB2z4zyVw2n+M+pPqmFdgHIpLPE7LN/6t2hbnlgLU4iy4+bROVf6JvCWc3eVegj5Qk+zhq6yw6dhDECVXzxTbjUIvE7cUkdfNuq2RzG+HwrXxuVC7QBtWDsPbXzq2Tzj4Sij9gMTmgtXpBD7JtpBU='),(10397,'MIIBIjANBgkqhkiG9w0BAQEFAAOCAQ8AMIIBCgKCAQEAq/L+00kKVovMdQ+G+ytKbkVkiU9gpK7gF99MdUzjtronXvjL0+RdkrvstUyqlzPEYF0MQ9gRKkWpaB2mAE7P8WlLG+dz56co8yYdAB7xq3XtitESlZ2/DUPwGVhybInbZCYwykcgTsouNYikrGbeQsoiTkYYsnm9qTOBrQMU9v+kocb0jzoq71UQM+IXA2xqcLaRDBabeotXnvgrUs6xkQlEs8jz0L3nXILknr/2j0Spjim4xQ32z9Znu7h6VtlQ011bgs8QwTTRlT5HXhZdxsi5sn8iCSo1kLZdHy09WU0ul9Ug6Q6WfNVmd+nYuDTgYmg46YQL7CKGIg3mIsijlwIDAQAB'),(10406,'summary,description,priority,versions,components'),(10408,NULL),(10409,'project = DDRFLAS AND resolution = Unresolved ORDER BY priority DESC, updated DESC'),(10421,'{\"com.atlassian.jira.tzdetect.28800000,28800000\":1663053078943}'),(10424,'jira.user.profile.panels:user-profile-summary-panel'),(10429,'summary,description,priority,versions,components');
/*!40000 ALTER TABLE `propertytext` ENABLE KEYS */;
UNLOCK TABLES;

--
-- Table structure for table `qrtz_calendars`
--

DROP TABLE IF EXISTS `qrtz_calendars`;
/*!40101 SET @saved_cs_client     = @@character_set_client */;
/*!40101 SET character_set_client = utf8 */;
CREATE TABLE `qrtz_calendars` (
  `ID` decimal(18,0) DEFAULT NULL,
  `CALENDAR_NAME` varchar(255) COLLATE utf8mb4_bin NOT NULL,
  `CALENDAR` text COLLATE utf8mb4_bin,
  PRIMARY KEY (`CALENDAR_NAME`)
) ENGINE=InnoDB DEFAULT CHARSET=utf8mb4 COLLATE=utf8mb4_bin;
/*!40101 SET character_set_client = @saved_cs_client */;

--
-- Dumping data for table `qrtz_calendars`
--

LOCK TABLES `qrtz_calendars` WRITE;
/*!40000 ALTER TABLE `qrtz_calendars` DISABLE KEYS */;
/*!40000 ALTER TABLE `qrtz_calendars` ENABLE KEYS */;
UNLOCK TABLES;

--
-- Table structure for table `qrtz_cron_triggers`
--

DROP TABLE IF EXISTS `qrtz_cron_triggers`;
/*!40101 SET @saved_cs_client     = @@character_set_client */;
/*!40101 SET character_set_client = utf8 */;
CREATE TABLE `qrtz_cron_triggers` (
  `ID` decimal(18,0) NOT NULL,
  `trigger_id` decimal(18,0) DEFAULT NULL,
  `cronExperssion` varchar(255) COLLATE utf8mb4_bin DEFAULT NULL,
  PRIMARY KEY (`ID`)
) ENGINE=InnoDB DEFAULT CHARSET=utf8mb4 COLLATE=utf8mb4_bin;
/*!40101 SET character_set_client = @saved_cs_client */;

--
-- Dumping data for table `qrtz_cron_triggers`
--

LOCK TABLES `qrtz_cron_triggers` WRITE;
/*!40000 ALTER TABLE `qrtz_cron_triggers` DISABLE KEYS */;
/*!40000 ALTER TABLE `qrtz_cron_triggers` ENABLE KEYS */;
UNLOCK TABLES;

--
-- Table structure for table `qrtz_fired_triggers`
--

DROP TABLE IF EXISTS `qrtz_fired_triggers`;
/*!40101 SET @saved_cs_client     = @@character_set_client */;
/*!40101 SET character_set_client = utf8 */;
CREATE TABLE `qrtz_fired_triggers` (
  `ID` decimal(18,0) DEFAULT NULL,
  `ENTRY_ID` varchar(255) COLLATE utf8mb4_bin NOT NULL,
  `trigger_id` decimal(18,0) DEFAULT NULL,
  `TRIGGER_LISTENER` varchar(255) COLLATE utf8mb4_bin DEFAULT NULL,
  `FIRED_TIME` datetime DEFAULT NULL,
  `TRIGGER_STATE` varchar(255) COLLATE utf8mb4_bin DEFAULT NULL,
  PRIMARY KEY (`ENTRY_ID`)
) ENGINE=InnoDB DEFAULT CHARSET=utf8mb4 COLLATE=utf8mb4_bin;
/*!40101 SET character_set_client = @saved_cs_client */;

--
-- Dumping data for table `qrtz_fired_triggers`
--

LOCK TABLES `qrtz_fired_triggers` WRITE;
/*!40000 ALTER TABLE `qrtz_fired_triggers` DISABLE KEYS */;
/*!40000 ALTER TABLE `qrtz_fired_triggers` ENABLE KEYS */;
UNLOCK TABLES;

--
-- Table structure for table `qrtz_job_details`
--

DROP TABLE IF EXISTS `qrtz_job_details`;
/*!40101 SET @saved_cs_client     = @@character_set_client */;
/*!40101 SET character_set_client = utf8 */;
CREATE TABLE `qrtz_job_details` (
  `ID` decimal(18,0) NOT NULL,
  `JOB_NAME` varchar(255) COLLATE utf8mb4_bin DEFAULT NULL,
  `JOB_GROUP` varchar(255) COLLATE utf8mb4_bin DEFAULT NULL,
  `CLASS_NAME` varchar(255) COLLATE utf8mb4_bin DEFAULT NULL,
  `IS_DURABLE` varchar(60) COLLATE utf8mb4_bin DEFAULT NULL,
  `IS_STATEFUL` varchar(60) COLLATE utf8mb4_bin DEFAULT NULL,
  `REQUESTS_RECOVERY` varchar(60) COLLATE utf8mb4_bin DEFAULT NULL,
  `JOB_DATA` varchar(255) COLLATE utf8mb4_bin DEFAULT NULL,
  PRIMARY KEY (`ID`)
) ENGINE=InnoDB DEFAULT CHARSET=utf8mb4 COLLATE=utf8mb4_bin;
/*!40101 SET character_set_client = @saved_cs_client */;

--
-- Dumping data for table `qrtz_job_details`
--

LOCK TABLES `qrtz_job_details` WRITE;
/*!40000 ALTER TABLE `qrtz_job_details` DISABLE KEYS */;
/*!40000 ALTER TABLE `qrtz_job_details` ENABLE KEYS */;
UNLOCK TABLES;

--
-- Table structure for table `qrtz_job_listeners`
--

DROP TABLE IF EXISTS `qrtz_job_listeners`;
/*!40101 SET @saved_cs_client     = @@character_set_client */;
/*!40101 SET character_set_client = utf8 */;
CREATE TABLE `qrtz_job_listeners` (
  `ID` decimal(18,0) NOT NULL,
  `JOB` decimal(18,0) DEFAULT NULL,
  `JOB_LISTENER` varchar(255) COLLATE utf8mb4_bin DEFAULT NULL,
  PRIMARY KEY (`ID`)
) ENGINE=InnoDB DEFAULT CHARSET=utf8mb4 COLLATE=utf8mb4_bin;
/*!40101 SET character_set_client = @saved_cs_client */;

--
-- Dumping data for table `qrtz_job_listeners`
--

LOCK TABLES `qrtz_job_listeners` WRITE;
/*!40000 ALTER TABLE `qrtz_job_listeners` DISABLE KEYS */;
/*!40000 ALTER TABLE `qrtz_job_listeners` ENABLE KEYS */;
UNLOCK TABLES;

--
-- Table structure for table `qrtz_simple_triggers`
--

DROP TABLE IF EXISTS `qrtz_simple_triggers`;
/*!40101 SET @saved_cs_client     = @@character_set_client */;
/*!40101 SET character_set_client = utf8 */;
CREATE TABLE `qrtz_simple_triggers` (
  `ID` decimal(18,0) NOT NULL,
  `trigger_id` decimal(18,0) DEFAULT NULL,
  `REPEAT_COUNT` decimal(9,0) DEFAULT NULL,
  `REPEAT_INTERVAL` decimal(18,0) DEFAULT NULL,
  `TIMES_TRIGGERED` decimal(9,0) DEFAULT NULL,
  PRIMARY KEY (`ID`)
) ENGINE=InnoDB DEFAULT CHARSET=utf8mb4 COLLATE=utf8mb4_bin;
/*!40101 SET character_set_client = @saved_cs_client */;

--
-- Dumping data for table `qrtz_simple_triggers`
--

LOCK TABLES `qrtz_simple_triggers` WRITE;
/*!40000 ALTER TABLE `qrtz_simple_triggers` DISABLE KEYS */;
/*!40000 ALTER TABLE `qrtz_simple_triggers` ENABLE KEYS */;
UNLOCK TABLES;

--
-- Table structure for table `qrtz_trigger_listeners`
--

DROP TABLE IF EXISTS `qrtz_trigger_listeners`;
/*!40101 SET @saved_cs_client     = @@character_set_client */;
/*!40101 SET character_set_client = utf8 */;
CREATE TABLE `qrtz_trigger_listeners` (
  `ID` decimal(18,0) NOT NULL,
  `trigger_id` decimal(18,0) DEFAULT NULL,
  `TRIGGER_LISTENER` varchar(255) COLLATE utf8mb4_bin DEFAULT NULL,
  PRIMARY KEY (`ID`)
) ENGINE=InnoDB DEFAULT CHARSET=utf8mb4 COLLATE=utf8mb4_bin;
/*!40101 SET character_set_client = @saved_cs_client */;

--
-- Dumping data for table `qrtz_trigger_listeners`
--

LOCK TABLES `qrtz_trigger_listeners` WRITE;
/*!40000 ALTER TABLE `qrtz_trigger_listeners` DISABLE KEYS */;
/*!40000 ALTER TABLE `qrtz_trigger_listeners` ENABLE KEYS */;
UNLOCK TABLES;

--
-- Table structure for table `qrtz_triggers`
--

DROP TABLE IF EXISTS `qrtz_triggers`;
/*!40101 SET @saved_cs_client     = @@character_set_client */;
/*!40101 SET character_set_client = utf8 */;
CREATE TABLE `qrtz_triggers` (
  `ID` decimal(18,0) NOT NULL,
  `TRIGGER_NAME` varchar(255) COLLATE utf8mb4_bin DEFAULT NULL,
  `TRIGGER_GROUP` varchar(255) COLLATE utf8mb4_bin DEFAULT NULL,
  `JOB` decimal(18,0) DEFAULT NULL,
  `NEXT_FIRE` datetime DEFAULT NULL,
  `TRIGGER_STATE` varchar(255) COLLATE utf8mb4_bin DEFAULT NULL,
  `TRIGGER_TYPE` varchar(60) COLLATE utf8mb4_bin DEFAULT NULL,
  `START_TIME` datetime DEFAULT NULL,
  `END_TIME` datetime DEFAULT NULL,
  `CALENDAR_NAME` varchar(255) COLLATE utf8mb4_bin DEFAULT NULL,
  `MISFIRE_INSTR` decimal(9,0) DEFAULT NULL,
  PRIMARY KEY (`ID`)
) ENGINE=InnoDB DEFAULT CHARSET=utf8mb4 COLLATE=utf8mb4_bin;
/*!40101 SET character_set_client = @saved_cs_client */;

--
-- Dumping data for table `qrtz_triggers`
--

LOCK TABLES `qrtz_triggers` WRITE;
/*!40000 ALTER TABLE `qrtz_triggers` DISABLE KEYS */;
/*!40000 ALTER TABLE `qrtz_triggers` ENABLE KEYS */;
UNLOCK TABLES;

--
-- Table structure for table `reindex_component`
--

DROP TABLE IF EXISTS `reindex_component`;
/*!40101 SET @saved_cs_client     = @@character_set_client */;
/*!40101 SET character_set_client = utf8 */;
CREATE TABLE `reindex_component` (
  `ID` decimal(18,0) NOT NULL,
  `REQUEST_ID` decimal(18,0) DEFAULT NULL,
  `AFFECTED_INDEX` varchar(60) COLLATE utf8mb4_bin DEFAULT NULL,
  `ENTITY_TYPE` varchar(60) COLLATE utf8mb4_bin DEFAULT NULL,
  PRIMARY KEY (`ID`),
  KEY `idx_reindex_component_req_id` (`REQUEST_ID`)
) ENGINE=InnoDB DEFAULT CHARSET=utf8mb4 COLLATE=utf8mb4_bin;
/*!40101 SET character_set_client = @saved_cs_client */;

--
-- Dumping data for table `reindex_component`
--

LOCK TABLES `reindex_component` WRITE;
/*!40000 ALTER TABLE `reindex_component` DISABLE KEYS */;
INSERT INTO `reindex_component` VALUES (10100,10000,'ISSUE','NONE'),(10101,10000,'COMMENT','NONE'),(10102,10000,'CHANGEHISTORY','NONE'),(10103,10000,'WORKLOG','NONE');
/*!40000 ALTER TABLE `reindex_component` ENABLE KEYS */;
UNLOCK TABLES;

--
-- Table structure for table `reindex_request`
--

DROP TABLE IF EXISTS `reindex_request`;
/*!40101 SET @saved_cs_client     = @@character_set_client */;
/*!40101 SET character_set_client = utf8 */;
CREATE TABLE `reindex_request` (
  `ID` decimal(18,0) NOT NULL,
  `TYPE` varchar(60) COLLATE utf8mb4_bin DEFAULT NULL,
  `REQUEST_TIME` datetime DEFAULT NULL,
  `START_TIME` datetime DEFAULT NULL,
  `COMPLETION_TIME` datetime DEFAULT NULL,
  `STATUS` varchar(60) COLLATE utf8mb4_bin DEFAULT NULL,
  `EXECUTION_NODE_ID` varchar(60) COLLATE utf8mb4_bin DEFAULT NULL,
  `QUERY` text COLLATE utf8mb4_bin,
  PRIMARY KEY (`ID`)
) ENGINE=InnoDB DEFAULT CHARSET=utf8mb4 COLLATE=utf8mb4_bin;
/*!40101 SET character_set_client = @saved_cs_client */;

--
-- Dumping data for table `reindex_request`
--

LOCK TABLES `reindex_request` WRITE;
/*!40000 ALTER TABLE `reindex_request` DISABLE KEYS */;
INSERT INTO `reindex_request` VALUES (10000,'IMMEDIATE','2022-08-30 02:10:24','2022-08-30 02:30:09','2022-08-30 02:30:09','COMPLETE',NULL,NULL);
/*!40000 ALTER TABLE `reindex_request` ENABLE KEYS */;
UNLOCK TABLES;

--
-- Table structure for table `remembermetoken`
--

DROP TABLE IF EXISTS `remembermetoken`;
/*!40101 SET @saved_cs_client     = @@character_set_client */;
/*!40101 SET character_set_client = utf8 */;
CREATE TABLE `remembermetoken` (
  `ID` decimal(18,0) NOT NULL,
  `CREATED` datetime DEFAULT NULL,
  `TOKEN` varchar(255) COLLATE utf8mb4_bin DEFAULT NULL,
  `USERNAME` varchar(255) COLLATE utf8mb4_bin DEFAULT NULL,
  PRIMARY KEY (`ID`),
  KEY `remembermetoken_username_index` (`USERNAME`)
) ENGINE=InnoDB DEFAULT CHARSET=utf8mb4 COLLATE=utf8mb4_bin;
/*!40101 SET character_set_client = @saved_cs_client */;

--
-- Dumping data for table `remembermetoken`
--

LOCK TABLES `remembermetoken` WRITE;
/*!40000 ALTER TABLE `remembermetoken` DISABLE KEYS */;
INSERT INTO `remembermetoken` VALUES (10000,'2022-08-30 10:04:01','9a25ee189ba58e8f7e84a7bcb8fed237de17b443','JIRAUSER10000');
/*!40000 ALTER TABLE `remembermetoken` ENABLE KEYS */;
UNLOCK TABLES;

--
-- Table structure for table `remotelink`
--

DROP TABLE IF EXISTS `remotelink`;
/*!40101 SET @saved_cs_client     = @@character_set_client */;
/*!40101 SET character_set_client = utf8 */;
CREATE TABLE `remotelink` (
  `ID` decimal(18,0) NOT NULL,
  `ISSUEID` decimal(18,0) DEFAULT NULL,
  `GLOBALID` varchar(255) COLLATE utf8mb4_bin DEFAULT NULL,
  `TITLE` varchar(255) COLLATE utf8mb4_bin DEFAULT NULL,
  `SUMMARY` text COLLATE utf8mb4_bin,
  `URL` text COLLATE utf8mb4_bin,
  `ICONURL` text COLLATE utf8mb4_bin,
  `ICONTITLE` text COLLATE utf8mb4_bin,
  `RELATIONSHIP` varchar(255) COLLATE utf8mb4_bin DEFAULT NULL,
  `RESOLVED` char(1) COLLATE utf8mb4_bin DEFAULT NULL,
  `STATUSNAME` varchar(255) COLLATE utf8mb4_bin DEFAULT NULL,
  `STATUSDESCRIPTION` text COLLATE utf8mb4_bin,
  `STATUSICONURL` text COLLATE utf8mb4_bin,
  `STATUSICONTITLE` text COLLATE utf8mb4_bin,
  `STATUSICONLINK` text COLLATE utf8mb4_bin,
  `STATUSCATEGORYKEY` varchar(255) COLLATE utf8mb4_bin DEFAULT NULL,
  `STATUSCATEGORYCOLORNAME` varchar(255) COLLATE utf8mb4_bin DEFAULT NULL,
  `APPLICATIONTYPE` varchar(255) COLLATE utf8mb4_bin DEFAULT NULL,
  `APPLICATIONNAME` varchar(255) COLLATE utf8mb4_bin DEFAULT NULL,
  PRIMARY KEY (`ID`),
  KEY `remotelink_issueid` (`ISSUEID`,`GLOBALID`),
  KEY `remotelink_globalid` (`GLOBALID`)
) ENGINE=InnoDB DEFAULT CHARSET=utf8mb4 COLLATE=utf8mb4_bin;
/*!40101 SET character_set_client = @saved_cs_client */;

--
-- Dumping data for table `remotelink`
--

LOCK TABLES `remotelink` WRITE;
/*!40000 ALTER TABLE `remotelink` DISABLE KEYS */;
/*!40000 ALTER TABLE `remotelink` ENABLE KEYS */;
UNLOCK TABLES;

--
-- Table structure for table `replicatedindexoperation`
--

DROP TABLE IF EXISTS `replicatedindexoperation`;
/*!40101 SET @saved_cs_client     = @@character_set_client */;
/*!40101 SET character_set_client = utf8 */;
CREATE TABLE `replicatedindexoperation` (
  `ID` decimal(18,0) NOT NULL,
  `INDEX_TIME` datetime DEFAULT NULL,
  `NODE_ID` varchar(60) COLLATE utf8mb4_bin DEFAULT NULL,
  `AFFECTED_INDEX` varchar(60) COLLATE utf8mb4_bin DEFAULT NULL,
  `ENTITY_TYPE` varchar(60) COLLATE utf8mb4_bin DEFAULT NULL,
  `AFFECTED_IDS` longtext COLLATE utf8mb4_bin,
  `OPERATION` varchar(60) COLLATE utf8mb4_bin DEFAULT NULL,
  `FILENAME` varchar(255) COLLATE utf8mb4_bin DEFAULT NULL,
  PRIMARY KEY (`ID`),
  KEY `node_operation_idx` (`NODE_ID`,`AFFECTED_INDEX`,`OPERATION`,`INDEX_TIME`)
) ENGINE=InnoDB DEFAULT CHARSET=utf8mb4 COLLATE=utf8mb4_bin;
/*!40101 SET character_set_client = @saved_cs_client */;

--
-- Dumping data for table `replicatedindexoperation`
--

LOCK TABLES `replicatedindexoperation` WRITE;
/*!40000 ALTER TABLE `replicatedindexoperation` DISABLE KEYS */;
/*!40000 ALTER TABLE `replicatedindexoperation` ENABLE KEYS */;
UNLOCK TABLES;

--
-- Table structure for table `resolution`
--

DROP TABLE IF EXISTS `resolution`;
/*!40101 SET @saved_cs_client     = @@character_set_client */;
/*!40101 SET character_set_client = utf8 */;
CREATE TABLE `resolution` (
  `ID` varchar(60) COLLATE utf8mb4_bin NOT NULL,
  `SEQUENCE` decimal(18,0) DEFAULT NULL,
  `pname` varchar(60) COLLATE utf8mb4_bin DEFAULT NULL,
  `DESCRIPTION` text COLLATE utf8mb4_bin,
  `ICONURL` varchar(255) COLLATE utf8mb4_bin DEFAULT NULL,
  PRIMARY KEY (`ID`)
) ENGINE=InnoDB DEFAULT CHARSET=utf8mb4 COLLATE=utf8mb4_bin;
/*!40101 SET character_set_client = @saved_cs_client */;

--
-- Dumping data for table `resolution`
--

LOCK TABLES `resolution` WRITE;
/*!40000 ALTER TABLE `resolution` DISABLE KEYS */;
INSERT INTO `resolution` VALUES ('10000',1,'Done','Work has been completed on this issue.',NULL),('10001',2,'Won\'t Do','This issue won\'t be actioned.',NULL),('10002',3,'Duplicate','The problem is a duplicate of an existing issue.',NULL),('10003',4,'Cannot Reproduce','All attempts at reproducing this issue failed, or not enough information was available to reproduce the issue. Reading the code produces no clues as to why this behavior would occur. If more information appears later, please reopen the issue.',NULL);
/*!40000 ALTER TABLE `resolution` ENABLE KEYS */;
UNLOCK TABLES;

--
-- Table structure for table `rundetails`
--

DROP TABLE IF EXISTS `rundetails`;
/*!40101 SET @saved_cs_client     = @@character_set_client */;
/*!40101 SET character_set_client = utf8 */;
CREATE TABLE `rundetails` (
  `ID` decimal(18,0) NOT NULL,
  `JOB_ID` varchar(255) COLLATE utf8mb4_bin DEFAULT NULL,
  `START_TIME` datetime DEFAULT NULL,
  `RUN_DURATION` decimal(18,0) DEFAULT NULL,
  `RUN_OUTCOME` char(1) COLLATE utf8mb4_bin DEFAULT NULL,
  `INFO_MESSAGE` varchar(255) COLLATE utf8mb4_bin DEFAULT NULL,
  PRIMARY KEY (`ID`),
  KEY `rundetails_jobid_idx` (`JOB_ID`),
  KEY `rundetails_starttime_idx` (`START_TIME`)
) ENGINE=InnoDB DEFAULT CHARSET=utf8mb4 COLLATE=utf8mb4_bin;
/*!40101 SET character_set_client = @saved_cs_client */;

--
-- Dumping data for table `rundetails`
--

LOCK TABLES `rundetails` WRITE;
/*!40000 ALTER TABLE `rundetails` DISABLE KEYS */;
INSERT INTO `rundetails` VALUES (10103,'BundledUpdateCheckJob-job','2022-08-30 02:30:15',4,'S',''),(10107,'com.atlassian.troubleshooting.jira.scheduler.CustomisationsCheckScheduler:job','2022-08-30 02:30:16',3218,'S',''),(10147,'com.atlassian.jira.plugins.software.monitor.ApplicationPluginsEnablerJobRunner','2022-08-30 02:34:54',19,'S',''),(206359,'PluginUpdateCheckJob-job','2022-09-14 01:52:22',16452,'S',''),(206644,'com.atlassian.jira.cache.monitor.CacheStatisticsMonitor','2022-09-14 02:23:57',0,'S',''),(206646,'com.atlassian.jira.user.UserHistoryDatabaseCompactor','2022-09-14 02:23:57',1,'S',''),(206660,'HistoryCleanupJob','2022-09-14 02:25:06',8,'S',''),(206705,'applink-status-analytics-job','2022-09-14 02:30:10',4,'S',''),(206710,'LocalPluginLicenseNotificationJob-job','2022-09-14 02:30:15',56,'S',''),(206712,'TruncateAlertsJobRunner','2022-09-14 02:30:16',3,'S',''),(206719,'com.atlassian.jira.analytics.scheduler.AnalyticsScheduler','2022-09-14 02:30:16',23645,'S',''),(213161,'com.atlassian.jira.service.JiraService:10001','2022-09-14 14:20:00',1452,'S',''),(213198,'ConfigurationLoggerJob','2022-09-14 14:23:57',4,'S',''),(215437,'Service Provider Session Remover','2022-09-14 18:30:10',4,'S',''),(215919,'InstanceTopologyJob-job','2022-09-14 19:23:28',432,'S',''),(217081,'com.atlassian.whisper.plugin.fetch.FetchJob','2022-09-14 21:30:16',902,'S',''),(217893,'analytics-collection','2022-09-14 23:00:00',6,'S',''),(218439,'AnalyticsBatchEventsPublisherJob','2022-09-15 00:00:00',6,'S',''),(218440,'com.atlassian.audit.retention.RetentionJobRunner','2022-09-15 00:00:00',7,'S',''),(218441,'com.atlassian.jira.service.JiraService:10002','2022-09-15 00:00:00',12,'S',''),(218442,'com.atlassian.jira.plugins.inform.events.cleanup.CleanupJobScheduler','2022-09-15 00:00:00',23,'S',''),(218451,'com.atlassian.jira.apdex.impl.SendAnalyticsJobRunner','2022-09-15 00:01:00',0,'S',''),(218602,'JiraPluginScheduler:com.atlassian.analytics.client.upload.S3EventUploader:job','2022-09-15 00:18:00',2163,'S',''),(218614,'com.atlassian.diagnostics.internal.analytics.DailyAlertAnalyticsJob','2022-09-15 00:19:00',6,'S',''),(218653,'assertionId-cleanup','2022-09-15 00:23:47',3,'S',''),(218654,'com.atlassian.audit.schedule.db.limit.DbLimiterJobRunner','2022-09-15 00:23:51',6,'S',''),(218658,'com.atlassian.jira.web.action.issue.DefaultTemporaryWebAttachmentsMonitor','2022-09-15 00:23:57',6,'S','Removed 0 temporary attachments'),(218716,'JiraPluginScheduler:com.atlassian.jira.plugins.workflow.sharing.file.FileCleaningJob','2022-09-15 00:30:10',5,'S',''),(218719,'PluginRequestCheckJob-job','2022-09-15 00:30:15',7,'S',''),(218723,'CompatibilityPluginScheduler.JobId.hipchatRefreshConnectionStatusJob','2022-09-15 00:30:27',2,'S',''),(218725,'CompatibilityPluginScheduler.JobId.hipchatInstallGlancesJob','2022-09-15 00:30:38',2,'S',''),(218732,'JiraPluginScheduler:com.atlassian.troubleshooting.healthcheck.scheduler.HealthCheckSchedulerImpl:job','2022-09-15 00:31:16',149,'S',''),(218851,'com.atlassian.jira.plugins.dvcs.scheduler.DvcsScheduler:job','2022-09-15 00:44:53',4,'S',''),(218930,'RateLimitReaperJob','2022-09-15 00:53:56',0,'S',''),(218932,'data-provider-cleanup','2022-09-15 00:53:57',2,'S',''),(218976,'HistoryFlushJob','2022-09-15 00:58:56',2,'S',''),(218977,'class com.atlassian.scheduler.core.util.JobRunnerRegistry:com.atlassian.cluster.monitoring.cluster-monitoring-plugin:system-information','2022-09-15 00:58:57',0,'S',''),(218978,'data-provider-poll','2022-09-15 00:58:57',2,'S',''),(218985,'CompatibilityPluginScheduler.JobId.hipchatUpdateGlancesDataJob','2022-09-15 00:59:34',2,'S',''),(218986,'SettingsReloaderJob','2022-09-15 00:59:56',5,'S',''),(218987,'class com.atlassian.scheduler.core.util.JobRunnerRegistry:com.atlassian.cluster.monitoring.cluster-monitoring-plugin:runtime-information','2022-09-15 00:59:57',1,'S',''),(218988,'com.atlassian.jira.service.JiraService:10000','2022-09-15 01:00:00',1,'S',''),(218989,'OidcDiscoveryRefresh','2022-09-15 01:00:00',2,'S',''),(218990,'CompatibilityPluginScheduler.JobId.LEXO_RANK_SCHEDULER_JOB','2022-09-15 01:00:13',3,'S',''),(218991,'JiraPluginScheduler:LEXO_RANK_STATS_COLLECTOR_JOB','2022-09-15 01:00:13',0,'S',''),(218992,'com.atlassian.jira.plugins.inform.batching.cron.BatchNotificationJobSchedulerImpl','2022-09-15 01:00:16',6,'S',''),(218993,'com.atlassian.jira.plugins.inform.batching.cron.BatchNotificationJobSchedulerImpl.mentions','2022-09-15 01:00:16',6,'S',''),(218994,'com.atlassian.jira.plugin.ext.bamboo.service.PlanStatusUpdateJob-job','2022-09-15 01:00:16',2,'S','');
/*!40000 ALTER TABLE `rundetails` ENABLE KEYS */;
UNLOCK TABLES;

--
-- Table structure for table `schemeissuesecurities`
--

DROP TABLE IF EXISTS `schemeissuesecurities`;
/*!40101 SET @saved_cs_client     = @@character_set_client */;
/*!40101 SET character_set_client = utf8 */;
CREATE TABLE `schemeissuesecurities` (
  `ID` decimal(18,0) NOT NULL,
  `SCHEME` decimal(18,0) DEFAULT NULL,
  `SECURITY` decimal(18,0) DEFAULT NULL,
  `sec_type` varchar(255) COLLATE utf8mb4_bin DEFAULT NULL,
  `sec_parameter` varchar(255) COLLATE utf8mb4_bin DEFAULT NULL,
  PRIMARY KEY (`ID`),
  KEY `sec_scheme` (`SCHEME`),
  KEY `sec_security` (`SECURITY`)
) ENGINE=InnoDB DEFAULT CHARSET=utf8mb4 COLLATE=utf8mb4_bin;
/*!40101 SET character_set_client = @saved_cs_client */;

--
-- Dumping data for table `schemeissuesecurities`
--

LOCK TABLES `schemeissuesecurities` WRITE;
/*!40000 ALTER TABLE `schemeissuesecurities` DISABLE KEYS */;
/*!40000 ALTER TABLE `schemeissuesecurities` ENABLE KEYS */;
UNLOCK TABLES;

--
-- Table structure for table `schemeissuesecuritylevels`
--

DROP TABLE IF EXISTS `schemeissuesecuritylevels`;
/*!40101 SET @saved_cs_client     = @@character_set_client */;
/*!40101 SET character_set_client = utf8 */;
CREATE TABLE `schemeissuesecuritylevels` (
  `ID` decimal(18,0) NOT NULL,
  `NAME` varchar(255) COLLATE utf8mb4_bin DEFAULT NULL,
  `DESCRIPTION` text COLLATE utf8mb4_bin,
  `SCHEME` decimal(18,0) DEFAULT NULL,
  PRIMARY KEY (`ID`)
) ENGINE=InnoDB DEFAULT CHARSET=utf8mb4 COLLATE=utf8mb4_bin;
/*!40101 SET character_set_client = @saved_cs_client */;

--
-- Dumping data for table `schemeissuesecuritylevels`
--

LOCK TABLES `schemeissuesecuritylevels` WRITE;
/*!40000 ALTER TABLE `schemeissuesecuritylevels` DISABLE KEYS */;
/*!40000 ALTER TABLE `schemeissuesecuritylevels` ENABLE KEYS */;
UNLOCK TABLES;

--
-- Table structure for table `schemepermissions`
--

DROP TABLE IF EXISTS `schemepermissions`;
/*!40101 SET @saved_cs_client     = @@character_set_client */;
/*!40101 SET character_set_client = utf8 */;
CREATE TABLE `schemepermissions` (
  `ID` decimal(18,0) NOT NULL,
  `SCHEME` decimal(18,0) DEFAULT NULL,
  `PERMISSION` decimal(18,0) DEFAULT NULL,
  `perm_type` varchar(255) COLLATE utf8mb4_bin DEFAULT NULL,
  `perm_parameter` varchar(255) COLLATE utf8mb4_bin DEFAULT NULL,
  `PERMISSION_KEY` varchar(255) COLLATE utf8mb4_bin DEFAULT NULL,
  PRIMARY KEY (`ID`),
  KEY `prmssn_scheme` (`SCHEME`),
  KEY `permission_key_idx` (`PERMISSION_KEY`)
) ENGINE=InnoDB DEFAULT CHARSET=utf8mb4 COLLATE=utf8mb4_bin;
/*!40101 SET character_set_client = @saved_cs_client */;

--
-- Dumping data for table `schemepermissions`
--

LOCK TABLES `schemepermissions` WRITE;
/*!40000 ALTER TABLE `schemepermissions` DISABLE KEYS */;
INSERT INTO `schemepermissions` VALUES (10000,NULL,0,'group','jira-administrators',NULL),(10004,0,23,'projectrole','10002','ADMINISTER_PROJECTS'),(10005,0,10,'applicationRole','','BROWSE_PROJECTS'),(10006,0,11,'applicationRole','','CREATE_ISSUES'),(10007,0,15,'applicationRole','','ADD_COMMENTS'),(10008,0,19,'applicationRole','','CREATE_ATTACHMENTS'),(10009,0,13,'applicationRole','','ASSIGN_ISSUES'),(10010,0,17,'applicationRole','','ASSIGNABLE_USER'),(10011,0,14,'applicationRole','','RESOLVE_ISSUES'),(10012,0,21,'applicationRole','','LINK_ISSUES'),(10013,0,12,'applicationRole','','EDIT_ISSUES'),(10014,0,16,'projectrole','10002','DELETE_ISSUES'),(10015,0,18,'applicationRole','','CLOSE_ISSUES'),(10016,0,25,'applicationRole','','MOVE_ISSUES'),(10017,0,28,'applicationRole','','SCHEDULE_ISSUES'),(10018,0,30,'projectrole','10002','MODIFY_REPORTER'),(10019,0,20,'applicationRole','','WORK_ON_ISSUES'),(10020,0,43,'projectrole','10002','DELETE_ALL_WORKLOGS'),(10021,0,42,'applicationRole','','DELETE_OWN_WORKLOGS'),(10022,0,41,'projectrole','10002','EDIT_ALL_WORKLOGS'),(10023,0,40,'applicationRole','','EDIT_OWN_WORKLOGS'),(10024,0,31,'applicationRole','','VIEW_VOTERS_AND_WATCHERS'),(10025,0,32,'projectrole','10002','MANAGE_WATCHERS'),(10026,0,34,'projectrole','10002','EDIT_ALL_COMMENTS'),(10027,0,35,'applicationRole','','EDIT_OWN_COMMENTS'),(10028,0,36,'projectrole','10002','DELETE_ALL_COMMENTS'),(10029,0,37,'applicationRole','','DELETE_OWN_COMMENTS'),(10030,0,38,'projectrole','10002','DELETE_ALL_ATTACHMENTS'),(10031,0,39,'applicationRole','','DELETE_OWN_ATTACHMENTS'),(10033,0,29,'applicationRole','','VIEW_DEV_TOOLS'),(10101,NULL,44,'group','jira-administrators',NULL),(10200,0,45,'applicationRole','','VIEW_READONLY_WORKFLOW'),(10300,0,46,'applicationRole','','TRANSITION_ISSUES'),(10401,0,NULL,'projectrole','10002','MANAGE_SPRINTS_PERMISSION'),(10402,10000,NULL,'applicationRole',NULL,'BROWSE_PROJECTS'),(10403,10000,NULL,'applicationRole',NULL,'CREATE_ISSUES'),(10404,10000,NULL,'applicationRole',NULL,'EDIT_ISSUES'),(10405,10000,NULL,'applicationRole',NULL,'ASSIGN_ISSUES'),(10406,10000,NULL,'applicationRole',NULL,'RESOLVE_ISSUES'),(10407,10000,NULL,'applicationRole',NULL,'ADD_COMMENTS'),(10408,10000,NULL,'projectrole','10002','DELETE_ISSUES'),(10409,10000,NULL,'applicationRole',NULL,'ASSIGNABLE_USER'),(10410,10000,NULL,'applicationRole',NULL,'CLOSE_ISSUES'),(10411,10000,NULL,'applicationRole',NULL,'CREATE_ATTACHMENTS'),(10412,10000,NULL,'applicationRole',NULL,'WORK_ON_ISSUES'),(10413,10000,NULL,'applicationRole',NULL,'LINK_ISSUES'),(10414,10000,NULL,'projectrole','10002','ADMINISTER_PROJECTS'),(10415,10000,NULL,'applicationRole',NULL,'MOVE_ISSUES'),(10416,10000,NULL,'applicationRole',NULL,'SCHEDULE_ISSUES'),(10417,10000,NULL,'projectrole','10002','MODIFY_REPORTER'),(10418,10000,NULL,'applicationRole',NULL,'VIEW_VOTERS_AND_WATCHERS'),(10419,10000,NULL,'projectrole','10002','MANAGE_WATCHERS'),(10420,10000,NULL,'projectrole','10002','EDIT_ALL_COMMENTS'),(10421,10000,NULL,'applicationRole',NULL,'EDIT_OWN_COMMENTS'),(10422,10000,NULL,'projectrole','10002','DELETE_ALL_COMMENTS'),(10423,10000,NULL,'applicationRole',NULL,'DELETE_OWN_COMMENTS'),(10424,10000,NULL,'projectrole','10002','DELETE_ALL_ATTACHMENTS'),(10425,10000,NULL,'applicationRole',NULL,'DELETE_OWN_ATTACHMENTS'),(10426,10000,NULL,'applicationRole',NULL,'EDIT_OWN_WORKLOGS'),(10427,10000,NULL,'projectrole','10002','EDIT_ALL_WORKLOGS'),(10428,10000,NULL,'applicationRole',NULL,'DELETE_OWN_WORKLOGS'),(10429,10000,NULL,'projectrole','10002','DELETE_ALL_WORKLOGS'),(10430,10000,NULL,'applicationRole',NULL,'VIEW_READONLY_WORKFLOW'),(10431,10000,NULL,'applicationRole',NULL,'TRANSITION_ISSUES'),(10432,10000,NULL,'applicationRole',NULL,'VIEW_DEV_TOOLS'),(10433,10000,NULL,'applicationRole',NULL,'MANAGE_SPRINTS_PERMISSION'),(10434,10000,NULL,'applicationRole',NULL,'START_STOP_SPRINTS_PERMISSION'),(10435,10000,NULL,'applicationRole',NULL,'EDIT_SPRINT_NAME_AND_GOAL_PERMISSION');
/*!40000 ALTER TABLE `schemepermissions` ENABLE KEYS */;
UNLOCK TABLES;

--
-- Table structure for table `searchrequest`
--

DROP TABLE IF EXISTS `searchrequest`;
/*!40101 SET @saved_cs_client     = @@character_set_client */;
/*!40101 SET character_set_client = utf8 */;
CREATE TABLE `searchrequest` (
  `ID` decimal(18,0) NOT NULL,
  `filtername` varchar(255) COLLATE utf8mb4_bin DEFAULT NULL,
  `authorname` varchar(255) COLLATE utf8mb4_bin DEFAULT NULL,
  `DESCRIPTION` text COLLATE utf8mb4_bin,
  `username` varchar(255) COLLATE utf8mb4_bin DEFAULT NULL,
  `groupname` varchar(255) COLLATE utf8mb4_bin DEFAULT NULL,
  `projectid` decimal(18,0) DEFAULT NULL,
  `reqcontent` longtext COLLATE utf8mb4_bin,
  `FAV_COUNT` decimal(18,0) DEFAULT NULL,
  `filtername_lower` varchar(255) COLLATE utf8mb4_bin DEFAULT NULL,
  PRIMARY KEY (`ID`),
  KEY `sr_author` (`authorname`),
  KEY `searchrequest_filternameLower` (`filtername_lower`)
) ENGINE=InnoDB DEFAULT CHARSET=utf8mb4 COLLATE=utf8mb4_bin;
/*!40101 SET character_set_client = @saved_cs_client */;

--
-- Dumping data for table `searchrequest`
--

LOCK TABLES `searchrequest` WRITE;
/*!40000 ALTER TABLE `searchrequest` DISABLE KEYS */;
INSERT INTO `searchrequest` VALUES (10000,'Filter for DDRFLAS board','JIRAUSER10000',NULL,'JIRAUSER10000',NULL,NULL,'project = DDRFLAS ORDER BY Rank ASC',0,'filter for ddrflas board'),(10001,'Filter for CPUT board','JIRAUSER10000',NULL,'JIRAUSER10000',NULL,NULL,'project = CPUT ORDER BY Rank ASC',0,'filter for cput board');
/*!40000 ALTER TABLE `searchrequest` ENABLE KEYS */;
UNLOCK TABLES;

--
-- Table structure for table `serviceconfig`
--

DROP TABLE IF EXISTS `serviceconfig`;
/*!40101 SET @saved_cs_client     = @@character_set_client */;
/*!40101 SET character_set_client = utf8 */;
CREATE TABLE `serviceconfig` (
  `ID` decimal(18,0) NOT NULL,
  `delaytime` decimal(18,0) DEFAULT NULL,
  `CLAZZ` varchar(255) COLLATE utf8mb4_bin DEFAULT NULL,
  `servicename` varchar(255) COLLATE utf8mb4_bin DEFAULT NULL,
  `CRON_EXPRESSION` varchar(255) COLLATE utf8mb4_bin DEFAULT NULL,
  PRIMARY KEY (`ID`)
) ENGINE=InnoDB DEFAULT CHARSET=utf8mb4 COLLATE=utf8mb4_bin;
/*!40101 SET character_set_client = @saved_cs_client */;

--
-- Dumping data for table `serviceconfig`
--

LOCK TABLES `serviceconfig` WRITE;
/*!40000 ALTER TABLE `serviceconfig` DISABLE KEYS */;
INSERT INTO `serviceconfig` VALUES (10000,60000,'com.atlassian.jira.service.services.mail.MailQueueService','Mail Queue Service','0 * * * * ?'),(10001,43200000,'com.atlassian.jira.service.services.export.ExportService','Backup Service','0 20 2/12 * * ?'),(10002,86400000,'com.atlassian.jira.service.services.auditing.AuditLogCleaningService','Audit log cleaning service','0 0 0 * * ?');
/*!40000 ALTER TABLE `serviceconfig` ENABLE KEYS */;
UNLOCK TABLES;

--
-- Table structure for table `sharepermissions`
--

DROP TABLE IF EXISTS `sharepermissions`;
/*!40101 SET @saved_cs_client     = @@character_set_client */;
/*!40101 SET character_set_client = utf8 */;
CREATE TABLE `sharepermissions` (
  `ID` decimal(18,0) NOT NULL,
  `entityid` decimal(18,0) DEFAULT NULL,
  `entitytype` varchar(60) COLLATE utf8mb4_bin DEFAULT NULL,
  `sharetype` varchar(10) COLLATE utf8mb4_bin DEFAULT NULL,
  `PARAM1` varchar(255) COLLATE utf8mb4_bin DEFAULT NULL,
  `PARAM2` varchar(60) COLLATE utf8mb4_bin DEFAULT NULL,
  `RIGHTS` decimal(9,0) DEFAULT NULL,
  PRIMARY KEY (`ID`),
  KEY `share_index` (`entityid`,`entitytype`)
) ENGINE=InnoDB DEFAULT CHARSET=utf8mb4 COLLATE=utf8mb4_bin;
/*!40101 SET character_set_client = @saved_cs_client */;

--
-- Dumping data for table `sharepermissions`
--

LOCK TABLES `sharepermissions` WRITE;
/*!40000 ALTER TABLE `sharepermissions` DISABLE KEYS */;
INSERT INTO `sharepermissions` VALUES (10000,10000,'PortalPage','global',NULL,NULL,1),(10100,10000,'SearchRequest','project','10000',NULL,1),(10101,10001,'SearchRequest','project','10001',NULL,1);
/*!40000 ALTER TABLE `sharepermissions` ENABLE KEYS */;
UNLOCK TABLES;

--
-- Table structure for table `tempattachmentsmonitor`
--

DROP TABLE IF EXISTS `tempattachmentsmonitor`;
/*!40101 SET @saved_cs_client     = @@character_set_client */;
/*!40101 SET character_set_client = utf8 */;
CREATE TABLE `tempattachmentsmonitor` (
  `TEMPORARY_ATTACHMENT_ID` varchar(255) COLLATE utf8mb4_bin NOT NULL,
  `FORM_TOKEN` varchar(255) COLLATE utf8mb4_bin DEFAULT NULL,
  `FILE_NAME` varchar(255) COLLATE utf8mb4_bin DEFAULT NULL,
  `CONTENT_TYPE` varchar(255) COLLATE utf8mb4_bin DEFAULT NULL,
  `FILE_SIZE` decimal(18,0) DEFAULT NULL,
  `CREATED_TIME` decimal(18,0) DEFAULT NULL,
  PRIMARY KEY (`TEMPORARY_ATTACHMENT_ID`),
  KEY `idx_tam_by_form_token` (`FORM_TOKEN`),
  KEY `idx_tam_by_created_time` (`CREATED_TIME`)
) ENGINE=InnoDB DEFAULT CHARSET=utf8mb4 COLLATE=utf8mb4_bin;
/*!40101 SET character_set_client = @saved_cs_client */;

--
-- Dumping data for table `tempattachmentsmonitor`
--

LOCK TABLES `tempattachmentsmonitor` WRITE;
/*!40000 ALTER TABLE `tempattachmentsmonitor` DISABLE KEYS */;
/*!40000 ALTER TABLE `tempattachmentsmonitor` ENABLE KEYS */;
UNLOCK TABLES;

--
-- Table structure for table `trackback_ping`
--

DROP TABLE IF EXISTS `trackback_ping`;
/*!40101 SET @saved_cs_client     = @@character_set_client */;
/*!40101 SET character_set_client = utf8 */;
CREATE TABLE `trackback_ping` (
  `ID` decimal(18,0) NOT NULL,
  `ISSUE` decimal(18,0) DEFAULT NULL,
  `URL` varchar(255) COLLATE utf8mb4_bin DEFAULT NULL,
  `TITLE` varchar(255) COLLATE utf8mb4_bin DEFAULT NULL,
  `BLOGNAME` varchar(255) COLLATE utf8mb4_bin DEFAULT NULL,
  `EXCERPT` varchar(255) COLLATE utf8mb4_bin DEFAULT NULL,
  `CREATED` datetime DEFAULT NULL,
  PRIMARY KEY (`ID`)
) ENGINE=InnoDB DEFAULT CHARSET=utf8mb4 COLLATE=utf8mb4_bin;
/*!40101 SET character_set_client = @saved_cs_client */;

--
-- Dumping data for table `trackback_ping`
--

LOCK TABLES `trackback_ping` WRITE;
/*!40000 ALTER TABLE `trackback_ping` DISABLE KEYS */;
/*!40000 ALTER TABLE `trackback_ping` ENABLE KEYS */;
UNLOCK TABLES;

--
-- Table structure for table `trustedapp`
--

DROP TABLE IF EXISTS `trustedapp`;
/*!40101 SET @saved_cs_client     = @@character_set_client */;
/*!40101 SET character_set_client = utf8 */;
CREATE TABLE `trustedapp` (
  `ID` decimal(18,0) NOT NULL,
  `APPLICATION_ID` varchar(255) COLLATE utf8mb4_bin DEFAULT NULL,
  `NAME` varchar(255) COLLATE utf8mb4_bin DEFAULT NULL,
  `PUBLIC_KEY` text COLLATE utf8mb4_bin,
  `IP_MATCH` text COLLATE utf8mb4_bin,
  `URL_MATCH` text COLLATE utf8mb4_bin,
  `TIMEOUT` decimal(18,0) DEFAULT NULL,
  `CREATED` datetime DEFAULT NULL,
  `CREATED_BY` varchar(255) COLLATE utf8mb4_bin DEFAULT NULL,
  `UPDATED` datetime DEFAULT NULL,
  `UPDATED_BY` varchar(255) COLLATE utf8mb4_bin DEFAULT NULL,
  PRIMARY KEY (`ID`),
  UNIQUE KEY `trustedapp_id` (`APPLICATION_ID`)
) ENGINE=InnoDB DEFAULT CHARSET=utf8mb4 COLLATE=utf8mb4_bin;
/*!40101 SET character_set_client = @saved_cs_client */;

--
-- Dumping data for table `trustedapp`
--

LOCK TABLES `trustedapp` WRITE;
/*!40000 ALTER TABLE `trustedapp` DISABLE KEYS */;
/*!40000 ALTER TABLE `trustedapp` ENABLE KEYS */;
UNLOCK TABLES;

--
-- Table structure for table `upgradehistory`
--

DROP TABLE IF EXISTS `upgradehistory`;
/*!40101 SET @saved_cs_client     = @@character_set_client */;
/*!40101 SET character_set_client = utf8 */;
CREATE TABLE `upgradehistory` (
  `ID` decimal(18,0) DEFAULT NULL,
  `UPGRADECLASS` varchar(255) COLLATE utf8mb4_bin NOT NULL,
  `TARGETBUILD` varchar(255) COLLATE utf8mb4_bin DEFAULT NULL,
  `STATUS` varchar(255) COLLATE utf8mb4_bin DEFAULT NULL,
  `DOWNGRADETASKREQUIRED` char(1) COLLATE utf8mb4_bin DEFAULT NULL,
  PRIMARY KEY (`UPGRADECLASS`)
) ENGINE=InnoDB DEFAULT CHARSET=utf8mb4 COLLATE=utf8mb4_bin;
/*!40101 SET character_set_client = @saved_cs_client */;

--
-- Dumping data for table `upgradehistory`
--

LOCK TABLES `upgradehistory` WRITE;
/*!40000 ALTER TABLE `upgradehistory` DISABLE KEYS */;
INSERT INTO `upgradehistory` VALUES (10000,'com.atlassian.jira.upgrade.tasks.UpgradeTask_Build70100','70100','complete','Y'),(10100,'com.atlassian.jira.upgrade.tasks.UpgradeTask_Build70101','70101','complete','N'),(10101,'com.atlassian.jira.upgrade.tasks.UpgradeTask_Build70102','70102','complete','N'),(10102,'com.atlassian.jira.upgrade.tasks.UpgradeTask_Build71001','71001','complete','N'),(10103,'com.atlassian.jira.upgrade.tasks.UpgradeTask_Build72001','72001','complete','N'),(10104,'com.atlassian.jira.upgrade.tasks.UpgradeTask_Build72002','72002','complete','N'),(10105,'com.atlassian.jira.upgrade.tasks.UpgradeTask_Build73002','73002','complete','N');
/*!40000 ALTER TABLE `upgradehistory` ENABLE KEYS */;
UNLOCK TABLES;

--
-- Table structure for table `upgradetaskhistory`
--

DROP TABLE IF EXISTS `upgradetaskhistory`;
/*!40101 SET @saved_cs_client     = @@character_set_client */;
/*!40101 SET character_set_client = utf8 */;
CREATE TABLE `upgradetaskhistory` (
  `ID` decimal(18,0) NOT NULL,
  `UPGRADE_TASK_FACTORY_KEY` varchar(255) COLLATE utf8mb4_bin DEFAULT NULL,
  `BUILD_NUMBER` decimal(9,0) DEFAULT NULL,
  `STATUS` varchar(60) COLLATE utf8mb4_bin DEFAULT NULL,
  `UPGRADE_TYPE` varchar(10) COLLATE utf8mb4_bin DEFAULT NULL,
  PRIMARY KEY (`ID`)
) ENGINE=InnoDB DEFAULT CHARSET=utf8mb4 COLLATE=utf8mb4_bin;
/*!40101 SET character_set_client = @saved_cs_client */;

--
-- Dumping data for table `upgradetaskhistory`
--

LOCK TABLES `upgradetaskhistory` WRITE;
/*!40000 ALTER TABLE `upgradetaskhistory` DISABLE KEYS */;
INSERT INTO `upgradetaskhistory` VALUES (10000,'com.atlassian.audit.atlassian-audit-plugin',1,'COMPLETED','SERVER'),(10001,'com.atlassian.audit.atlassian-audit-plugin',2,'COMPLETED','SERVER'),(10002,'com.atlassian.jira.plugins.jira-bitbucket-connector-plugin',1,'COMPLETED','SERVER'),(10003,'com.atlassian.jira.plugins.jira-bitbucket-connector-plugin',2,'COMPLETED','SERVER'),(10004,'com.atlassian.jira.plugins.jira-development-integration-plugin',1,'COMPLETED','SERVER'),(10005,'com.atlassian.jira.plugins.jira-development-integration-plugin',2,'COMPLETED','SERVER'),(10006,'com.atlassian.jira.plugins.jira-development-integration-plugin',3,'COMPLETED','SERVER'),(10007,'com.atlassian.jira.plugins.inform.batching-plugin',1,'COMPLETED','SERVER'),(10014,'host',73010,'COMPLETED','SERVER'),(10015,'host',73011,'COMPLETED','SERVER'),(10016,'host',74002,'COMPLETED','SERVER'),(10017,'host',75002,'COMPLETED','SERVER'),(10018,'host',75003,'COMPLETED','SERVER'),(10019,'host',75004,'COMPLETED','SERVER'),(10020,'host',75005,'COMPLETED','SERVER'),(10021,'host',76001,'COMPLETED','SERVER'),(10022,'host',77001,'COMPLETED','SERVER'),(10023,'host',710001,'COMPLETED','SERVER'),(10024,'host',711001,'COMPLETED','SERVER'),(10025,'host',712001,'COMPLETED','SERVER'),(10026,'host',800000,'COMPLETED','SERVER'),(10027,'host',800003,'COMPLETED','SERVER'),(10028,'host',800004,'COMPLETED','SERVER'),(10029,'host',800005,'COMPLETED','SERVER'),(10030,'host',800006,'COMPLETED','SERVER'),(10031,'host',800007,'COMPLETED','SERVER'),(10032,'host',800009,'COMPLETED','SERVER'),(10033,'host',801000,'COMPLETED','SERVER'),(10034,'host',804000,'COMPLETED','SERVER');
/*!40000 ALTER TABLE `upgradetaskhistory` ENABLE KEYS */;
UNLOCK TABLES;

--
-- Table structure for table `upgradetaskhistoryauditlog`
--

DROP TABLE IF EXISTS `upgradetaskhistoryauditlog`;
/*!40101 SET @saved_cs_client     = @@character_set_client */;
/*!40101 SET character_set_client = utf8 */;
CREATE TABLE `upgradetaskhistoryauditlog` (
  `ID` decimal(18,0) NOT NULL,
  `UPGRADE_TASK_FACTORY_KEY` varchar(255) COLLATE utf8mb4_bin DEFAULT NULL,
  `BUILD_NUMBER` decimal(9,0) DEFAULT NULL,
  `STATUS` varchar(60) COLLATE utf8mb4_bin DEFAULT NULL,
  `UPGRADE_TYPE` varchar(10) COLLATE utf8mb4_bin DEFAULT NULL,
  `TIMEPERFORMED` datetime DEFAULT NULL,
  `ACTION` varchar(10) COLLATE utf8mb4_bin DEFAULT NULL,
  PRIMARY KEY (`ID`)
) ENGINE=InnoDB DEFAULT CHARSET=utf8mb4 COLLATE=utf8mb4_bin;
/*!40101 SET character_set_client = @saved_cs_client */;

--
-- Dumping data for table `upgradetaskhistoryauditlog`
--

LOCK TABLES `upgradetaskhistoryauditlog` WRITE;
/*!40000 ALTER TABLE `upgradetaskhistoryauditlog` DISABLE KEYS */;
INSERT INTO `upgradetaskhistoryauditlog` VALUES (10000,'com.atlassian.audit.atlassian-audit-plugin',1,'COMPLETED','SERVER','2022-08-30 02:10:15','upgrade'),(10001,'com.atlassian.audit.atlassian-audit-plugin',2,'COMPLETED','SERVER','2022-08-30 02:10:15','upgrade'),(10002,'com.atlassian.jira.plugins.jira-bitbucket-connector-plugin',1,'COMPLETED','SERVER','2022-08-30 02:10:19','upgrade'),(10003,'com.atlassian.jira.plugins.jira-bitbucket-connector-plugin',2,'COMPLETED','SERVER','2022-08-30 02:10:20','upgrade'),(10004,'com.atlassian.jira.plugins.jira-development-integration-plugin',1,'COMPLETED','SERVER','2022-08-30 02:10:20','upgrade'),(10005,'com.atlassian.jira.plugins.jira-development-integration-plugin',2,'COMPLETED','SERVER','2022-08-30 02:10:20','upgrade'),(10006,'com.atlassian.jira.plugins.jira-development-integration-plugin',3,'COMPLETED','SERVER','2022-08-30 02:10:21','upgrade'),(10007,'com.atlassian.jira.plugins.inform.batching-plugin',1,'COMPLETED','SERVER','2022-08-30 02:10:21','upgrade'),(10008,'host',70101,'COMPLETED','SERVER','2022-08-30 02:10:23','upgrade'),(10009,'host',70102,'COMPLETED','SERVER','2022-08-30 02:10:23','upgrade'),(10010,'host',71001,'COMPLETED','SERVER','2022-08-30 02:10:24','upgrade'),(10011,'host',72001,'COMPLETED','SERVER','2022-08-30 02:10:24','upgrade'),(10012,'host',72002,'COMPLETED','SERVER','2022-08-30 02:10:24','upgrade'),(10013,'host',73002,'COMPLETED','SERVER','2022-08-30 02:10:24','upgrade'),(10014,'host',73010,'COMPLETED','SERVER','2022-08-30 02:10:24','upgrade'),(10015,'host',73011,'COMPLETED','SERVER','2022-08-30 02:10:24','upgrade'),(10016,'host',74002,'COMPLETED','SERVER','2022-08-30 02:10:24','upgrade'),(10017,'host',75002,'COMPLETED','SERVER','2022-08-30 02:10:24','upgrade'),(10018,'host',75003,'COMPLETED','SERVER','2022-08-30 02:10:24','upgrade'),(10019,'host',75004,'COMPLETED','SERVER','2022-08-30 02:10:24','upgrade'),(10020,'host',75005,'COMPLETED','SERVER','2022-08-30 02:10:24','upgrade'),(10021,'host',76001,'COMPLETED','SERVER','2022-08-30 02:10:24','upgrade'),(10022,'host',77001,'COMPLETED','SERVER','2022-08-30 02:10:24','upgrade'),(10023,'host',710001,'COMPLETED','SERVER','2022-08-30 02:10:24','upgrade'),(10024,'host',711001,'COMPLETED','SERVER','2022-08-30 02:10:24','upgrade'),(10025,'host',712001,'COMPLETED','SERVER','2022-08-30 02:10:24','upgrade'),(10026,'host',800000,'COMPLETED','SERVER','2022-08-30 02:10:24','upgrade'),(10027,'host',800003,'COMPLETED','SERVER','2022-08-30 02:10:24','upgrade'),(10028,'host',800004,'COMPLETED','SERVER','2022-08-30 02:10:24','upgrade'),(10029,'host',800005,'COMPLETED','SERVER','2022-08-30 02:10:24','upgrade'),(10030,'host',800006,'COMPLETED','SERVER','2022-08-30 02:10:24','upgrade'),(10031,'host',800007,'COMPLETED','SERVER','2022-08-30 02:10:24','upgrade'),(10032,'host',800009,'COMPLETED','SERVER','2022-08-30 02:10:24','upgrade'),(10033,'host',801000,'COMPLETED','SERVER','2022-08-30 02:10:24','upgrade'),(10034,'host',804000,'COMPLETED','SERVER','2022-08-30 02:10:24','upgrade');
/*!40000 ALTER TABLE `upgradetaskhistoryauditlog` ENABLE KEYS */;
UNLOCK TABLES;

--
-- Table structure for table `upgradeversionhistory`
--

DROP TABLE IF EXISTS `upgradeversionhistory`;
/*!40101 SET @saved_cs_client     = @@character_set_client */;
/*!40101 SET character_set_client = utf8 */;
CREATE TABLE `upgradeversionhistory` (
  `ID` decimal(18,0) DEFAULT NULL,
  `TIMEPERFORMED` datetime DEFAULT NULL,
  `TARGETBUILD` varchar(255) COLLATE utf8mb4_bin NOT NULL,
  `TARGETVERSION` varchar(255) COLLATE utf8mb4_bin DEFAULT NULL,
  PRIMARY KEY (`TARGETBUILD`)
) ENGINE=InnoDB DEFAULT CHARSET=utf8mb4 COLLATE=utf8mb4_bin;
/*!40101 SET character_set_client = @saved_cs_client */;

--
-- Dumping data for table `upgradeversionhistory`
--

LOCK TABLES `upgradeversionhistory` WRITE;
/*!40000 ALTER TABLE `upgradeversionhistory` DISABLE KEYS */;
INSERT INTO `upgradeversionhistory` VALUES (10000,'2022-08-30 02:10:24','804000','8.8.1');
/*!40000 ALTER TABLE `upgradeversionhistory` ENABLE KEYS */;
UNLOCK TABLES;

--
-- Table structure for table `userassociation`
--

DROP TABLE IF EXISTS `userassociation`;
/*!40101 SET @saved_cs_client     = @@character_set_client */;
/*!40101 SET character_set_client = utf8 */;
CREATE TABLE `userassociation` (
  `SOURCE_NAME` varchar(60) COLLATE utf8mb4_bin NOT NULL,
  `SINK_NODE_ID` decimal(18,0) NOT NULL,
  `SINK_NODE_ENTITY` varchar(60) COLLATE utf8mb4_bin NOT NULL,
  `ASSOCIATION_TYPE` varchar(60) COLLATE utf8mb4_bin NOT NULL,
  `SEQUENCE` decimal(9,0) DEFAULT NULL,
  `CREATED` datetime DEFAULT NULL,
  PRIMARY KEY (`SOURCE_NAME`,`SINK_NODE_ID`,`SINK_NODE_ENTITY`,`ASSOCIATION_TYPE`),
  KEY `user_source` (`SOURCE_NAME`),
  KEY `user_sink` (`SINK_NODE_ID`,`SINK_NODE_ENTITY`)
) ENGINE=InnoDB DEFAULT CHARSET=utf8mb4 COLLATE=utf8mb4_bin;
/*!40101 SET character_set_client = @saved_cs_client */;

--
-- Dumping data for table `userassociation`
--

LOCK TABLES `userassociation` WRITE;
/*!40000 ALTER TABLE `userassociation` DISABLE KEYS */;
INSERT INTO `userassociation` VALUES ('JIRAUSER10000',10000,'Issue','WatchIssue',NULL,'2022-08-30 02:40:14'),('JIRAUSER10000',10001,'Issue','WatchIssue',NULL,'2022-09-02 08:03:26'),('JIRAUSER10000',10002,'Issue','WatchIssue',NULL,'2022-09-02 08:04:25'),('JIRAUSER10000',10003,'Issue','WatchIssue',NULL,'2022-09-02 08:05:22'),('JIRAUSER10000',10004,'Issue','WatchIssue',NULL,'2022-09-05 05:56:05'),('JIRAUSER10000',10005,'Issue','WatchIssue',NULL,'2022-09-06 05:56:56'),('JIRAUSER10000',10006,'Issue','WatchIssue',NULL,'2022-09-06 05:57:22'),('JIRAUSER10000',10007,'Issue','WatchIssue',NULL,'2022-09-08 08:01:17'),('JIRAUSER10000',10008,'Issue','WatchIssue',NULL,'2022-09-09 02:26:37'),('JIRAUSER10000',10009,'Issue','WatchIssue',NULL,'2022-09-09 07:58:10'),('JIRAUSER10000',10010,'Issue','WatchIssue',NULL,'2022-09-09 07:59:06'),('JIRAUSER10000',10011,'Issue','WatchIssue',NULL,'2022-09-13 08:41:27'),('JIRAUSER10000',10012,'Issue','WatchIssue',NULL,'2022-09-14 03:05:50'),('JIRAUSER10000',10013,'Issue','WatchIssue',NULL,'2022-09-14 05:58:38');
/*!40000 ALTER TABLE `userassociation` ENABLE KEYS */;
UNLOCK TABLES;

--
-- Table structure for table `userbase`
--

DROP TABLE IF EXISTS `userbase`;
/*!40101 SET @saved_cs_client     = @@character_set_client */;
/*!40101 SET character_set_client = utf8 */;
CREATE TABLE `userbase` (
  `ID` decimal(18,0) NOT NULL,
  `username` varchar(255) COLLATE utf8mb4_bin DEFAULT NULL,
  `PASSWORD_HASH` varchar(255) COLLATE utf8mb4_bin DEFAULT NULL,
  PRIMARY KEY (`ID`),
  KEY `osuser_name` (`username`)
) ENGINE=InnoDB DEFAULT CHARSET=utf8mb4 COLLATE=utf8mb4_bin;
/*!40101 SET character_set_client = @saved_cs_client */;

--
-- Dumping data for table `userbase`
--

LOCK TABLES `userbase` WRITE;
/*!40000 ALTER TABLE `userbase` DISABLE KEYS */;
/*!40000 ALTER TABLE `userbase` ENABLE KEYS */;
UNLOCK TABLES;

--
-- Table structure for table `userhistoryitem`
--

DROP TABLE IF EXISTS `userhistoryitem`;
/*!40101 SET @saved_cs_client     = @@character_set_client */;
/*!40101 SET character_set_client = utf8 */;
CREATE TABLE `userhistoryitem` (
  `ID` decimal(18,0) NOT NULL,
  `entitytype` varchar(10) COLLATE utf8mb4_bin DEFAULT NULL,
  `entityid` varchar(60) COLLATE utf8mb4_bin DEFAULT NULL,
  `USERNAME` varchar(255) COLLATE utf8mb4_bin DEFAULT NULL,
  `lastviewed` decimal(18,0) DEFAULT NULL,
  `data` longtext COLLATE utf8mb4_bin,
  PRIMARY KEY (`ID`),
  UNIQUE KEY `uh_type_user_entity` (`entitytype`,`USERNAME`,`entityid`)
) ENGINE=InnoDB DEFAULT CHARSET=utf8mb4 COLLATE=utf8mb4_bin;
/*!40101 SET character_set_client = @saved_cs_client */;

--
-- Dumping data for table `userhistoryitem`
--

LOCK TABLES `userhistoryitem` WRITE;
/*!40000 ALTER TABLE `userhistoryitem` DISABLE KEYS */;
INSERT INTO `userhistoryitem` VALUES (10000,'RapidView','1','JIRAUSER10000',1663165905248,'DDRFLAS board'),(10001,'Project','10000','JIRAUSER10000',1663165908332,NULL),(10002,'Issue','10000','JIRAUSER10000',1663058049774,NULL),(10003,'Assignee','JIRAUSER10000','JIRAUSER10000',1663135122386,NULL),(10004,'UsedUser','JIRAUSER10000','JIRAUSER10000',1663135122386,NULL),(10005,'Dashboard','10000','JIRAUSER10000',1663053057102,NULL),(10006,'RapidView','2','JIRAUSER10000',1663057964047,'CPUT board'),(10007,'Project','10001','JIRAUSER10000',1663059695372,NULL),(10008,'Issue','10001','JIRAUSER10000',1663058487375,NULL),(10009,'Issue','10002','JIRAUSER10000',1662710383291,NULL),(10010,'Issue','10003','JIRAUSER10000',1662710379485,NULL),(10011,'Issue','10004','JIRAUSER10000',1662443139491,NULL),(10012,'Issue','10005','JIRAUSER10000',1663058048566,NULL),(10013,'Issue','10006','JIRAUSER10000',1663058054723,NULL),(10014,'Issue','10008','JIRAUSER10000',1662690402828,NULL),(10015,'Resolution','10000','JIRAUSER10000',1663058048491,'Done'),(10016,'Issue','10007','JIRAUSER10000',1663124720940,NULL),(10017,'Issue','10009','JIRAUSER10000',1663059695372,NULL),(10018,'Issue','10010','JIRAUSER10000',1663057958863,NULL),(10019,'Dashboard','10000','JIRAUSER10100',1663054035657,NULL),(10020,'RapidView','2','JIRAUSER10100',1663053122597,'CPUT board'),(10021,'Project','10001','JIRAUSER10100',1663062302096,NULL),(10022,'RapidView','1','JIRAUSER10100',1663053113809,'DDRFLAS board'),(10023,'Project','10000','JIRAUSER10100',1663054008489,NULL),(10024,'Assignee','JIRAUSER10100','JIRAUSER10100',1663053133008,NULL),(10025,'Issue','10003','JIRAUSER10100',1663053980731,NULL),(10026,'Issue','10007','JIRAUSER10100',1663054008487,NULL),(10027,'Issue','10010','JIRAUSER10100',1663062302092,NULL),(10028,'Issue','10011','JIRAUSER10000',1663058487235,NULL),(10029,'Issue','10012','JIRAUSER10000',1663135029122,NULL),(10030,'Issue','10013','JIRAUSER10000',1663165908329,NULL);
/*!40000 ALTER TABLE `userhistoryitem` ENABLE KEYS */;
UNLOCK TABLES;

--
-- Table structure for table `userpickerfilter`
--

DROP TABLE IF EXISTS `userpickerfilter`;
/*!40101 SET @saved_cs_client     = @@character_set_client */;
/*!40101 SET character_set_client = utf8 */;
CREATE TABLE `userpickerfilter` (
  `ID` decimal(18,0) NOT NULL,
  `CUSTOMFIELD` decimal(18,0) DEFAULT NULL,
  `CUSTOMFIELDCONFIG` decimal(18,0) DEFAULT NULL,
  `enabled` varchar(60) COLLATE utf8mb4_bin DEFAULT NULL,
  PRIMARY KEY (`ID`),
  KEY `upf_customfield` (`CUSTOMFIELD`),
  KEY `upf_fieldconfigid` (`CUSTOMFIELDCONFIG`)
) ENGINE=InnoDB DEFAULT CHARSET=utf8mb4 COLLATE=utf8mb4_bin;
/*!40101 SET character_set_client = @saved_cs_client */;

--
-- Dumping data for table `userpickerfilter`
--

LOCK TABLES `userpickerfilter` WRITE;
/*!40000 ALTER TABLE `userpickerfilter` DISABLE KEYS */;
/*!40000 ALTER TABLE `userpickerfilter` ENABLE KEYS */;
UNLOCK TABLES;

--
-- Table structure for table `userpickerfiltergroup`
--

DROP TABLE IF EXISTS `userpickerfiltergroup`;
/*!40101 SET @saved_cs_client     = @@character_set_client */;
/*!40101 SET character_set_client = utf8 */;
CREATE TABLE `userpickerfiltergroup` (
  `ID` decimal(18,0) NOT NULL,
  `USERPICKERFILTER` decimal(18,0) DEFAULT NULL,
  `groupname` varchar(255) COLLATE utf8mb4_bin DEFAULT NULL,
  PRIMARY KEY (`ID`),
  KEY `cf_userpickerfiltergroup` (`USERPICKERFILTER`)
) ENGINE=InnoDB DEFAULT CHARSET=utf8mb4 COLLATE=utf8mb4_bin;
/*!40101 SET character_set_client = @saved_cs_client */;

--
-- Dumping data for table `userpickerfiltergroup`
--

LOCK TABLES `userpickerfiltergroup` WRITE;
/*!40000 ALTER TABLE `userpickerfiltergroup` DISABLE KEYS */;
/*!40000 ALTER TABLE `userpickerfiltergroup` ENABLE KEYS */;
UNLOCK TABLES;

--
-- Table structure for table `userpickerfilterrole`
--

DROP TABLE IF EXISTS `userpickerfilterrole`;
/*!40101 SET @saved_cs_client     = @@character_set_client */;
/*!40101 SET character_set_client = utf8 */;
CREATE TABLE `userpickerfilterrole` (
  `ID` decimal(18,0) NOT NULL,
  `USERPICKERFILTER` decimal(18,0) DEFAULT NULL,
  `PROJECTROLEID` decimal(18,0) DEFAULT NULL,
  PRIMARY KEY (`ID`),
  KEY `cf_userpickerfilterrole` (`USERPICKERFILTER`)
) ENGINE=InnoDB DEFAULT CHARSET=utf8mb4 COLLATE=utf8mb4_bin;
/*!40101 SET character_set_client = @saved_cs_client */;

--
-- Dumping data for table `userpickerfilterrole`
--

LOCK TABLES `userpickerfilterrole` WRITE;
/*!40000 ALTER TABLE `userpickerfilterrole` DISABLE KEYS */;
/*!40000 ALTER TABLE `userpickerfilterrole` ENABLE KEYS */;
UNLOCK TABLES;

--
-- Table structure for table `versioncontrol`
--

DROP TABLE IF EXISTS `versioncontrol`;
/*!40101 SET @saved_cs_client     = @@character_set_client */;
/*!40101 SET character_set_client = utf8 */;
CREATE TABLE `versioncontrol` (
  `ID` decimal(18,0) NOT NULL,
  `vcsname` varchar(255) COLLATE utf8mb4_bin DEFAULT NULL,
  `vcsdescription` varchar(255) COLLATE utf8mb4_bin DEFAULT NULL,
  `vcstype` varchar(255) COLLATE utf8mb4_bin DEFAULT NULL,
  PRIMARY KEY (`ID`)
) ENGINE=InnoDB DEFAULT CHARSET=utf8mb4 COLLATE=utf8mb4_bin;
/*!40101 SET character_set_client = @saved_cs_client */;

--
-- Dumping data for table `versioncontrol`
--

LOCK TABLES `versioncontrol` WRITE;
/*!40000 ALTER TABLE `versioncontrol` DISABLE KEYS */;
/*!40000 ALTER TABLE `versioncontrol` ENABLE KEYS */;
UNLOCK TABLES;

--
-- Table structure for table `votehistory`
--

DROP TABLE IF EXISTS `votehistory`;
/*!40101 SET @saved_cs_client     = @@character_set_client */;
/*!40101 SET character_set_client = utf8 */;
CREATE TABLE `votehistory` (
  `ID` decimal(18,0) NOT NULL,
  `issueid` decimal(18,0) DEFAULT NULL,
  `VOTES` decimal(18,0) DEFAULT NULL,
  `TIMESTAMP` datetime DEFAULT NULL,
  PRIMARY KEY (`ID`),
  KEY `votehistory_issue_index` (`issueid`)
) ENGINE=InnoDB DEFAULT CHARSET=utf8mb4 COLLATE=utf8mb4_bin;
/*!40101 SET character_set_client = @saved_cs_client */;

--
-- Dumping data for table `votehistory`
--

LOCK TABLES `votehistory` WRITE;
/*!40000 ALTER TABLE `votehistory` DISABLE KEYS */;
/*!40000 ALTER TABLE `votehistory` ENABLE KEYS */;
UNLOCK TABLES;

--
-- Table structure for table `workflowscheme`
--

DROP TABLE IF EXISTS `workflowscheme`;
/*!40101 SET @saved_cs_client     = @@character_set_client */;
/*!40101 SET character_set_client = utf8 */;
CREATE TABLE `workflowscheme` (
  `ID` decimal(18,0) NOT NULL,
  `NAME` varchar(255) COLLATE utf8mb4_bin DEFAULT NULL,
  `DESCRIPTION` text COLLATE utf8mb4_bin,
  PRIMARY KEY (`ID`)
) ENGINE=InnoDB DEFAULT CHARSET=utf8mb4 COLLATE=utf8mb4_bin;
/*!40101 SET character_set_client = @saved_cs_client */;

--
-- Dumping data for table `workflowscheme`
--

LOCK TABLES `workflowscheme` WRITE;
/*!40000 ALTER TABLE `workflowscheme` DISABLE KEYS */;
INSERT INTO `workflowscheme` VALUES (10000,'classic','classic'),(10100,'DDRFLAS: Software Simplified Workflow Scheme','Generated by JIRA Software version 8.8.1. This workflow scheme is managed internally by Jira Software. Do not manually modify this workflow scheme.'),(10101,'CPUT: Software Simplified Workflow Scheme','Generated by JIRA Software version 8.8.1. This workflow scheme is managed internally by Jira Software. Do not manually modify this workflow scheme.');
/*!40000 ALTER TABLE `workflowscheme` ENABLE KEYS */;
UNLOCK TABLES;

--
-- Table structure for table `workflowschemeentity`
--

DROP TABLE IF EXISTS `workflowschemeentity`;
/*!40101 SET @saved_cs_client     = @@character_set_client */;
/*!40101 SET character_set_client = utf8 */;
CREATE TABLE `workflowschemeentity` (
  `ID` decimal(18,0) NOT NULL,
  `SCHEME` decimal(18,0) DEFAULT NULL,
  `WORKFLOW` varchar(255) COLLATE utf8mb4_bin DEFAULT NULL,
  `issuetype` varchar(255) COLLATE utf8mb4_bin DEFAULT NULL,
  PRIMARY KEY (`ID`),
  KEY `workflow_scheme` (`SCHEME`)
) ENGINE=InnoDB DEFAULT CHARSET=utf8mb4 COLLATE=utf8mb4_bin;
/*!40101 SET character_set_client = @saved_cs_client */;

--
-- Dumping data for table `workflowschemeentity`
--

LOCK TABLES `workflowschemeentity` WRITE;
/*!40000 ALTER TABLE `workflowschemeentity` DISABLE KEYS */;
INSERT INTO `workflowschemeentity` VALUES (10000,10000,'classic default workflow','0'),(10100,10100,'Software Simplified Workflow for Project DDRFLAS','0'),(10101,10101,'Software Simplified Workflow for Project CPUT','0');
/*!40000 ALTER TABLE `workflowschemeentity` ENABLE KEYS */;
UNLOCK TABLES;

--
-- Table structure for table `worklog`
--

DROP TABLE IF EXISTS `worklog`;
/*!40101 SET @saved_cs_client     = @@character_set_client */;
/*!40101 SET character_set_client = utf8 */;
CREATE TABLE `worklog` (
  `ID` decimal(18,0) NOT NULL,
  `issueid` decimal(18,0) DEFAULT NULL,
  `AUTHOR` varchar(255) COLLATE utf8mb4_bin DEFAULT NULL,
  `grouplevel` varchar(255) COLLATE utf8mb4_bin DEFAULT NULL,
  `rolelevel` decimal(18,0) DEFAULT NULL,
  `worklogbody` longtext COLLATE utf8mb4_bin,
  `CREATED` datetime DEFAULT NULL,
  `UPDATEAUTHOR` varchar(255) COLLATE utf8mb4_bin DEFAULT NULL,
  `UPDATED` datetime DEFAULT NULL,
  `STARTDATE` datetime DEFAULT NULL,
  `timeworked` decimal(18,0) DEFAULT NULL,
  PRIMARY KEY (`ID`),
  KEY `worklog_issue` (`issueid`),
  KEY `worklog_author` (`AUTHOR`)
) ENGINE=InnoDB DEFAULT CHARSET=utf8mb4 COLLATE=utf8mb4_bin;
/*!40101 SET character_set_client = @saved_cs_client */;

--
-- Dumping data for table `worklog`
--

LOCK TABLES `worklog` WRITE;
/*!40000 ALTER TABLE `worklog` DISABLE KEYS */;
/*!40000 ALTER TABLE `worklog` ENABLE KEYS */;
UNLOCK TABLES;
/*!40103 SET TIME_ZONE=@OLD_TIME_ZONE */;

/*!40101 SET SQL_MODE=@OLD_SQL_MODE */;
/*!40014 SET FOREIGN_KEY_CHECKS=@OLD_FOREIGN_KEY_CHECKS */;
/*!40014 SET UNIQUE_CHECKS=@OLD_UNIQUE_CHECKS */;
/*!40101 SET CHARACTER_SET_CLIENT=@OLD_CHARACTER_SET_CLIENT */;
/*!40101 SET CHARACTER_SET_RESULTS=@OLD_CHARACTER_SET_RESULTS */;
/*!40101 SET COLLATION_CONNECTION=@OLD_COLLATION_CONNECTION */;
/*!40111 SET SQL_NOTES=@OLD_SQL_NOTES */;

-- Dump completed on 2022-12-14  9:37:16
